원본대표파일,세트,프롬프트번호,버전수,선택한BestTake,배정챕터,새파일명,상태
001_Cinematic-progressive-line-reveal-animation-on-a-s (1).mp4,"1,2차완성본",001,3,001_Cinematic-progressive-line-reveal-animation-on-a-s.mp4,ch11,ch11_04.mp4,옮김완료
002_Cinematic-progressive-line-reveal-animation-on-a-s (1).mp4,"1,2차완성본",002,3,002_Cinematic-progressive-line-reveal-animation-on-a-s.mp4,ch11,ch11_05.mp4,옮김완료
003_Cinematic-progressive-line-reveal-animation-on-a-s (1).mp4,"1,2차완성본",003,3,003_Cinematic-progressive-line-reveal-animation-on-a-s.mp4,ch11,ch11_06.mp4,옮김완료
004_Cinematic-progressive-line-reveal-animation-on-a-s (1).mp4,"1,2차완성본",004,3,004_Cinematic-progressive-line-reveal-animation-on-a-s.mp4,ch11,ch11_07.mp4,옮김완료
005_Cinematic-progressive-line-reveal-animation-on-a-s (1).mp4,"1,2차완성본",005,2,005_Cinematic-progressive-line-reveal-animation-on-a-s.mp4,ch11,ch11_08.mp4,옮김완료
006_Cinematic-progressive-line-reveal-animation-on-a-s (1).mp4,"1,2차완성본",006,2,006_Cinematic-progressive-line-reveal-animation-on-a-s.mp4,ch11,ch11_09.mp4,옮김완료
007_Cinematic-progressive-line-reveal-animation-on-a-s.mp4,"1,2차완성본",007,1,007_Cinematic-progressive-line-reveal-animation-on-a-s.mp4,ch11,ch11_10.mp4,옮김완료
008_Cinematic-progressive-line-reveal-animation-on-a-s.mp4,"1,2차완성본",008,1,008_Cinematic-progressive-line-reveal-animation-on-a-s.mp4,ch11,ch11_11.mp4,옮김완료
009_Cinematic-progressive-line-reveal-animation-on-a-s.mp4,"1,2차완성본",009,1,009_Cinematic-progressive-line-reveal-animation-on-a-s.mp4,ch11,ch11_12.mp4,옮김완료
010_Cinematic-progressive-line-reveal-animation-on-a-s.mp4,"1,2차완성본",010,1,010_Cinematic-progressive-line-reveal-animation-on-a-s.mp4,ch11,ch11_13.mp4,옮김완료
001_Progressive-hand-drawn-picture-dictionary-animatio (1).mp4,9차완성본_Set10_서재도구,001,2,001_Progressive-hand-drawn-picture-dictionary-animatio.mp4,ch4,ch4_14.mp4,옮김완료
002_Progressive-hand-drawn-picture-dictionary-animatio (1).mp4,9차완성본_Set10_서재도구,002,2,002_Progressive-hand-drawn-picture-dictionary-animatio (1).mp4,ch4,ch4_15.mp4,옮김완료
003_Progressive-hand-drawn-picture-dictionary-animatio (1).mp4,9차완성본_Set10_서재도구,003,2,003_Progressive-hand-drawn-picture-dictionary-animatio (1).mp4,ch4,ch4_16.mp4,옮김완료
004_Progressive-hand-drawn-picture-dictionary-animatio (1).mp4,9차완성본_Set10_서재도구,004,2,004_Progressive-hand-drawn-picture-dictionary-animatio.mp4,ch4,ch4_17.mp4,옮김완료
005_Progressive-hand-drawn-picture-dictionary-animatio (1).mp4,9차완성본_Set10_서재도구,005,2,005_Progressive-hand-drawn-picture-dictionary-animatio (1).mp4,ch4,ch4_18.mp4,옮김완료
006_Progressive-hand-drawn-picture-dictionary-animatio (1).mp4,9차완성본_Set10_서재도구,006,2,006_Progressive-hand-drawn-picture-dictionary-animatio (1).mp4,ch4,ch4_19.mp4,옮김완료
007_Progressive-hand-drawn-picture-dictionary-animatio (1).mp4,9차완성본_Set10_서재도구,007,2,007_Progressive-hand-drawn-picture-dictionary-animatio.mp4,ch4,ch4_20.mp4,옮김완료
008_Progressive-hand-drawn-picture-dictionary-animatio (1).mp4,9차완성본_Set10_서재도구,008,2,008_Progressive-hand-drawn-picture-dictionary-animatio.mp4,ch4,ch4_21.mp4,옮김완료
009_Progressive-hand-drawn-picture-dictionary-animatio (1).mp4,9차완성본_Set10_서재도구,009,2,009_Progressive-hand-drawn-picture-dictionary-animatio (1).mp4,ch4,ch4_22.mp4,옮김완료
010_Progressive-hand-drawn-picture-dictionary-animatio (1).mp4,9차완성본_Set10_서재도구,010,2,010_Progressive-hand-drawn-picture-dictionary-animatio.mp4,ch4,ch4_23.mp4,옮김완료
001_Cinematic-progressive-line-reveal-animation-on-a-s (3).mp4,3차완성본,001,1,001_Cinematic-progressive-line-reveal-animation-on-a-s (3).mp4,ch5,ch5_06.mp4,옮김완료
002_Cinematic-progressive-line-reveal-animation-on-a-s (3).mp4,3차완성본,002,1,002_Cinematic-progressive-line-reveal-animation-on-a-s (3).mp4,ch5,ch5_07.mp4,옮김완료
003_Cinematic-progressive-line-reveal-animation-on-a-s (3).mp4,3차완성본,003,1,003_Cinematic-progressive-line-reveal-animation-on-a-s (3).mp4,ch5,ch5_08.mp4,옮김완료
004_Cinematic-progressive-line-reveal-animation-on-a-s.mp4,3차완성본,004,1,004_Cinematic-progressive-line-reveal-animation-on-a-s.mp4,ch5,ch5_09.mp4,옮김완료
005_Cinematic-progressive-line-reveal-animation-on-a-s.mp4,3차완성본,005,1,005_Cinematic-progressive-line-reveal-animation-on-a-s.mp4,ch5,ch5_10.mp4,옮김완료
006_Cinematic-progressive-line-reveal-animation-on-a-s.mp4,3차완성본,006,1,006_Cinematic-progressive-line-reveal-animation-on-a-s.mp4,ch5,ch5_11.mp4,옮김완료
007_Cinematic-progressive-line-reveal-animation-on-a-s.mp4,3차완성본,007,1,007_Cinematic-progressive-line-reveal-animation-on-a-s.mp4,ch5,ch5_12.mp4,옮김완료
008_Cinematic-progressive-line-reveal-animation-on-a-s.mp4,3차완성본,008,1,008_Cinematic-progressive-line-reveal-animation-on-a-s.mp4,ch5,ch5_13.mp4,옮김완료
009_Cinematic-progressive-line-reveal-animation-on-a-s.mp4,3차완성본,009,1,009_Cinematic-progressive-line-reveal-animation-on-a-s.mp4,ch5,ch5_14.mp4,옮김완료
010_Cinematic-progressive-line-reveal-animation-on-a-s.mp4,3차완성본,010,1,010_Cinematic-progressive-line-reveal-animation-on-a-s.mp4,ch5,ch5_15.mp4,옮김완료
School_bus_line-reveal_animation_202608251239.mp4,3차완성본,011,1,School_bus_line-reveal_animation_202608251239.mp4,ch5,ch5_16.mp4,옮김완료
001_Progressive-detailed-fine-pencil-construction-tran (1).mp4,11차완성본_Set12_음악소리,001,3,001_Progressive-detailed-fine-pencil-construction-tran (1).mp4,ch9,ch9_02.mp4,옮김완료
002_Progressive-detailed-fine-pencil-construction-tran (1).mp4,11차완성본_Set12_음악소리,002,3,002_Progressive-detailed-fine-pencil-construction-tran (2).mp4,ch9,ch9_03.mp4,옮김완료
003_Progressive-detailed-fine-pencil-construction-tran (1).mp4,11차완성본_Set12_음악소리,003,3,003_Progressive-detailed-fine-pencil-construction-tran (2).mp4,ch9,ch9_04.mp4,옮김완료
004_Progressive-detailed-fine-pencil-construction-tran (1).mp4,11차완성본_Set12_음악소리,004,3,004_Progressive-detailed-fine-pencil-construction-tran (2).mp4,ch9,ch9_05.mp4,옮김완료
005_Progressive-detailed-fine-pencil-construction-tran (1).mp4,11차완성본_Set12_음악소리,005,3,005_Progressive-detailed-fine-pencil-construction-tran (2).mp4,ch9,ch9_06.mp4,옮김완료
001_Cinematic-progressive-line-reveal-animation-on-a-s (1).mp4,4차완성본,001,2,001_Cinematic-progressive-line-reveal-animation-on-a-s.mp4,ch12,ch12_05.mp4,옮김완료
002_Cinematic-progressive-line-reveal-animation-on-a-s (1).mp4,4차완성본,002,2,002_Cinematic-progressive-line-reveal-animation-on-a-s.mp4,ch12,ch12_06.mp4,옮김완료
003_Cinematic-progressive-line-reveal-animation-on-a-s (1).mp4,4차완성본,003,2,003_Cinematic-progressive-line-reveal-animation-on-a-s.mp4,ch12,ch12_07.mp4,옮김완료
004_Cinematic-progressive-line-reveal-animation-on-a-s (1).mp4,4차완성본,004,2,004_Cinematic-progressive-line-reveal-animation-on-a-s.mp4,ch12,ch12_08.mp4,옮김완료
005_Cinematic-progressive-line-reveal-animation-on-a-s (1).mp4,4차완성본,005,2,005_Cinematic-progressive-line-reveal-animation-on-a-s.mp4,ch12,ch12_09.mp4,옮김완료
006_Progressive-detailed-fine-pencil-construction-tran (1).mp4,11차완성본_Set12_음악소리,006,3,006_Progressive-detailed-fine-pencil-construction-tran (2).mp4,ch9,ch9_07.mp4,옮김완료
007_Progressive-detailed-fine-pencil-construction-tran (1).mp4,11차완성본_Set12_음악소리,007,3,007_Progressive-detailed-fine-pencil-construction-tran (2).mp4,ch9,ch9_08.mp4,옮김완료
008_Progressive-detailed-fine-pencil-construction-tran (1).mp4,11차완성본_Set12_음악소리,008,3,008_Progressive-detailed-fine-pencil-construction-tran (2).mp4,ch9,ch9_09.mp4,옮김완료
009_Progressive-detailed-fine-pencil-construction-tran (1).mp4,11차완성본_Set12_음악소리,009,3,009_Progressive-detailed-fine-pencil-construction-tran (2).mp4,ch9,ch9_10.mp4,옮김완료
010_Progressive-detailed-fine-pencil-construction-tran (1).mp4,11차완성본_Set12_음악소리,010,3,010_Progressive-detailed-fine-pencil-construction-tran.mp4,ch9,ch9_11.mp4,옮김완료
001_Cinematic-progressive-line-reveal-animation-on-a-s.mp4,5차완성본_Set06_정원원예,001,1,001_Cinematic-progressive-line-reveal-animation-on-a-s.mp4,ch3,ch3_11.mp4,옮김완료
002_Cinematic-progressive-line-reveal-animation-on-a-s.mp4,5차완성본_Set06_정원원예,002,1,002_Cinematic-progressive-line-reveal-animation-on-a-s.mp4,ch3,ch3_12.mp4,옮김완료
003_Cinematic-progressive-line-reveal-animation-on-a-s.mp4,5차완성본_Set06_정원원예,003,1,003_Cinematic-progressive-line-reveal-animation-on-a-s.mp4,ch3,ch3_13.mp4,옮김완료
004_Cinematic-progressive-line-reveal-animation-on-a-s.mp4,5차완성본_Set06_정원원예,004,1,004_Cinematic-progressive-line-reveal-animation-on-a-s.mp4,ch3,ch3_14.mp4,옮김완료
005_Cinematic-progressive-line-reveal-animation-on-a-s.mp4,5차완성본_Set06_정원원예,005,1,005_Cinematic-progressive-line-reveal-animation-on-a-s.mp4,ch3,ch3_15.mp4,옮김완료
006_Cinematic-progressive-line-reveal-animation-on-a-s.mp4,5차완성본_Set06_정원원예,006,1,006_Cinematic-progressive-line-reveal-animation-on-a-s.mp4,ch3,ch3_16.mp4,옮김완료
007_Cinematic-progressive-line-reveal-animation-on-a-s.mp4,5차완성본_Set06_정원원예,007,1,007_Cinematic-progressive-line-reveal-animation-on-a-s.mp4,ch3,ch3_17.mp4,옮김완료
008_Cinematic-progressive-line-reveal-animation-on-a-s.mp4,5차완성본_Set06_정원원예,008,1,008_Cinematic-progressive-line-reveal-animation-on-a-s.mp4,ch3,ch3_18.mp4,옮김완료
009_Cinematic-progressive-line-reveal-animation-on-a-s.mp4,5차완성본_Set06_정원원예,009,1,009_Cinematic-progressive-line-reveal-animation-on-a-s.mp4,ch3,ch3_19.mp4,옮김완료
010_Cinematic-progressive-line-reveal-animation-on-a-s.mp4,5차완성본_Set06_정원원예,010,1,010_Cinematic-progressive-line-reveal-animation-on-a-s.mp4,ch3,ch3_20.mp4,옮김완료
001_Cinematic-progressive-line-reveal-animation-on-a-s.mp4,8차완성본_Set09_조류곤충생태,001,1,001_Cinematic-progressive-line-reveal-animation-on-a-s.mp4,ch2,ch2_14.mp4,옮김완료
002_Cinematic-progressive-line-reveal-animation-on-a-s.mp4,8차완성본_Set09_조류곤충생태,002,1,002_Cinematic-progressive-line-reveal-animation-on-a-s.mp4,ch2,ch2_15.mp4,옮김완료
003_Cinematic-progressive-line-reveal-animation-on-a-s.mp4,8차완성본_Set09_조류곤충생태,003,1,003_Cinematic-progressive-line-reveal-animation-on-a-s.mp4,ch2,ch2_16.mp4,옮김완료
004_Cinematic-progressive-line-reveal-animation-on-a-s.mp4,8차완성본_Set09_조류곤충생태,004,1,004_Cinematic-progressive-line-reveal-animation-on-a-s.mp4,ch2,ch2_17.mp4,옮김완료
005_Cinematic-progressive-line-reveal-animation-on-a-s.mp4,8차완성본_Set09_조류곤충생태,005,1,005_Cinematic-progressive-line-reveal-animation-on-a-s.mp4,ch2,ch2_18.mp4,옮김완료
006_Cinematic-progressive-line-reveal-animation-on-a-s.mp4,8차완성본_Set09_조류곤충생태,006,1,006_Cinematic-progressive-line-reveal-animation-on-a-s.mp4,ch2,ch2_19.mp4,옮김완료
007_Cinematic-progressive-line-reveal-animation-on-a-s.mp4,8차완성본_Set09_조류곤충생태,007,1,007_Cinematic-progressive-line-reveal-animation-on-a-s.mp4,ch2,ch2_20.mp4,옮김완료
008_Cinematic-progressive-line-reveal-animation-on-a-s.mp4,8차완성본_Set09_조류곤충생태,008,1,008_Cinematic-progressive-line-reveal-animation-on-a-s.mp4,ch2,ch2_21.mp4,옮김완료
009_Cinematic-progressive-line-reveal-animation-on-a-s.mp4,8차완성본_Set09_조류곤충생태,009,1,009_Cinematic-progressive-line-reveal-animation-on-a-s.mp4,ch2,ch2_22.mp4,옮김완료
010_Cinematic-progressive-line-reveal-animation-on-a-s.mp4,8차완성본_Set09_조류곤충생태,010,1,010_Cinematic-progressive-line-reveal-animation-on-a-s.mp4,ch2,ch2_23.mp4,옮김완료
001_Cinematic-progressive-line-reveal-animation-on-a-s.mp4,6차완성본_Set07_미술공예,001,1,001_Cinematic-progressive-line-reveal-animation-on-a-s.mp4,ch4,ch4_04.mp4,옮김완료
002_Cinematic-progressive-line-reveal-animation-on-a-s.mp4,6차완성본_Set07_미술공예,002,1,002_Cinematic-progressive-line-reveal-animation-on-a-s.mp4,ch4,ch4_05.mp4,옮김완료
003_Cinematic-progressive-line-reveal-animation-on-a-s.mp4,6차완성본_Set07_미술공예,003,1,003_Cinematic-progressive-line-reveal-animation-on-a-s.mp4,ch4,ch4_06.mp4,옮김완료
004_Cinematic-progressive-line-reveal-animation-on-a-s.mp4,6차완성본_Set07_미술공예,004,1,004_Cinematic-progressive-line-reveal-animation-on-a-s.mp4,ch4,ch4_07.mp4,옮김완료
005_Cinematic-progressive-line-reveal-animation-on-a-s.mp4,6차완성본_Set07_미술공예,005,1,005_Cinematic-progressive-line-reveal-animation-on-a-s.mp4,ch4,ch4_08.mp4,옮김완료
006_Cinematic-progressive-line-reveal-animation-on-a-s.mp4,6차완성본_Set07_미술공예,006,1,006_Cinematic-progressive-line-reveal-animation-on-a-s.mp4,ch4,ch4_09.mp4,옮김완료
007_Cinematic-progressive-line-reveal-animation-on-a-s.mp4,6차완성본_Set07_미술공예,007,1,007_Cinematic-progressive-line-reveal-animation-on-a-s.mp4,ch4,ch4_10.mp4,옮김완료
008_Cinematic-progressive-line-reveal-animation-on-a-s.mp4,6차완성본_Set07_미술공예,008,1,008_Cinematic-progressive-line-reveal-animation-on-a-s.mp4,ch4,ch4_11.mp4,옮김완료
009_Cinematic-progressive-line-reveal-animation-on-a-s.mp4,6차완성본_Set07_미술공예,009,1,009_Cinematic-progressive-line-reveal-animation-on-a-s.mp4,ch4,ch4_12.mp4,옮김완료
010_Cinematic-progressive-line-reveal-animation-on-a-s.mp4,6차완성본_Set07_미술공예,010,1,010_Cinematic-progressive-line-reveal-animation-on-a-s.mp4,ch4,ch4_13.mp4,옮김완료
006_Cinematic-progressive-line-reveal-animation-on-a-s (1).mp4,4차완성본,006,2,006_Cinematic-progressive-line-reveal-animation-on-a-s.mp4,ch6,ch6_07.mp4,옮김완료
007_Cinematic-progressive-line-reveal-animation-on-a-s (1).mp4,4차완성본,007,2,007_Cinematic-progressive-line-reveal-animation-on-a-s (1).mp4,ch6,ch6_08.mp4,옮김완료
008_Cinematic-progressive-line-reveal-animation-on-a-s (1).mp4,4차완성본,008,2,008_Cinematic-progressive-line-reveal-animation-on-a-s.mp4,ch6,ch6_09.mp4,옮김완료
009_Cinematic-progressive-line-reveal-animation-on-a-s (1).mp4,4차완성본,009,2,009_Cinematic-progressive-line-reveal-animation-on-a-s.mp4,ch6,ch6_10.mp4,옮김완료
010_Cinematic-progressive-line-reveal-animation-on-a-s (1).mp4,4차완성본,010,2,010_Cinematic-progressive-line-reveal-animation-on-a-s.mp4,ch6,ch6_11.mp4,옮김완료
001_Cinematic-progressive-line-reveal-animation-on-a-s.mp4,7차완성본_Set08_사계절날씨,001,1,001_Cinematic-progressive-line-reveal-animation-on-a-s.mp4,ch10,ch10_05.mp4,옮김완료
002_Cinematic-progressive-line-reveal-animation-on-a-s.mp4,7차완성본_Set08_사계절날씨,002,1,002_Cinematic-progressive-line-reveal-animation-on-a-s.mp4,ch10,ch10_06.mp4,옮김완료
003_Cinematic-progressive-line-reveal-animation-on-a-s.mp4,7차완성본_Set08_사계절날씨,003,1,003_Cinematic-progressive-line-reveal-animation-on-a-s.mp4,ch10,ch10_07.mp4,옮김완료
004_Cinematic-progressive-line-reveal-animation-on-a-s.mp4,7차완성본_Set08_사계절날씨,004,1,004_Cinematic-progressive-line-reveal-animation-on-a-s.mp4,ch10,ch10_08.mp4,옮김완료
005_Cinematic-progressive-line-reveal-animation-on-a-s.mp4,7차완성본_Set08_사계절날씨,005,1,005_Cinematic-progressive-line-reveal-animation-on-a-s.mp4,ch10,ch10_09.mp4,옮김완료
006_Cinematic-progressive-line-reveal-animation-on-a-s.mp4,7차완성본_Set08_사계절날씨,006,1,006_Cinematic-progressive-line-reveal-animation-on-a-s.mp4,ch10,ch10_10.mp4,옮김완료
007_Cinematic-progressive-line-reveal-animation-on-a-s.mp4,7차완성본_Set08_사계절날씨,007,1,007_Cinematic-progressive-line-reveal-animation-on-a-s.mp4,ch10,ch10_11.mp4,옮김완료
008_Cinematic-progressive-line-reveal-animation-on-a-s.mp4,7차완성본_Set08_사계절날씨,008,1,008_Cinematic-progressive-line-reveal-animation-on-a-s.mp4,ch10,ch10_12.mp4,옮김완료
009_Cinematic-progressive-line-reveal-animation-on-a-s.mp4,7차완성본_Set08_사계절날씨,009,1,009_Cinematic-progressive-line-reveal-animation-on-a-s.mp4,ch10,ch10_13.mp4,옮김완료
010_Cinematic-progressive-line-reveal-animation-on-a-s.mp4,7차완성본_Set08_사계절날씨,010,1,010_Cinematic-progressive-line-reveal-animation-on-a-s.mp4,ch10,ch10_14.mp4,옮김완료
