단어,뜻,출처,레벨,쓰이는장면
tower,탑,기존,레벨1,빛을 보내는 등대
island,섬,기존,레벨1,빛을 보내는 등대
shine,빛나다,기존,레벨1,빛을 보내는 등대
warn,경고하다,기존,레벨2,빛을 보내는 등대
cliff,절벽,기존,레벨2,빛을 보내는 등대
shore,물가,기존,레벨1,빛을 보내는 등대
guide,길잡이,기존,레벨2,빛을 보내는 등대
flash,번쩍임,기존,레벨2,빛을 보내는 등대
sail,돛,기존,레벨2,바람을 타는 범선
deck,갑판,기존,레벨2,바람을 타는 범선
rope,밧줄,기존,레벨1,바람을 타는 범선
flag,깃발,기존,레벨1,바람을 타는 범선
journey,여정,기존,레벨1,바람을 타는 범선
row,노를 젓다,기존,레벨1,바람을 타는 범선
port,항구,기존,레벨2,바람을 타는 범선
navy,해군,기존,레벨2,바람을 타는 범선
calm,고요한,기존,레벨2,돌고래가 따라오는 배
distance,먼 거리,기존,레벨2,돌고래가 따라오는 배
dolphin,돌고래,기존,레벨2,돌고래가 따라오는 배
leap,도약하다,기존,레벨2,돌고래가 따라오는 배
follow,따라오다,기존,레벨1,돌고래가 따라오는 배
float,떠 있다,기존,레벨1,돌고래가 따라오는 배
reflect,비추다,기존,레벨1,돌고래가 따라오는 배
silver,은빛,기존,레벨1,돌고래가 따라오는 배
whale,고래,기존,레벨2,고래와 깊은 바다
wave,파도,기존,레벨1,고래와 깊은 바다
rise,솟아오르다,기존,레벨2,고래와 깊은 바다
surface,수면,기존,레벨2,고래와 깊은 바다
ocean,대양,기존,레벨2,고래와 깊은 바다
dive,잠수하다,기존,레벨2,고래와 깊은 바다
spray,물보라,기존,레벨2,고래와 깊은 바다
bubble,거품,기존,레벨2,고래와 깊은 바다
shadow,그늘,기존,레벨1,깊은 바다의 산호 협곡
shell,껍질,기존,레벨1,깊은 바다의 산호 협곡
seal,바다표범,기존,레벨2,깊은 바다의 산호 협곡
tide,조수,기존,레벨2,깊은 바다의 산호 협곡
current,물살·해류,기존,레벨2,깊은 바다의 산호 협곡
sink,가라앉다,기존,레벨1,깊은 바다의 산호 협곡
cage,새장,기존,레벨2,깊은 바다의 산호 협곡
stream,흐름,기존,레벨2,깊은 바다의 산호 협곡
adventure,모험,기존,레벨1,곶을 돌아 열리는 만
bay,만,기존,레벨1,곶을 돌아 열리는 만
cape,곶,기존,레벨2,곶을 돌아 열리는 만
channel,물길,기존,레벨2,곶을 돌아 열리는 만
coast,해안,기존,레벨1,곶을 돌아 열리는 만
flood,밀려들다,기존,레벨1,곶을 돌아 열리는 만
flow,흐르다,기존,레벨2,곶을 돌아 열리는 만
pool,웅덩이,기존,레벨1,곶을 돌아 열리는 만
dawn,새벽,기존,레벨2,새벽 언덕의 양떼
mount,산,기존,레벨2,새벽 언덕의 양떼
path,오솔길,기존,레벨1,새벽 언덕의 양떼
lawn,잔디밭,기존,레벨2,새벽 언덕의 양떼
sheep,양,기존,레벨1,새벽 언덕의 양떼
lamb,새끼 양,기존,레벨2,새벽 언덕의 양떼
wool,양털,기존,레벨1,새벽 언덕의 양떼
oak,참나무,기존,레벨1,참나무 한 그루
trunk,줄기,기존,레벨2,참나무 한 그루
branch,가지,기존,레벨1,참나무 한 그루
leaf,잎,기존,레벨1,참나무 한 그루
root,뿌리,기존,레벨1,참나무 한 그루
seed,씨앗,기존,레벨1,참나무 한 그루
bark,나무껍질,기존,레벨2,참나무 한 그루
bush,덤불,기존,레벨1,참나무 한 그루
giraffe,기린,기존,레벨2,사바나의 기린과 얼룩말
zebra,얼룩말,기존,레벨2,사바나의 기린과 얼룩말
wild,야생의,기존,레벨1,사바나의 기린과 얼룩말
desert,사막,기존,레벨1,사바나의 기린과 얼룩말
dust,먼지,기존,레벨1,사바나의 기린과 얼룩말
soil,흙,기존,레벨2,사바나의 기린과 얼룩말
pile,더미,기존,레벨1,사바나의 기린과 얼룩말
edge,조각칼의 날,기존,레벨2,사바나의 기린과 얼룩말
noon,정오,기존,레벨1,사바나의 기린과 얼룩말
bloom,피다,기존,레벨1,꽃 피는 덤불과 벌레
ant,개미,기존,레벨2,꽃 피는 덤불과 벌레
bug,벌레,기존,레벨1,꽃 피는 덤불과 벌레
wing,날개,기존,레벨2,꽃 피는 덤불과 벌레
nest,둥지,기존,레벨1,꽃 피는 덤불과 벌레
feed,먹이다,기존,레벨1,꽃 피는 덤불과 벌레
spot,점,기존,레벨1,꽃 피는 덤불과 벌레
plant,식물,기존,레벨1,꽃 피는 덤불과 벌레
frog,개구리,기존,레벨1,늪가의 개구리
mud,진흙,기존,레벨2,늪가의 개구리
hole,구멍,기존,레벨1,늪가의 개구리
dirt,흙,기존,레벨2,늪가의 개구리
log,통나무,기존,레벨2,늪가의 개구리
snake,뱀,기존,레벨1,늪가의 개구리
rat,쥐,기존,레벨1,늪가의 개구리
shade,그늘,기존,레벨1,늪가의 개구리
countryside,시골,기존,레벨1,시골길과 열기구
lane,좁은 길,기존,레벨1,시골길과 열기구
route,운행 노선,기존,레벨2,시골길과 열기구
highway,큰길·고속도로,기존,레벨1,시골길과 열기구
pole,회전축 기둥,기존,레벨2,시골길과 열기구
balloon,열기구,기존,레벨1,시골길과 열기구
square,네모,기존,레벨1,시골길과 열기구
pine,소나무,기존,레벨2,시골길과 열기구
captain,선장,신규,레벨1,부두의 진급식
chief,우두머리,신규,레벨2,부두의 진급식
military,군대의,신규,레벨1,부두의 진급식
officer,장교,기존,레벨1,부두의 진급식
soldier,군인,기존,레벨1,부두의 진급식
promote,승진시키다,신규,레벨2,부두의 진급식
boss,상사,신규,레벨1,채용을 결정하는 회의실
chairman,의장,신규,레벨1,채용을 결정하는 회의실
client,고객,신규,레벨2,채용을 결정하는 회의실
employ,일을 시키다,기존,레벨2,채용을 결정하는 회의실
hire,사람을 쓰다,기존,레벨2,채용을 결정하는 회의실
secretary,비서,기존,레벨1,채용을 결정하는 회의실
agent,대리인,기존,레벨1,무료 법률상담 사무소
clerk,직원,신규,레벨1,무료 법률상담 사무소
firm,단단한,기존,레벨2,무료 법률상담 사무소
lawyer,변호사,신규,레벨1,무료 법률상담 사무소
volunteer,자원하는 사람,기존,레벨2,무료 법률상담 사무소
engineer,기술자,신규,레벨1,강철 부품 생산선
factory,공장,기존,레벨1,강철 부품 생산선
industry,산업,신규,레벨2,강철 부품 생산선
labor,노동,신규,레벨2,강철 부품 생산선
manufacture,제조하다,신규,레벨2,강철 부품 생산선
mill,방앗간,신규,레벨2,강철 부품 생산선
career,경력,신규,레벨2,치과 재료 연구실
dentist,치과 의사,기존,레벨1,치과 재료 연구실
expert,전문가,기존,레벨1,치과 재료 연구실
lab,실험실,신규,레벨2,치과 재료 연구실
laboratory,실험실,신규,레벨2,치과 재료 연구실
profession,직업,신규,레벨2,치과 재료 연구실
coach,지도자,기존,레벨1,시 낭독 리허설
guard,경비병,기존,레벨1,시 낭독 리허설
guest,손님,신규,레벨1,시 낭독 리허설
master,달인,기존,레벨2,시 낭독 리허설
poet,시인,신규,레벨2,시 낭독 리허설
blind,눈먼,신규,레벨2,어둠 속 감각실험
brain,뇌,신규,레벨1,어둠 속 감각실험
cheek,볼,기존,레벨1,어둠 속 감각실험
glance,흘긋 보다,기존,레벨2,어둠 속 감각실험
hear,소리에 귀 기울이다,기존,레벨1,어둠 속 감각실험
nerve,그물망 날개맥,기존,레벨2,어둠 속 감각실험
sight,시야,기존,레벨1,어둠 속 감각실험
stare,응시하다,기존,레벨2,어둠 속 감각실험
tear,눈물,신규,레벨1,어둠 속 감각실험
breast,가슴 깃털,기존,레벨2,숨과 목의 단면
breath,숨,신규,레벨2,숨과 목의 단면
breathe,숨 쉬다,기존,레벨1,숨과 목의 단면
cell,등껍질 조직,기존,레벨2,숨과 목의 단면
chest,단단한 가슴,기존,레벨1,숨과 목의 단면
cough,기침,기존,레벨2,숨과 목의 단면
shoulder,어깨,기존,레벨1,숨과 목의 단면
throat,목구멍,신규,레벨2,숨과 목의 단면
tongue,혀,기존,레벨2,숨과 목의 단면
chew,씹다,기존,레벨2,몸의 움직임과 식사
height,높이,기존,레벨2,몸의 움직임과 식사
jaw,턱,기존,레벨2,몸의 움직임과 식사
knee,무릎,신규,레벨1,몸의 움직임과 식사
muscle,꼬리 마디,기존,레벨2,몸의 움직임과 식사
nail,발톱 끝,기존,레벨2,몸의 움직임과 식사
stomach,배,기존,레벨1,몸의 움직임과 식사
swallow,제비,기존,레벨1,몸의 움직임과 식사
toe,배다리 발끝,기존,레벨1,몸의 움직임과 식사
blonde,금발,기존,레벨1,의상실의 맞춤 준비
cotton,면,기존,레벨2,의상실의 맞춤 준비
curl,감기다,기존,레벨2,의상실의 맞춤 준비
glove,장갑,기존,레벨1,의상실의 맞춤 준비
mask,마스크,기존,레벨2,의상실의 맞춤 준비
scarf,목도리,기존,레벨1,의상실의 맞춤 준비
sweater,스웨터,기존,레벨1,의상실의 맞춤 준비
uniform,제복,기존,레벨1,의상실의 맞춤 준비
bare,드러난,기존,레벨2,출근 전 옷매무새
fit,맞다,기존,레벨1,출근 전 옷매무새
jeans,청바지,기존,레벨1,출근 전 옷매무새
pocket,주머니,기존,레벨1,출근 전 옷매무새
shave,면도하다,기존,레벨2,출근 전 옷매무새
suit,정장,기존,레벨1,출근 전 옷매무새
automatic,자동의,신규,레벨1,자동 전력 제어판
battery,전지·배터리,기존,레벨1,자동 전력 제어판
disc,둥근 판,기존,레벨1,자동 전력 제어판
electric,electric·학습,기존,레벨1,자동 전력 제어판
monitor,화면,신규,레벨2,자동 전력 제어판
pump,펌프,신규,레벨2,자동 전력 제어판
switch,스위치,신규,레벨2,자동 전력 제어판
technology,기술,신규,레벨1,자동 전력 제어판
coal,석탄,신규,레벨2,압연기의 힘
force,밀어붙이는 힘,기존,레벨1,압연기의 힘
glue,glue·음악,기존,레벨1,압연기의 힘
machine,재봉틀·기계,기존,레벨1,압연기의 힘
metal,황동 링 금속,기존,레벨1,압연기의 힘
principle,원칙,기존,레벨2,압연기의 힘
steel,강철 본체,기존,레벨2,압연기의 힘
tool,연장,기존,레벨1,압연기의 힘
click,딸깍 누르다,신규,레벨1,부품 식별 작업대
code,암호,신규,레벨1,부품 식별 작업대
element,원소,기존,레벨2,부품 식별 작업대
instrument,기구,기존,레벨1,부품 식별 작업대
label,이름표,신규,레벨2,부품 식별 작업대
net,그물,기존,레벨1,부품 식별 작업대
screen,화면,기존,레벨1,부품 식별 작업대
tin,통조림 깡통,기존,레벨2,부품 식별 작업대
audience,관객,기존,레벨1,두 사람의 마을광장
citizen,시민,신규,레벨1,두 사람의 마을광장
community,마을 사람들,기존,레벨2,두 사람의 마을광장
crowd,군중,신규,레벨1,두 사람의 마을광장
folk,민요·사람들,기존,레벨2,두 사람의 마을광장
individual,한 사람,기존,레벨2,두 사람의 마을광장
native,본디 그곳의,기존,레벨1,두 사람의 마을광장
society,사회,기존,레벨1,두 사람의 마을광장
associate,어울리다,기존,레벨2,원탁의 협의
committee,위원회,기존,레벨1,원탁의 협의
contact,닿다,기존,레벨1,원탁의 협의
council,의회,기존,레벨2,원탁의 협의
involve,끌어들이다,기존,레벨2,원탁의 협의
relate,관련짓다,신규,레벨2,원탁의 협의
respect,존중하다,신규,레벨2,원탁의 협의
senior,손위의,신규,레벨1,원탁의 협의
attract,끌어당기다,기존,레벨2,갈라진 두 집의 약속
darling,귀염둥이,기존,레벨2,갈라진 두 집의 약속
depend,기대다,기존,레벨1,갈라진 두 집의 약속
divorce,이혼,신규,레벨2,갈라진 두 집의 약속
engage,약혼하다,신규,레벨2,갈라진 두 집의 약속
female,여자의,신규,레벨1,갈라진 두 집의 약속
male,남자의,신규,레벨1,갈라진 두 집의 약속
twin,쌍둥이,신규,레벨2,갈라진 두 집의 약속
bond,유대,신규,레벨2,이웃이 된 두 세대
fellow,친구·동료,기존,레벨2,이웃이 된 두 세대
junior,손아래의,기존,레벨1,이웃이 된 두 세대
mate,벗·친구,기존,레벨2,이웃이 된 두 세대
neighbor,이웃,기존,레벨1,이웃이 된 두 세대
person,사람,기존,레벨1,이웃이 된 두 세대
slave,종,기존,레벨1,이웃이 된 두 세대
army,군대,기존,레벨2,성벽의 방어선
attack,공격하다,기존,레벨1,성벽의 방어선
battle,싸움,기존,레벨2,성벽의 방어선
bomb,폭탄,신규,레벨2,성벽의 방어선
defense,씨앗 방어,기존,레벨2,성벽의 방어선
enemy,적,신규,레벨2,성벽의 방어선
violent,난폭한,신규,레벨1,성벽의 방어선
weapon,무기,기존,레벨2,성벽의 방어선
arrest,체포하다,신규,레벨2,도난 현장의 단서
crime,범죄,신규,레벨1,도난 현장의 단서
punish,벌하다,신규,레벨2,도난 현장의 단서
rob,빼앗다,신규,레벨1,도난 현장의 단서
steal,훔치다,기존,레벨1,도난 현장의 단서
suspect,의심하다,기존,레벨2,도난 현장의 단서
thief,도둑,기존,레벨1,도난 현장의 단서
threat,위협,신규,레벨2,도난 현장의 단서
escape,탈출·떠나다,기존,레벨1,재난 대피 통로
gun,총,기존,레벨1,재난 대피 통로
harm,해치다,신규,레벨1,재난 대피 통로
protect,지키다,기존,레벨2,재난 대피 통로
shelter,보금자리,기존,레벨2,재난 대피 통로
struggle,안간힘 쓰다,기존,레벨2,재난 대피 통로
survive,견디어 내다,기존,레벨1,재난 대피 통로
victim,피해자,신규,레벨2,재난 대피 통로
beat,박자·박동,기존,레벨2,광장의 평화 저항
conflict,다툼,기존,레벨2,광장의 평화 저항
evil,악한,신규,레벨2,광장의 평화 저항
oppose,반대하다,신규,레벨1,광장의 평화 저항
protest,항의하다,신규,레벨2,광장의 평화 저항
resist,저항하다,신규,레벨2,광장의 평화 저항
spy,첩자,신규,레벨1,광장의 평화 저항
strike,봉을 내려치다,기존,레벨1,광장의 평화 저항
accuse,탓하여 고발하다,기존,레벨2,증거와 판결
cop,경찰,신규,레벨1,증거와 판결
guilt,죄,기존,레벨2,증거와 판결
innocent,죄 없는,신규,레벨2,증거와 판결
judge,판사·판결,기존,레벨1,증거와 판결
justice,정의,신규,레벨2,증거와 판결
law,법·법률,기존,레벨1,증거와 판결
legal,법의,기존,레벨2,증거와 판결
civil,시민의,신규,레벨2,시민의 선택
duty,임무,기존,레벨2,시민의 선택
elect,elect·학습,기존,레벨2,시민의 선택
empire,제국,기존,레벨2,시민의 선택
govern,다스리다,기존,레벨2,시민의 선택
policy,정책,신규,레벨2,시민의 선택
politics,정치,기존,레벨2,시민의 선택
public,공공의,신규,레벨1,시민의 선택
vote,표를 던지다,기존,레벨1,시민의 선택
discipline,규율,신규,레벨2,공용과 전용의 경계
license,허가증,기존,레벨2,공용과 전용의 경계
moral,도덕의,신규,레벨2,공용과 전용의 경계
privacy,사생활,신규,레벨2,공용과 전용의 경계
private,사적인,신규,레벨1,공용과 전용의 경계
responsible,책임 있는,기존,레벨2,공용과 전용의 경계
rule,규칙·원칙,기존,레벨1,공용과 전용의 경계
standard,기준,신규,레벨2,공용과 전용의 경계
amuse,재미있게 하다,기존,레벨2,작은 극장의 웃음
entertain,즐겁게 하다,기존,레벨2,작은 극장의 웃음
excite,들뜨게 하다,신규,레벨1,작은 극장의 웃음
humor,해학·유머,기존,레벨2,작은 극장의 웃음
joy,기쁨,기존,레벨1,작은 극장의 웃음
laugh,웃다,기존,레벨1,작은 극장의 웃음
satisfy,만족시키다,기존,레벨1,작은 극장의 웃음
admire,우러러보다,기존,레벨1,명예의 전시대
appreciate,고마워하다,기존,레벨1,명예의 전시대
glory,영광,기존,레벨2,명예의 전시대
honor,명예·영예,기존,레벨2,명예의 전시대
pride,자부심·자긍심,기존,레벨1,명예의 전시대
proud,자랑스러운,기존,레벨2,명예의 전시대
cheer,환호하다,기존,레벨1,비 온 뒤의 쉼터
comfort,편안함,기존,레벨2,비 온 뒤의 쉼터
delight,즐거움,기존,레벨2,비 온 뒤의 쉼터
peace,평화,기존,레벨1,비 온 뒤의 쉼터
relax,긴장을 풀다,기존,레벨1,비 온 뒤의 쉼터
relief,안도,기존,레벨2,비 온 뒤의 쉼터
anger,화,기존,레벨2,넘어진 물감 선반
annoy,짜증나게 하다,기존,레벨1,넘어진 물감 선반
bother,성가시게 하다,신규,레벨1,넘어진 물감 선반
cruel,모진,기존,레벨2,넘어진 물감 선반
rude,버릇없는,기존,레벨1,넘어진 물감 선반
upset,속상한,기존,레벨1,넘어진 물감 선반
anxious,불안한,기존,레벨1,검사실 앞의 기다림
concern,걱정,기존,레벨1,검사실 앞의 기다림
fear,두려움,기존,레벨1,검사실 앞의 기다림
fright,놀람,신규,레벨2,검사실 앞의 기다림
panic,겁에 질림,기존,레벨1,검사실 앞의 기다림
scare,겁주다,신규,레벨2,검사실 앞의 기다림
disturb,방해하다,신규,레벨1,고장 난 관제실
frustrate,애타게 하다,기존,레벨2,고장 난 관제실
shock,충격,기존,레벨1,고장 난 관제실
stress,압박,신규,레벨2,고장 난 관제실
tense,긴장한,신규,레벨2,고장 난 관제실
trouble,걱정거리,기존,레벨1,고장 난 관제실
awkward,어색한,기존,레벨2,식탁에 남은 한 자리
blame,탓하다,신규,레벨1,식탁에 남은 한 자리
disgust,역겨움,기존,레벨2,식탁에 남은 한 자리
embarrass,부끄럽게 하다,기존,레벨2,식탁에 남은 한 자리
ignore,무시하다,신규,레벨2,식탁에 남은 한 자리
shame,부끄러움,기존,레벨2,식탁에 남은 한 자리
silly,어리석은,신규,레벨1,식탁에 남은 한 자리
bore,지루하게 하다,신규,레벨2,막차 뒤의 승강장
depress,기운을 꺾다,기존,레벨2,막차 뒤의 승강장
desire,바람,기존,레벨2,막차 뒤의 승강장
desperate,절박한,기존,레벨2,막차 뒤의 승강장
disappoint,실망시키다,기존,레벨2,막차 뒤의 승강장
hesitate,망설이다,기존,레벨2,막차 뒤의 승강장
lack,부족,신규,레벨1,막차 뒤의 승강장
pity,안타까움,신규,레벨1,막차 뒤의 승강장
sore,아픈,신규,레벨2,막차 뒤의 승강장
amaze,깜짝 놀라게 하다,기존,레벨2,상자 속 빛의 정원
brilliant,눈부신,기존,레벨1,상자 속 빛의 정원
fancy,상상,기존,레벨1,상자 속 빛의 정원
gorgeous,눈부신,기존,레벨2,상자 속 빛의 정원
magic,마법,기존,레벨1,상자 속 빛의 정원
surprise,놀라게 하다,신규,레벨1,상자 속 빛의 정원
angel,천사,기존,레벨1,폐성당의 단서
clue,단서,기존,레벨1,폐성당의 단서
curious,궁금한,기존,레벨2,폐성당의 단서
fascinate,마음을 사로잡다,기존,레벨2,폐성당의 단서
ghost,유령,기존,레벨1,폐성당의 단서
mystery,수수께끼,기존,레벨1,폐성당의 단서
fantastic,환상적인,기존,레벨1,거울 미궁의 비밀
hell,지옥,신규,레벨2,거울 미궁의 비밀
impress,감동시키다,신규,레벨1,거울 미궁의 비밀
marvel,놀라운 것,기존,레벨2,거울 미궁의 비밀
puzzle,수수께끼,기존,레벨2,거울 미궁의 비밀
strange,이상한,기존,레벨1,거울 미궁의 비밀
trick,속임수,기존,레벨1,거울 미궁의 비밀
wonder,신기해하다,기존,레벨1,거울 미궁의 비밀
belief,믿음,기존,레벨2,금이 간 다리의 검증
confirm,확인하다,기존,레벨2,금이 간 다리의 검증
doubt,의심,기존,레벨1,금이 간 다리의 검증
evidence,evidence·음악,기존,레벨1,금이 간 다리의 검증
faith,믿음,기존,레벨2,금이 간 다리의 검증
prove,증명하다,신규,레벨2,금이 간 다리의 검증
rely,의지하다,신규,레벨2,금이 간 다리의 검증
trust,믿다,신규,레벨1,금이 간 다리의 검증
truth,진실,신규,레벨1,금이 간 다리의 검증
assume,그러려니 하다,기존,레벨2,가설의 모형실
concept,개념,기존,레벨2,가설의 모형실
context,앞뒤 사정,기존,레벨1,가설의 모형실
define,뜻을 밝히다,기존,레벨2,가설의 모형실
suppose,추측하다,신규,레벨2,가설의 모형실
theory,이론,기존,레벨2,가설의 모형실
title,title·날씨,기존,레벨1,가설의 모형실
attention,주의,기존,레벨1,세밀 관찰대
concentrate,집중하다,기존,레벨1,세밀 관찰대
confuse,헷갈리게 하다,기존,레벨1,세밀 관찰대
detect,알아내다,기존,레벨2,세밀 관찰대
examine,살펴보다,기존,레벨2,세밀 관찰대
inspect,검사하다,기존,레벨2,세밀 관찰대
notice,알아채다,신규,레벨1,세밀 관찰대
consider,곰곰이 생각하다,기존,레벨1,사라진 물길 조사
determine,결정하다,기존,레벨2,사라진 물길 조사
investigate,조사하다,신규,레벨2,사라진 물길 조사
method,방법,신규,레벨1,사라진 물길 조사
observe,관찰하다,기존,레벨2,사라진 물길 조사
reason,까닭,기존,레벨1,사라진 물길 조사
solve,풀다,신규,레벨1,사라진 물길 조사
strategy,전략,신규,레벨1,사라진 물길 조사
attitude,태도,기존,레벨1,서로 다른 해석
imagine,상상하다,기존,레벨1,서로 다른 해석
opinion,의견,기존,레벨1,서로 다른 해석
recognize,알아보다,신규,레벨2,서로 다른 해석
regard,여기다,기존,레벨2,서로 다른 해석
remind,떠올리게 하다,신규,레벨1,서로 다른 해석
tend,~하는 경향이 있다,신규,레벨2,서로 다른 해석
analysis,분석,기존,레벨2,자료실의 분류벽
arrange,정리하다,기존,레벨2,자료실의 분류벽
article,기사,기존,레벨1,자료실의 분류벽
catalog,목록,기존,레벨2,자료실의 분류벽
chart,도표,기존,레벨1,자료실의 분류벽
graph,그래프,기존,레벨2,자료실의 분류벽
list,명단,기존,레벨1,자료실의 분류벽
magazine,잡지,기존,레벨1,자료실의 분류벽
topic,이야깃거리,기존,레벨1,자료실의 분류벽
clip,집게,기존,레벨2,자료실의 분류벽
assess,헤아려 매기다,기존,레벨2,무대 원고 편집실
comedy,희극,기존,레벨2,무대 원고 편집실
drama,드라마,기존,레벨1,무대 원고 편집실
edit,편집하다,기존,레벨2,무대 원고 편집실
language,언어,기존,레벨1,무대 원고 편집실
poem,시,기존,레벨1,무대 원고 편집실
scene,장면,기존,레벨1,무대 원고 편집실
spell,철자,기존,레벨1,무대 원고 편집실
text,글자,기존,레벨1,무대 원고 편집실
transfer,옮기다,신규,레벨2,무대 원고 편집실
diary,일기장,기존,레벨1,여행기록 보존대
dictionary,사전,기존,레벨1,여행기록 보존대
document,문서,기존,레벨2,여행기록 보존대
envelope,봉투,기존,레벨1,여행기록 보존대
essay,수필,기존,레벨1,여행기록 보존대
object,사물,기존,레벨2,여행기록 보존대
photograph,사진,기존,레벨1,여행기록 보존대
record,기록하다,기존,레벨1,여행기록 보존대
register,등록하다,신규,레벨2,여행기록 보존대
photo,사진,신규,레벨1,여행기록 보존대
attend,참석하다,기존,레벨2,도예 수업 평가
educate,교육하다,신규,레벨2,도예 수업 평가
experiment,실험,기존,레벨2,도예 수업 평가
grade,등급,기존,레벨1,도예 수업 평가
knowledge,지식,신규,레벨1,도예 수업 평가
practice,practice·날씨,기존,레벨1,도예 수업 평가
research,연구,기존,레벨1,도예 수업 평가
experience,경험,신규,레벨1,강물 측정 실습
measure,무게를 재다,기존,레벨2,강물 측정 실습
skill,솜씨,기존,레벨1,강물 측정 실습
subject,과목,신규,레벨1,강물 측정 실습
survey,측량하다,기존,레벨1,강물 측정 실습
technique,기술,기존,레벨2,강물 측정 실습
attach,붙이다,기존,레벨2,현수교 조립대
bind,묶어 두다,기존,레벨2,현수교 조립대
combine,엇갈려 짜이다,기존,레벨2,현수교 조립대
connect,잇다,기존,레벨2,현수교 조립대
copy,복사하다,신규,레벨1,현수교 조립대
establish,세우다,신규,레벨1,현수교 조립대
found,세우다,기존,레벨2,현수교 조립대
link,잇다,기존,레벨2,현수교 조립대
bend,휘다,기존,레벨1,깨진 자전거 수리
block,토막,기존,레벨1,깨진 자전거 수리
burst,터지다,신규,레벨2,깨진 자전거 수리
crack,깨뜨리다,기존,레벨2,깨진 자전거 수리
damage,손상,신규,레벨2,깨진 자전거 수리
repair,고치다,신규,레벨1,깨진 자전거 수리
replace,바꿔 놓다,기존,레벨1,깨진 자전거 수리
snap,싹둑 자르다,기존,레벨2,깨진 자전거 수리
crash,충돌,기존,레벨2,폭풍 뒤 온실 재건
create,만들어 내다,기존,레벨1,폭풍 뒤 온실 재건
decorate,꾸미다,신규,레벨2,폭풍 뒤 온실 재건
destroy,부수다,기존,레벨1,폭풍 뒤 온실 재건
develop,자라다,기존,레벨1,폭풍 뒤 온실 재건
invent,발명하다,신규,레벨1,폭풍 뒤 온실 재건
produce,생산하다,신규,레벨1,폭풍 뒤 온실 재건
smash,박살내다,기존,레벨2,폭풍 뒤 온실 재건
direct,이끌다,기존,레벨1,돛 제작 작업대
divide,가르다,기존,레벨1,돛 제작 작업대
fold,접히다,기존,레벨2,돛 제작 작업대
remove,쳐내다,기존,레벨2,돛 제작 작업대
ruin,폐허,기존,레벨1,돛 제작 작업대
sew,바느질하다,기존,레벨1,돛 제작 작업대
spoil,망치다,기존,레벨2,돛 제작 작업대
stick,붙이다,신규,레벨2,돛 제작 작업대
accept,받아들이다,기존,레벨1,산골 구호품 전달
allow,허락하다,기존,레벨1,산골 구호품 전달
deliver,배달하다,신규,레벨2,산골 구호품 전달
deserve,받을 만하다,기존,레벨2,산골 구호품 전달
donate,기부하다,신규,레벨2,산골 구호품 전달
exchange,교환하다,신규,레벨1,산골 구호품 전달
gift,선물,신규,레벨1,산골 구호품 전달
lend,빌려주다,신규,레벨1,산골 구호품 전달
contribute,보태다,기존,레벨2,공동우물의 물 배분
offer,제안하다,신규,레벨1,공동우물의 물 배분
provide,대어 주다,기존,레벨1,공동우물의 물 배분
receive,받다,신규,레벨1,공동우물의 물 배분
refuse,거절하다,기존,레벨2,공동우물의 물 배분
reserve,예약하다,신규,레벨2,공동우물의 물 배분
share,나누다,신규,레벨1,공동우물의 물 배분
belong,속하다,신규,레벨1,박물관 보관함의 주인
contain,담고 있다,기존,레벨2,박물관 보관함의 주인
gain,거두다,기존,레벨2,박물관 보관함의 주인
include,포함하다,기존,레벨1,박물관 보관함의 주인
lose,잃다,신규,레벨1,박물관 보관함의 주인
maintain,그대로 지키다,기존,레벨2,박물관 보관함의 주인
own,소유하다,신규,레벨1,박물관 보관함의 주인
possess,지니다,기존,레벨2,박물관 보관함의 주인
advance,나아가다,신규,레벨2,항구로 들어오는 배
appear,나타나다,기존,레벨1,항구로 들어오는 배
approach,다가가다,기존,레벨2,항구로 들어오는 배
leave,떠나다,신규,레벨1,항구로 들어오는 배
proceed,진행하다,신규,레벨2,항구로 들어오는 배
progress,멀리 나아가다,기존,레벨2,항구로 들어오는 배
reach,닿다,기존,레벨1,항구로 들어오는 배
retire,물러나다,기존,레벨1,항구로 들어오는 배
aim,겨누다,기존,레벨2,산악구조 임무 배정
appoint,정하다,기존,레벨2,산악구조 임무 배정
assign,맡기다,기존,레벨2,산악구조 임무 배정
order,질서·명령,기존,레벨1,산악구조 임무 배정
prepare,준비하다,기존,레벨1,산악구조 임무 배정
target,목표점·방향,기존,레벨1,산악구조 임무 배정
choice,선택,신규,레벨1,정원 나무 선택
prefer,더 좋아하다,기존,레벨1,정원 나무 선택
schedule,일정,신규,레벨1,정원 나무 선택
select,골라내다,기존,레벨2,정원 나무 선택
settle,자리 잡다,기존,레벨2,정원 나무 선택
identity,정체,신규,레벨2,산속 샘의 근원 추적
locate,위치를 찾다,신규,레벨2,산속 샘의 근원 추적
resource,자원,신규,레벨2,산속 샘의 근원 추적
search,탐색하다·찾다,기존,레벨1,산속 샘의 근원 추적
seek,찾다·구하다,기존,레벨1,산속 샘의 근원 추적
source,근원,기존,레벨1,산속 샘의 근원 추적
trace,자취,기존,레벨2,산속 샘의 근원 추적
aid,도움,기존,레벨2,산악 응급치료소
assist,돕다,신규,레벨2,산악 응급치료소
cure,낫게 하다,기존,레벨2,산악 응급치료소
recover,회복하다,신규,레벨2,산악 응급치료소
support,support·날씨,기존,레벨1,산악 응급치료소
treat,돌보아 주다,기존,레벨2,산악 응급치료소
bless,축복하다,신규,레벨2,폭우 뒤 마을식당
favor,호의,신규,레벨2,폭우 뒤 마을식당
forgive,용서하다,기존,레벨2,폭우 뒤 마을식당
lead,이끌다,신규,레벨1,폭우 뒤 마을식당
serve,대접하다,신규,레벨1,폭우 뒤 마을식당
alcohol,술,기존,레벨2,폭우 뒤 마을식당
beer,맥주,기존,레벨1,폭우 뒤 마을식당
apply,갖다 쓰다,기존,레벨1,외줄 구조 연습
attempt,시도,기존,레벨1,외줄 구조 연습
balance,공중 비행 균형,기존,레벨2,외줄 구조 연습
challenge,도전,신규,레벨1,외줄 구조 연습
cope,헤쳐 나가다,기존,레벨2,외줄 구조 연습
effort,노력,신규,레벨1,외줄 구조 연습
repeat,되풀이하다,기존,레벨1,외줄 구조 연습
risk,위험,신규,레벨2,외줄 구조 연습
dare,감히 하다,기존,레벨2,제방 수문 관제
deal,다루다,기존,레벨1,제방 수문 관제
handle,손잡이,기존,레벨1,제방 수문 관제
manage,관리하다,신규,레벨1,제방 수문 관제
operate,다루다,기존,레벨1,제방 수문 관제
perform,공연하다,기존,레벨1,제방 수문 관제
process,과정,신규,레벨2,제방 수문 관제
quit,그만두다,기존,레벨1,제방 수문 관제
react,반응하다,신규,레벨2,제방 수문 관제
blank,빈,신규,레벨1,도자기 형태 진열대
empty,비어 있는,기존,레벨1,도자기 형태 진열대
flat,평평한 바닥면,기존,레벨1,도자기 형태 진열대
pattern,무늬,기존,레벨2,도자기 형태 진열대
plain,평원,기존,레벨2,도자기 형태 진열대
pure,순수한 꿀,기존,레벨2,도자기 형태 진열대
smooth,매끄러운,기존,레벨1,도자기 형태 진열대
solid,단단한,기존,레벨2,도자기 형태 진열대
broad,드넓은,기존,레벨2,팽창하는 관측 풍선
enormous,거대한,기존,레벨1,팽창하는 관측 풍선
expand,벌어지다,기존,레벨2,팽창하는 관측 풍선
giant,거대한,기존,레벨2,팽창하는 관측 풍선
huge,거대한,기존,레벨2,팽창하는 관측 풍선
scale,양팔 저울,기존,레벨1,팽창하는 관측 풍선
wide,넓은,기존,레벨1,팽창하는 관측 풍선
yet,아직,기존,레벨1,팽창하는 관측 풍선
figure,형상,기존,레벨1,정원의 도형 수로
grand,웅장한,기존,레벨2,정원의 도형 수로
narrow,좁은,기존,레벨2,정원의 도형 수로
neat,가지런한,기존,레벨2,정원의 도형 수로
round,둥근 곡선,기존,레벨1,정원의 도형 수로
shape,모양새,기존,레벨1,정원의 도형 수로
tiny,아주 작은,기존,레벨2,정원의 도형 수로
triangle,세모,기존,레벨2,정원의 도형 수로
loose,느슨한,기존,레벨1,재료 두께 시험대
rough,거친,기존,레벨2,재료 두께 시험대
sharp,날카로운 칼날,기존,레벨2,재료 두께 시험대
super,아주 큰,기존,레벨1,재료 두께 시험대
thick,두꺼운,기존,레벨1,재료 두께 시험대
thin,가느다란,기존,레벨1,재료 두께 시험대
tight,단단한,기존,레벨1,재료 두께 시험대
volume,부피,기존,레벨2,재료 두께 시험대
advantage,이로운 점,기존,레벨1,개량된 빗물 저장고
benefit,이익,기존,레벨2,개량된 빗물 저장고
correct,맞는,기존,레벨1,개량된 빗물 저장고
fair,공정한,신규,레벨1,개량된 빗물 저장고
fortunate,운 좋은,기존,레벨2,개량된 빗물 저장고
improve,나아지게 하다,기존,레벨1,개량된 빗물 저장고
increase,늘다,신규,레벨1,개량된 빗물 저장고
necessary,꼭 필요한,기존,레벨1,개량된 빗물 저장고
practical,실용적인,신규,레벨2,개량된 빗물 저장고
capable,할 수 있는,신규,레벨2,결함품 선별대
ease,쉬움,기존,레벨2,결함품 선별대
fault,잘못,기존,레벨1,결함품 선별대
fortune,행운,신규,레벨1,결함품 선별대
perfect,완벽한,신규,레벨1,결함품 선별대
proper,알맞은,신규,레벨1,결함품 선별대
quality,질,기존,레벨1,결함품 선별대
reduce,줄이다,신규,레벨2,결함품 선별대
terrible,끔찍한,기존,레벨1,결함품 선별대
able,할 수 있는,기존,레벨2,단순 도르래의 힘
complex,복잡한,신규,레벨2,단순 도르래의 힘
complicate,복잡하게 하다,기존,레벨2,단순 도르래의 힘
simple,단순한,기존,레벨1,단순 도르래의 힘
still,가만히,기존,레벨1,단순 도르래의 힘
tough,힘든,신규,레벨2,단순 도르래의 힘
adapt,적응하다,기존,레벨2,새 환경의 식물
adopt,받아들이다,기존,레벨2,새 환경의 식물
alter,바꾸다,신규,레벨2,새 환경의 식물
compare,견주다,기존,레벨1,새 환경의 식물
familiar,익숙한,신규,레벨1,새 환경의 식물
match,짝을 맞추다,기존,레벨1,새 환경의 식물
similar,비슷한,기존,레벨1,새 환경의 식물
vary,다채롭다,기존,레벨2,새 환경의 식물
category,갈래,신규,레벨2,광물 분류함
definite,단단한 껍질,기존,레벨2,광물 분류함
equal,같은,기존,레벨2,광물 분류함
odd,특이한 무늬,기존,레벨2,광물 분류함
pair,한 쌍,기존,레벨1,광물 분류함
separate,가지에서 떨어지다,기존,레벨1,광물 분류함
sort,종류,기존,레벨2,광물 분류함
specific,특이한 모습,기존,레벨1,광물 분류함
real,진짜의,기존,레벨1,흔들림 시험대
regular,고르게 늘어선,기존,레벨1,흔들림 시험대
shift,옮기다,기존,레벨2,흔들림 시험대
single,한 포기,기존,레벨1,흔들림 시험대
stable,안정된 구조,기존,레벨2,흔들림 시험대
steady,안정된·정박한,기존,레벨2,흔들림 시험대
unit,낱개,기존,레벨1,흔들림 시험대
amount,양,기존,레벨2,저수지 수량 결산
average,평균,기존,레벨1,저수지 수량 결산
bit,조금,기존,레벨1,저수지 수량 결산
complete,다 갖춘,기존,레벨1,저수지 수량 결산
entire,전체의,신규,레벨2,저수지 수량 결산
maximum,최대의,신규,레벨2,저수지 수량 결산
range,범위,신규,레벨1,저수지 수량 결산
sample,표본,기존,레벨1,저수지 수량 결산
sum,합계,기존,레벨1,저수지 수량 결산
total,전체,기존,레벨2,저수지 수량 결산
extra,덤의,기존,레벨1,광석 선별의 양끝
intense,격렬한,기존,레벨2,광석 선별의 양끝
limit,한계,신규,레벨2,광석 선별의 양끝
major,주요한,기존,레벨1,광석 선별의 양끝
mass,덩어리,기존,레벨2,광석 선별의 양끝
minor,작은 쪽의,기존,레벨2,광석 선별의 양끝
prime,으뜸의,기존,레벨2,광석 선별의 양끝
rare,드문·희귀한,기존,레벨2,광석 선별의 양끝
rate,비율,신규,레벨1,광석 선별의 양끝
few,적은,신규,레벨1,비상창고의 남은 몫
lot,많음,신규,레벨1,비상창고의 남은 몫
none,하나도 없음,신규,레벨2,비상창고의 남은 몫
piece,조각,기존,레벨1,비상창고의 남은 몫
plenty,넉넉함,기존,레벨1,비상창고의 남은 몫
quite,꽤,신규,레벨1,비상창고의 남은 몫
several,여럿의,기존,레벨1,비상창고의 남은 몫
slight,약간의,신규,레벨2,비상창고의 남은 몫
spare,여분의,기존,레벨2,비상창고의 남은 몫
annual,해마다의,기존,레벨2,도시나무의 세월
calendar,달력,기존,레벨1,도시나무의 세월
century,백 년,기존,레벨1,도시나무의 세월
event,일어난 일,기존,레벨1,도시나무의 세월
occasion,경우,신규,레벨2,도시나무의 세월
once,한 번,신규,레벨1,도시나무의 세월
past,과거,신규,레벨1,도시나무의 세월
recent,최근의,신규,레벨1,도시나무의 세월
term,기간,신규,레벨2,도시나무의 세월
constant,변함없는,기존,레벨2,출발 지연 관제판
continue,계속하다,기존,레벨1,출발 지연 관제판
delay,미루다,기존,레벨1,출발 지연 관제판
due,~하기로 된,기존,레벨1,출발 지연 관제판
forever,영원히,기존,레벨1,출발 지연 관제판
immediate,곧바로의,기존,레벨2,출발 지연 관제판
instant,즉각적인,신규,레벨1,출발 지연 관제판
minute,분,신규,레벨1,출발 지연 관제판
pause,멈춤,신규,레벨2,출발 지연 관제판
extend,뻗어나가다,기존,레벨2,기후자료의 변화
nowadays,요즘,신규,레벨1,기후자료의 변화
period,기간,신규,레벨1,기후자료의 변화
previous,앞선,기존,레벨2,기후자료의 변화
rapid,빠른,신규,레벨2,기후자료의 변화
remain,그대로 있다,기존,레벨1,기후자료의 변화
series,연속,신규,레벨2,기후자료의 변화
soon,곧,신규,레벨1,기후자료의 변화
sudden,갑작스러운,기존,레벨1,기후자료의 변화
absolute,완전한,기존,레벨2,천문 관측치 계산
billion,십억,기존,레벨2,천문 관측치 계산
calculate,셈하다,기존,레벨2,천문 관측치 계산
degree,도,기존,레벨1,천문 관측치 계산
level,수평을 이루다,기존,레벨1,천문 관측치 계산
thousand,천,신규,레벨1,천문 관측치 계산
zero,영,신규,레벨1,천문 관측치 계산
count,세다,기존,레벨1,시장 곡물 분배
dozen,열두 개,신규,레벨2,시장 곡물 분배
extreme,극심한,기존,레벨2,시장 곡물 분배
half,반,신규,레벨1,시장 곡물 분배
per,마다,신규,레벨2,시장 곡물 분배
quarter,4분의 1,신규,레벨1,시장 곡물 분배
stuff,물건,기존,레벨1,시장 곡물 분배
weigh,무게를 재다,신규,레벨1,시장 곡물 분배
although,비록 ~이지만,기존,레벨1,협곡의 층별 야영지
among,사이에,기존,레벨1,협곡의 층별 야영지
apart,떨어져,기존,레벨1,협곡의 층별 야영지
aside,옆으로,기존,레벨2,협곡의 층별 야영지
beneath,아래로,기존,레벨2,협곡의 층별 야영지
beyond,저 너머,기존,레벨1,협곡의 층별 야영지
upper,위쪽의,기존,레벨2,협곡의 층별 야영지
within,안에,기존,레벨1,협곡의 층별 야영지
without,~없이,기존,레벨1,협곡의 층별 야영지
forth,앞으로,기존,레벨2,숲길의 진행 표지
forward,앞으로,신규,레벨1,숲길의 진행 표지
internal,안쪽의,기존,레벨2,숲길의 진행 표지
local,지역의,신규,레벨1,숲길의 진행 표지
straight,곧은 박음질,기존,레벨1,숲길의 진행 표지
surround,둘러싸다,기존,레벨2,숲길의 진행 표지
through,통하여,신규,레벨1,숲길의 진행 표지
toward,~을 향하여,기존,레벨1,숲길의 진행 표지
since,~부터,신규,레벨1,밀물 전 바위길
till,~까지,기존,레벨1,밀물 전 바위길
unless,~하지 않으면,기존,레벨2,밀물 전 바위길
until,~까지,신규,레벨1,밀물 전 바위길
upon,~위에,기존,레벨1,밀물 전 바위길
vision,시력,신규,레벨2,밀물 전 바위길
whether,~인지,신규,레벨2,밀물 전 바위길
while,~하는 동안,신규,레벨1,밀물 전 바위길
alive,살아 있는,기존,레벨1,새벽의 수면관찰실
asleep,잠든,기존,레벨1,새벽의 수면관찰실
awake,잠에서 깨어나다,기존,레벨1,새벽의 수면관찰실
aware,알아차린,기존,레벨2,새벽의 수면관찰실
self,자기,기존,레벨1,새벽의 수면관찰실
soul,영혼,기존,레벨2,새벽의 수면관찰실
spirit,정신,기존,레벨2,새벽의 수면관찰실
drug,약,신규,레벨1,해독 치료실
faint,희미한,신규,레벨2,해독 치료실
fever,열,기존,레벨1,해독 치료실
health,건강히 자라다,기존,레벨1,해독 치료실
medicine,약,기존,레벨1,해독 치료실
poison,독성 분비물,기존,레벨2,해독 치료실
rest,머물다,기존,레벨2,해독 치료실
exhaust,기운을 다 쓰다,기존,레벨2,부상 뒤 재활 첫걸음
hurt,다치게 하다,신규,레벨1,부상 뒤 재활 첫걸음
injure,부상을 입히다,신규,레벨1,부상 뒤 재활 첫걸음
medical,의료의,신규,레벨1,부상 뒤 재활 첫걸음
mental,마음의,기존,레벨2,부상 뒤 재활 첫걸음
pain,통증,기존,레벨2,부상 뒤 재활 첫걸음
patient,환자,기존,레벨1,부상 뒤 재활 첫걸음
exist,존재하다,신규,레벨1,임신부의 휴식 정원
ill,아픈,기존,레벨1,임신부의 휴식 정원
mood,분위기·무드,기존,레벨1,임신부의 휴식 정원
pregnant,생명을 품은,기존,레벨2,임신부의 휴식 정원
sense,더듬이 감각,기존,레벨1,임신부의 휴식 정원
suffer,고통받다,신규,레벨2,임신부의 휴식 정원
weak,약한,기존,레벨1,임신부의 휴식 정원
wound,상처,기존,레벨2,임신부의 휴식 정원
affect,영향을 주다,기존,레벨2,바람이 만든 연쇄
cause,원인,신규,레벨1,바람이 만든 연쇄
effect,효과,기존,레벨1,바람이 만든 연쇄
factor,요인,신규,레벨2,바람이 만든 연쇄
result,결과,신규,레벨1,바람이 만든 연쇄
achieve,이루어 내다,기존,레벨1,탐사선의 임무
expect,기대하다,신규,레벨1,탐사선의 임무
function,기능,신규,레벨1,탐사선의 임무
happen,일어나다,신규,레벨1,탐사선의 임무
intend,의도하다,신규,레벨2,탐사선의 임무
intent,의도,신규,레벨2,탐사선의 임무
mission,임무,신규,레벨2,탐사선의 임무
purpose,목적,신규,레벨1,탐사선의 임무
rocket,로켓,신규,레벨2,탐사선의 임무
emphasize,강조하다,신규,레벨2,씨앗 실험의 성패
influence,영향,기존,레벨1,씨앗 실험의 성패
matter,중요하다,기존,레벨1,씨앗 실험의 성패
occur,일어나다,신규,레벨2,씨앗 실험의 성패
potential,가능성,기존,레벨2,씨앗 실험의 성패
role,역할,신규,레벨1,씨앗 실험의 성패
succeed,성공하다,신규,레벨1,씨앗 실험의 성패
success,성공,신규,레벨1,씨앗 실험의 성패
view,전망,기존,레벨1,씨앗 실험의 성패
detail,세부 선묘,기존,레벨1,숨은 벽화의 발견
display,display·우주,기존,레벨1,숨은 벽화의 발견
emotion,감정,기존,레벨2,숨은 벽화의 발견
expose,드러내다,기존,레벨2,숨은 벽화의 발견
feature,날개 모양 특징,기존,레벨1,숨은 벽화의 발견
hide,숨다,기존,레벨1,숨은 벽화의 발견
illustrate,설명하다,신규,레벨2,숨은 벽화의 발견
mark,자국,기존,레벨1,숨은 벽화의 발견
demonstrate,보여 주다,기존,레벨2,증기배관의 누출 표시
indicate,가리키다,기존,레벨1,증기배관의 누출 표시
secret,비밀,기존,레벨1,증기배관의 누출 표시
seem,~처럼 보이다,기존,레벨1,증기배관의 누출 표시
whistle,휘파람,기존,레벨2,증기배관의 누출 표시
band,악단,기존,레벨1,광장 악단의 집합과 해산
bunch,다발,기존,레벨2,광장 악단의 집합과 해산
gather,모으다,기존,레벨1,광장 악단의 집합과 해산
release,놓아주다,기존,레벨1,광장 악단의 집합과 해산
unite,뭉치다,기존,레벨2,광장 악단의 집합과 해산
parade,행진,신규,레벨2,광장 악단의 집합과 해산
background,배경,기존,레벨1,전통시장과 현대상점
circumstance,상황,신규,레벨2,전통시장과 현대상점
domestic,국내의,신규,레벨2,전통시장과 현대상점
fashion,유행,신규,레벨1,전통시장과 현대상점
foreign,외국의,신규,레벨1,전통시장과 현대상점
modern,요즘의,기존,레벨1,전통시장과 현대상점
ordinary,평범한,신규,레벨2,전통시장과 현대상점
popular,인기 있는,신규,레벨1,전통시장과 현대상점
tradition,전통,신규,레벨1,전통시장과 현대상점
obvious,분명한,신규,레벨2,도시 운영 모형
situate,자리잡게 하다,신규,레벨2,도시 운영 모형
social,사회의,신규,레벨1,도시 운영 모형
stage,무대,기존,레벨1,도시 운영 모형
state,상태,신규,레벨1,도시 운영 모형
structure,구조물,기존,레벨1,도시 운영 모형
system,체계,신규,레벨1,도시 운영 모형
version,판,신규,레벨2,도시 운영 모형
bang,쾅 소리,기존,레벨2,항구의 소리 지도
boom,쾅 하는 큰 소리,신규,레벨2,항구의 소리 지도
concert,연주회,기존,레벨1,항구의 소리 지도
loud,소리가 큰,기존,레벨2,항구의 소리 지도
noise,시끄러운 소리,기존,레벨1,항구의 소리 지도
pop,펑 소리,기존,레벨1,항구의 소리 지도
sign,정지 표지판,기존,레벨1,항구의 소리 지도
tone,음조·음색,기존,레벨1,항구의 소리 지도
tune,선율·조율하다,기존,레벨1,항구의 소리 지도
champion,우승자,신규,레벨2,골프 리그 결승
contest,겨루기,기존,레벨1,골프 리그 결승
golf,골프,신규,레벨1,골프 리그 결승
league,연맹,기존,레벨2,골프 리그 결승
physical,몸의,기존,레벨1,골프 리그 결승
cast,던지다,신규,레벨2,왕궁 대관식 홀
castle,성,신규,레벨1,왕궁 대관식 홀
crown,crown·학습,기존,레벨1,왕궁 대관식 홀
presence,곁에 있음,기존,레벨2,왕궁 대관식 홀
purple,보라,기존,레벨1,왕궁 대관식 홀
royal,왕실의,신규,레벨1,왕궁 대관식 홀
character,성격,신규,레벨1,동물구조 자원봉사자
charm,매력,신규,레벨2,동물구조 자원봉사자
cute,귀여운,기존,레벨1,동물구조 자원봉사자
gentle,부드러운,기존,레벨1,동물구조 자원봉사자
secure,안전하게 하다,기존,레벨2,동물구조 자원봉사자
teenage,십대의,신규,레벨1,동물구조 자원봉사자
handsome,잘생긴,신규,레벨1,졸업사진 준비
polite,예의 바른,기존,레벨1,졸업사진 준비
serious,진지한,기존,레벨2,졸업사진 준비
confident,자신 있는,기존,레벨2,졸업사진 준비
smart,영리한,신규,레벨1,졸업사진 준비
wise,슬기로운,신규,레벨1,졸업사진 준비
accident,사고,신규,레벨1,교차로 사고 예방
alarm,경보,신규,레벨1,교차로 사고 예방
ambulance,구급차,신규,레벨2,교차로 사고 예방
avoid,피하다,신규,레벨1,교차로 사고 예방
crisis,위기,신규,레벨2,교차로 사고 예방
prevent,막다,신규,레벨1,교차로 사고 예방
accent,말투,기존,레벨2,화산 관측 브리핑
admit,인정하다,기존,레벨1,화산 관측 브리핑
announce,알리다,기존,레벨2,화산 관측 브리핑
describe,묘사하다,기존,레벨1,화산 관측 브리핑
explain,설명하다,신규,레벨1,화산 관측 브리핑
frankly,솔직히,기존,레벨2,화산 관측 브리핑
inform,알리다,신규,레벨2,화산 관측 브리핑
report,report·날씨,기존,레벨1,화산 관측 브리핑
comment,한마디 하다,기존,레벨2,유물 발견 보고
express,표현하다·연주,기존,레벨1,유물 발견 보고
mention,언급하다,신규,레벨1,유물 발견 보고
pronounce,발음하다,기존,레벨1,유물 발견 보고
quote,인용하다,신규,레벨2,유물 발견 보고
refer,참고하다,신규,레벨1,유물 발견 보고
remark,말하다,신규,레벨2,유물 발견 보고
represent,대표하다,신규,레벨1,유물 발견 보고
argue,따지다,기존,레벨1,두 설계안의 공개토론
claim,주장하다,신규,레벨1,두 설계안의 공개토론
complain,불평하다,기존,레벨1,두 설계안의 공개토론
convince,납득시키다,기존,레벨2,두 설계안의 공개토론
debate,토론,기존,레벨1,두 설계안의 공개토론
deny,아니라고 하다,기존,레벨2,두 설계안의 공개토론
insist,우기다,신규,레벨2,두 설계안의 공개토론
advice,조언,기존,레벨1,산길 구조 요청
advise,조언하다,기존,레벨1,산길 구조 요청
beg,간청하다,신규,레벨1,산길 구조 요청
command,명령,기존,레벨2,산길 구조 요청
hint,귀띔,신규,레벨2,산길 구조 요청
request,요청,신규,레벨1,산길 구조 요청
require,요구하다,신규,레벨2,산길 구조 요청
excuse,변명,신규,레벨1,공방의 정중한 제안
greet,인사하다,신규,레벨1,공방의 정중한 제안
pardon,용서,기존,레벨1,공방의 정중한 제안
promise,약속,신규,레벨1,공방의 정중한 제안
propose,제안하다,기존,레벨2,공방의 정중한 제안
recommend,권하다,기존,레벨2,공방의 정중한 제안
respond,대꾸하다,기존,레벨2,공방의 정중한 제안
suggest,넌지시 말하다,기존,레벨1,공방의 정중한 제안
aloud,소리 내어,기존,레벨2,폭풍 속 무전 지시
chat,이야기 나누다,기존,레벨1,폭풍 속 무전 지시
communicate,뜻을 주고받다,기존,레벨1,폭풍 속 무전 지시
instruct,지시하다,신규,레벨2,폭풍 속 무전 지시
interrupt,말을 끊다,기존,레벨2,폭풍 속 무전 지시
joke,농담,신규,레벨1,폭풍 속 무전 지시
message,전할 말,기존,레벨1,폭풍 속 무전 지시
pretend,~인 척하다,신규,레벨1,폭풍 속 무전 지시
tip,조언,신규,레벨1,폭풍 속 무전 지시
whisper,속삭이다,신규,레벨2,폭풍 속 무전 지시
appeal,호소하다,기존,레벨2,마을 이야기 무대
converse,이야기를 나누다,기존,레벨2,마을 이야기 무대
pray,기도하다,신규,레벨1,마을 이야기 무대
reply,대답하다,신규,레벨1,마을 이야기 무대
scream,비명,기존,레벨1,마을 이야기 무대
sentence,문장,신규,레벨1,마을 이야기 무대
shout,외치다,기존,레벨1,마을 이야기 무대
speech,연설,신규,레벨1,마을 이야기 무대
tale,이야기,기존,레벨2,마을 이야기 무대
yell,고함치다,기존,레벨2,마을 이야기 무대
despite,~에도 불구하고,기존,레벨2,갈림길의 두 선택
either,둘 중 하나,기존,레벨1,갈림길의 두 선택
even,심지어,신규,레벨1,갈림길의 두 선택
except,~을 빼고,기존,레벨1,갈림길의 두 선택
moreover,게다가,기존,레벨2,갈림길의 두 선택
neither,둘 다 아닌,신규,레벨2,갈림길의 두 선택
whole,전체의,신규,레벨1,갈림길의 두 선택
instead,대신에,신규,레벨1,실패 뒤의 대안
let,~하게 하다,신규,레벨1,실패 뒤의 대안
nor,~도 아닌,신규,레벨2,실패 뒤의 대안
otherwise,그렇지 않으면,신규,레벨2,실패 뒤의 대안
ought,마땅히 ~해야 한다,신규,레벨2,실패 뒤의 대안
rather,오히려,신규,레벨1,실패 뒤의 대안
shall,~할 것이다,신규,레벨1,실패 뒤의 대안
altogether,모두 합쳐,기존,레벨2,원인과 결론의 도미노
overall,전체의,기존,레벨2,원인과 결론의 도미노
then,그때,기존,레벨1,원인과 결론의 도미노
therefore,그러므로,기존,레벨1,원인과 결론의 도미노
though,비록,신규,레벨1,원인과 결론의 도미노
thus,그러므로,신규,레벨2,원인과 결론의 도미노
would,~일 것이다,신규,레벨1,원인과 결론의 도미노
access,닿는 길,기존,레벨2,기록보관소 접근등급
account,셈 적은 것,기존,레벨1,기록보관소 접근등급
affair,일,기존,레벨1,기록보관소 접근등급
basis,기초,신규,레벨2,기록보관소 접근등급
brief,짧은,신규,레벨2,기록보관소 접근등급
each,저마다,기존,레벨1,기록보관소 접근등급
exact,정확한 측정,기존,레벨2,기록보관소 접근등급
item,항목,신규,레벨1,기록보관소 접근등급
section,부분,신규,레벨1,기록보관소 접근등급
session,시간,신규,레벨2,기록보관소 접근등급
characteristic,특징,신규,레벨2,식물 표본의 공통점
common,흔한,신규,레벨1,식물 표본의 공통점
conscious,의식하는,기존,레벨2,식물 표본의 공통점
content,담긴 것,기존,레벨2,식물 표본의 공통점
especial,특별한,기존,레벨2,식물 표본의 공통점
interest,관심,신규,레벨1,식물 표본의 공통점
main,주된,기존,레벨2,식물 표본의 공통점
paragraph,문단,기존,레벨1,식물 표본의 공통점
particular,특정한,기존,레벨2,식물 표본의 공통점
which,어느 것,기존,레벨1,식물 표본의 공통점
final,마지막의,신규,레벨1,탐사구역 최종판정
general,두루 쓰이는,기존,레벨2,탐사구역 최종판정
instance,예,신규,레벨2,탐사구역 최종판정
manner,방식,신규,레벨1,탐사구역 최종판정
maybe,아마도,신규,레벨1,탐사구역 최종판정
mean,뜻하다,신규,레벨1,탐사구역 최종판정
nowhere,아무데도 없는,신규,레벨2,탐사구역 최종판정
perhaps,아마,신규,레벨1,탐사구역 최종판정
possible,있을 수 있는,기존,레벨1,탐사구역 최종판정
else,그 밖에,기존,레벨1,여러 재료의 강도범위
ever,언제든,신규,레벨1,여러 재료의 강도범위
indeed,참으로,기존,레벨1,여러 재료의 강도범위
other,다른,신규,레벨1,여러 재료의 강도범위
plus,더하기,기존,레벨1,여러 재료의 강도범위
probable,있음직한,신규,레벨2,여러 재료의 강도범위
somewhat,다소,신규,레벨2,여러 재료의 강도범위
such,그런,신규,레벨1,여러 재료의 강도범위
various,여러 가지의,신규,레벨2,여러 재료의 강도범위
grab,붙잡다,기존,레벨2,화물 묶기 작업
lift,들어올리다,기존,레벨2,화물 묶기 작업
load,싣다,기존,레벨1,화물 묶기 작업
pack,짐을 싸다,기존,레벨1,화물 묶기 작업
pull,끌어당기다,기존,레벨1,화물 묶기 작업
press,눌러 찍다,기존,레벨2,화물 묶기 작업
tie,단단히 묶다,기존,레벨1,화물 묶기 작업
twist,비틀다,기존,레벨2,화물 묶기 작업
wrap,싸다,기존,레벨2,화물 묶기 작업
knock,두드리다,신규,레벨1,작업대의 여러 손동작
pitch,음높이,신규,레벨2,작업대의 여러 손동작
punch,구멍 뚫다,기존,레벨2,작업대의 여러 손동작
rub,문지르다,기존,레벨2,작업대의 여러 손동작
scratch,긁다,신규,레벨2,작업대의 여러 손동작
stir,젓다,기존,레벨2,작업대의 여러 손동작
sweep,쓸고 지나가다,기존,레벨2,작업대의 여러 손동작
throw,던지다,신규,레벨1,작업대의 여러 손동작
wipe,닦다,기존,레벨2,작업대의 여러 손동작
bite,물다,기존,레벨1,빙판 구조 이동
bounce,튀다,기존,레벨2,빙판 구조 이동
bump,부딪히다,기존,레벨2,빙판 구조 이동
crawl,기어가다,기존,레벨2,빙판 구조 이동
drag,끌다,기존,레벨2,빙판 구조 이동
gesture,날갯짓,기존,레벨2,빙판 구조 이동
lay,놓이다,기존,레벨2,빙판 구조 이동
lean,가지에 앉다,기존,레벨2,빙판 구조 이동
bow,절하다,신규,레벨2,모래언덕 추격
chase,먹이를 쫓다,기존,레벨2,모래언덕 추격
dig,파다,기존,레벨1,모래언덕 추격
hug,껴안다,기존,레벨1,모래언덕 추격
motion,움직임,신규,레벨2,모래언덕 추격
raise,높이다,기존,레벨1,모래언덕 추격
rush,빠르게 날다,기존,레벨1,모래언덕 추격
shoot,쏘다,신규,레벨1,모래언덕 추격
roll,구르다,기존,레벨1,체조 회전 연습
shake,흔들다,신규,레벨1,체조 회전 연습
slide,미끄러지다,기존,레벨1,체조 회전 연습
slip,미끄러지다,기존,레벨2,체조 회전 연습
spin,돌다,기존,레벨2,체조 회전 연습
step,발판,기존,레벨1,체조 회전 연습
stretch,뻗다,기존,레벨2,체조 회전 연습
swing,흔들리다,기존,레벨2,체조 회전 연습
atmosphere,대기,기존,레벨2,계절 관측 돔
blow,불다,기존,레벨1,계절 관측 돔
climate,기후,기존,레벨2,계절 관측 돔
fog,안개,기존,레벨1,계절 관측 돔
freeze,얼다,기존,레벨1,계절 관측 돔
melt,녹다,기존,레벨2,계절 관측 돔
steam,김,기존,레벨2,계절 관측 돔
storm,폭풍,기존,레벨1,계절 관측 돔
temperature,온도,기존,레벨1,계절 관측 돔
heaven,하늘,기존,레벨2,계절 관측 돔
county,고을,기존,레벨2,골짜기의 마을 지도
district,모이통 구역,기존,레벨2,골짜기의 마을 지도
region,지역,기존,레벨2,골짜기의 마을 지도
site,유적터,기존,레벨1,골짜기의 마을 지도
valley,계곡,기존,레벨1,골짜기의 마을 지도
pollute,오염시키다,기존,레벨1,골짜기의 마을 지도
flame,불꽃,기존,레벨2,비 갠 저녁의 관측 캠프
smoke,연기,기존,레벨1,비 갠 저녁의 관측 캠프
planet,행성,기존,레벨1,비 갠 저녁의 관측 캠프
rainbow,무지개,기존,레벨2,비 갠 저녁의 관측 캠프
grace,우아한 자태,기존,레벨1,비 갠 저녁의 관측 캠프
chip,조각,기존,레벨2,비 갠 저녁의 관측 캠프
species,종,기존,레벨2,비 갠 저녁의 관측 캠프
bury,땅에 파묻다,기존,레벨1,씨앗 보관 정원
shut,꽉 닫다,기존,레벨1,씨앗 보관 정원
spread,퍼지다,기존,레벨1,씨앗 보관 정원
trap,덫,기존,레벨1,씨앗 보관 정원
bean,콩,기존,레벨1,균형 식탁 저울
crisp,바삭바삭한,기존,레벨1,균형 식탁 저울
diet,먹는 것 조절,기존,레벨1,균형 식탁 저울
honey,달콤한 꿀,기존,레벨1,균형 식탁 저울
hunger,배고픔,기존,레벨2,균형 식탁 저울
lemon,레몬,기존,레벨1,균형 식탁 저울
meal,식사,기존,레벨1,균형 식탁 저울
nut,견과,기존,레벨2,균형 식탁 저울
pie,파이,기존,레벨2,균형 식탁 저울
sour,신 맛의,기존,레벨2,균형 식탁 저울
mushroom,버섯,기존,레벨1,시장 바구니의 맛
pear,배,기존,레벨1,시장 바구니의 맛
pepper,후추,기존,레벨1,시장 바구니의 맛
pork,돼지고기,기존,레벨2,시장 바구니의 맛
powder,가루,기존,레벨2,시장 바구니의 맛
rice,밥,기존,레벨1,시장 바구니의 맛
snack,간식,기존,레벨1,시장 바구니의 맛
strawberry,딸기,기존,레벨2,시장 바구니의 맛
sweet,달콤한 맛,기존,레벨1,시장 바구니의 맛
toast,토스트,기존,레벨1,아침 조리대
boil,끓이다,기존,레벨1,아침 조리대
bowl,볼 그릇,기존,레벨1,아침 조리대
chop,다지다,기존,레벨2,아침 조리대
dish,접시,기존,레벨1,아침 조리대
fry,튀기다,기존,레벨1,아침 조리대
recipe,조리법,신규,레벨2,아침 조리대
consume,소비하다,기존,레벨2,소스 혼합대
grocery,식료품,기존,레벨1,소스 혼합대
mix,섞다,기존,레벨1,소스 혼합대
pour,물을 주다,기존,레벨1,소스 혼합대
sauce,소스,기존,레벨1,소스 혼합대
menu,차림표,신규,레벨1,소스 혼합대
bacon,베이컨,기존,레벨2,소스 혼합대
bitter,쓴,신규,레벨2,소스 혼합대
melon,멜론,기존,레벨1,소스 혼합대
price,값,신규,레벨1,소스 혼합대
pot,도자기 화병,기존,레벨2,닫히는 찻장
pan,프라이팬,기존,레벨1,닫히는 찻장
plate,금속 동판,기존,레벨1,닫히는 찻장
tea,차,기존,레벨1,닫히는 찻장
supper,저녁 식사,기존,레벨1,닫히는 찻장
kettle,주전자,기존,레벨1,닫히는 찻장
budget,예산,신규,레벨1,가계 저울
coin,동전,기존,레벨1,가계 저울
credit,credit·학습,기존,레벨1,가계 저울
estimate,어림잡다,기존,레벨2,가계 저울
expense,비용,신규,레벨2,가계 저울
fee,요금,신규,레벨1,가계 저울
finance,재정,신규,레벨2,가계 저울
earn,벌다,기존,레벨1,가계 저울
stamp,우표,신규,레벨1,가계 저울
fund,자금,신규,레벨2,위험을 나누는 금고
income,수입,기존,레벨2,위험을 나누는 금고
insure,보험을 들다,기존,레벨2,위험을 나누는 금고
loan,대출,신규,레벨2,위험을 나누는 금고
loss,손실,신규,레벨2,위험을 나누는 금고
profit,이익,신규,레벨2,위험을 나누는 금고
afford,살 여유가 있다,기존,레벨2,위험을 나누는 금고
charge,값을 매기다,신규,레벨2,위험을 나누는 금고
debt,debt·도구,기존,레벨2,위험을 나누는 금고
economy,경제,기존,레벨2,위험을 나누는 금고
salary,salary·연주,기존,레벨2,노동의 몫
spend,쓰다,기존,레벨1,노동의 몫
tax,세금,신규,레벨2,노동의 몫
value,가치,신규,레벨1,노동의 몫
wage,품삯,기존,레벨2,노동의 몫
worth,가치 있는,신규,레벨2,노동의 몫
advertise,광고하다,기존,레벨2,노동의 몫
award,상,기존,레벨1,약속의 시장 천칭
bet,내기,기존,레벨2,약속의 시장 천칭
brand,상표,신규,레벨1,약속의 시장 천칭
commerce,장사,기존,레벨2,약속의 시장 천칭
contract,contract·도구,기존,레벨2,약속의 시장 천칭
demand,요구,기존,레벨2,약속의 시장 천칭
grant,내어 주다,기존,레벨2,약속의 시장 천칭
guarantee,보증,신규,레벨2,약속의 시장 천칭
invest,밑천을 대다,기존,레벨2,약속의 시장 천칭
prize,상품,기존,레벨2,창고 순환 시장
property,재산,신규,레벨2,창고 순환 시장
purchase,구입하다,신규,레벨2,창고 순환 시장
rent,빌리다,신규,레벨1,창고 순환 시장
sponsor,후원자,신규,레벨2,창고 순환 시장
stock,주식,신규,레벨2,창고 순환 시장
supply,공급,신규,레벨2,창고 순환 시장
trade,무역,신규,레벨1,창고 순환 시장
waste,낭비하다,신규,레벨2,창고 순환 시장
brick,벽돌,기존,레벨2,벽체 단면 공방
ceiling,천장,기존,레벨2,벽체 단면 공방
cottage,시골집,기존,레벨2,벽체 단면 공방
fence,울타리,기존,레벨1,벽체 단면 공방
frame,뼈대,기존,레벨1,벽체 단면 공방
bin,쓰레기통,기존,레벨2,벽체 단면 공방
cable,케이블,기존,레벨2,벽체 단면 공방
garage,차고,기존,레벨1,차고와 거실 단면
livingroom,거실,기존,레벨1,차고와 거실 단면
roof,지붕,기존,레벨1,차고와 거실 단면
shelf,선반,기존,레벨1,차고와 거실 단면
carpet,카펫,기존,레벨2,차고와 거실 단면
pet,반려동물,기존,레벨1,차고와 거실 단면
fur,부드러운 솜털,기존,레벨2,차고와 거실 단면
shower,샤워기,기존,레벨1,물 쓰는 층계집
stairs,계단,기존,레벨1,물 쓰는 층계집
toilet,변기,기존,레벨1,물 쓰는 층계집
villa,별장,기존,레벨2,물 쓰는 층계집
boot,부츠,기존,레벨2,물 쓰는 층계집
dump,버리다,기존,레벨2,물 쓰는 층계집
bar,창살,기존,레벨1,현관 정리 장치
bench,벤치,기존,레벨1,현관 정리 장치
blanket,담요,기존,레벨1,현관 정리 장치
chain,사슬,기존,레벨1,현관 정리 장치
furniture,가구,기존,레벨1,현관 정리 장치
iron,다리미,기존,레벨2,현관 정리 장치
lid,뚜껑,기존,레벨2,현관 정리 장치
lamp,램프,기존,레벨1,수선 작업벽
lock,자물쇠,기존,레벨1,수선 작업벽
mess,엉망,기존,레벨2,수선 작업벽
microwave,전자레인지,기존,레벨2,수선 작업벽
mirror,거울,기존,레벨1,수선 작업벽
oven,오븐,기존,레벨1,수선 작업벽
pin,핀,기존,레벨2,수선 작업벽
pipe,파이프,기존,레벨2,수선 작업벽
sheet,얇은 판,기존,레벨2,세탁 급수 선반
string,줄,기존,레벨1,세탁 급수 선반
tank,탱크,기존,레벨2,세탁 급수 선반
tap,꼭지,기존,레벨1,세탁 급수 선반
towel,수건,기존,레벨1,세탁 급수 선반
tray,쟁반,기존,레벨2,세탁 급수 선반
wire,철사,기존,레벨2,세탁 급수 선반
capital,수도,신규,레벨1,수도 교통 모형
cinema,영화관,기존,레벨1,수도 교통 모형
hall,회관,신규,레벨1,수도 교통 모형
hotel,호텔,신규,레벨1,수도 교통 모형
prison,교도소,기존,레벨2,수도 교통 모형
cycle,자전거,기존,레벨2,수도 교통 모형
museum,박물관,기존,레벨1,문화 언덕의 저녁
opera,오페라·가극,기존,레벨1,문화 언덕의 저녁
palace,궁전,기존,레벨1,문화 언덕의 저녁
post,지키는 자리,기존,레벨1,문화 언덕의 저녁
pub,선술집,기존,레벨2,문화 언덕의 저녁
station,역,신규,레벨1,배움 마을 환승장
studio,작업실,기존,레벨2,배움 마을 환승장
theater,공연장·극장,기존,레벨1,배움 마을 환승장
university,대학교,기존,레벨1,배움 마을 환승장
village,마을,기존,레벨1,배움 마을 환승장
helicopter,헬리콥터,신규,레벨2,배움 마을 환승장
motor,모터(전동기),기존,레벨2,배움 마을 환승장
exit,출구,기존,레벨2,배움 마을 환승장
gear,기어,기존,레벨2,배움 마을 환승장
engine,엔진,신규,레벨2,배움 마을 환승장
airport,공항,기존,레벨1,산악 환승 시험장
brake,브레이크,기존,레벨1,산악 환승 시험장
cart,수레,기존,레벨1,산악 환승 시험장
rail,철로,신규,레벨2,산악 환승 시험장
seat,좌석,기존,레벨1,산악 환승 시험장
tour,여행,기존,레벨1,산악 환승 시험장
traffic,거리 교통,기존,레벨1,산악 환승 시험장
flight,항공편,기존,레벨1,섬 여행 연결망
gate,탑승구,기존,레벨1,섬 여행 연결망
picnic,소풍,기존,레벨1,섬 여행 연결망
plane,비행기,기존,레벨1,섬 여행 연결망
ride,타다,기존,레벨1,섬 여행 연결망
transport,수송하다,신규,레벨2,섬 여행 연결망
van,승합차,신규,레벨2,섬 여행 연결망
vehicle,통학 차량,기존,레벨2,섬 여행 연결망
wheel,바퀴,기존,레벨1,섬 여행 연결망
airline,항공사,기존,레벨2,섬 여행 연결망
