영상번호,장면명,갈래,단어,레벨,원래레벨,보정
완성-01,빛을 보내는 등대,완성분,tower,레벨2,레벨1,O
완성-01,빛을 보내는 등대,완성분,island,레벨1,레벨1,
완성-01,빛을 보내는 등대,완성분,shine,레벨2,레벨1,O
완성-01,빛을 보내는 등대,완성분,warn,레벨2,레벨2,
완성-01,빛을 보내는 등대,완성분,cliff,레벨2,레벨2,
완성-01,빛을 보내는 등대,완성분,shore,레벨2,레벨1,O
완성-01,빛을 보내는 등대,완성분,guide,레벨2,레벨2,
완성-01,빛을 보내는 등대,완성분,flash,레벨2,레벨2,
완성-02,바람을 타는 범선,완성분,sail,레벨2,레벨2,
완성-02,바람을 타는 범선,완성분,deck,레벨2,레벨2,
완성-02,바람을 타는 범선,완성분,rope,레벨2,레벨1,O
완성-02,바람을 타는 범선,완성분,flag,레벨1,레벨1,
완성-02,바람을 타는 범선,완성분,journey,레벨2,레벨1,O
완성-02,바람을 타는 범선,완성분,row,레벨2,레벨1,O
완성-02,바람을 타는 범선,완성분,port,레벨2,레벨2,
완성-02,바람을 타는 범선,완성분,navy,레벨2,레벨2,
완성-03,돌고래가 따라오는 배,완성분,calm,레벨2,레벨2,
완성-03,돌고래가 따라오는 배,완성분,distance,레벨2,레벨2,
완성-03,돌고래가 따라오는 배,완성분,dolphin,레벨1,레벨2,O
완성-03,돌고래가 따라오는 배,완성분,leap,레벨2,레벨2,
완성-03,돌고래가 따라오는 배,완성분,follow,레벨1,레벨1,
완성-03,돌고래가 따라오는 배,완성분,float,레벨2,레벨1,O
완성-03,돌고래가 따라오는 배,완성분,reflect,레벨2,레벨1,O
완성-03,돌고래가 따라오는 배,완성분,silver,레벨1,레벨1,
완성-04,고래와 깊은 바다,완성분,whale,레벨2,레벨2,
완성-04,고래와 깊은 바다,완성분,wave,레벨2,레벨1,O
완성-04,고래와 깊은 바다,완성분,rise,레벨2,레벨2,
완성-04,고래와 깊은 바다,완성분,surface,레벨2,레벨2,
완성-04,고래와 깊은 바다,완성분,ocean,레벨2,레벨2,
완성-04,고래와 깊은 바다,완성분,dive,레벨2,레벨2,
완성-04,고래와 깊은 바다,완성분,spray,레벨2,레벨2,
완성-04,고래와 깊은 바다,완성분,bubble,레벨2,레벨2,
완성-05,깊은 바다의 산호 협곡,완성분,shadow,레벨2,레벨1,O
완성-05,깊은 바다의 산호 협곡,완성분,shell,레벨2,레벨1,O
완성-05,깊은 바다의 산호 협곡,완성분,seal,레벨2,레벨2,
완성-05,깊은 바다의 산호 협곡,완성분,tide,레벨2,레벨2,
완성-05,깊은 바다의 산호 협곡,완성분,current,레벨2,레벨2,
완성-05,깊은 바다의 산호 협곡,완성분,sink,레벨2,레벨1,O
완성-05,깊은 바다의 산호 협곡,완성분,cage,레벨2,레벨2,
완성-05,깊은 바다의 산호 협곡,완성분,stream,레벨2,레벨2,
완성-06,곶을 돌아 열리는 만,완성분,adventure,레벨2,레벨1,O
완성-06,곶을 돌아 열리는 만,완성분,bay,레벨2,레벨1,O
완성-06,곶을 돌아 열리는 만,완성분,cape,레벨2,레벨2,
완성-06,곶을 돌아 열리는 만,완성분,channel,레벨2,레벨2,
완성-06,곶을 돌아 열리는 만,완성분,coast,레벨2,레벨1,O
완성-06,곶을 돌아 열리는 만,완성분,flood,레벨2,레벨1,O
완성-06,곶을 돌아 열리는 만,완성분,flow,레벨2,레벨2,
완성-06,곶을 돌아 열리는 만,완성분,pool,레벨1,레벨1,
완성-01,새벽 언덕의 양떼,완성분,dawn,레벨2,레벨2,
완성-01,새벽 언덕의 양떼,완성분,mount,레벨2,레벨2,
완성-01,새벽 언덕의 양떼,완성분,path,레벨2,레벨1,O
완성-01,새벽 언덕의 양떼,완성분,lawn,레벨2,레벨2,
완성-01,새벽 언덕의 양떼,완성분,sheep,레벨1,레벨1,
완성-01,새벽 언덕의 양떼,완성분,lamb,레벨2,레벨2,
완성-01,새벽 언덕의 양떼,완성분,wool,레벨2,레벨1,O
완성-02,참나무 한 그루,완성분,oak,레벨2,레벨1,O
완성-02,참나무 한 그루,완성분,trunk,레벨2,레벨2,
완성-02,참나무 한 그루,완성분,branch,레벨2,레벨1,O
완성-02,참나무 한 그루,완성분,leaf,레벨1,레벨1,
완성-02,참나무 한 그루,완성분,root,레벨2,레벨1,O
완성-02,참나무 한 그루,완성분,seed,레벨2,레벨1,O
완성-02,참나무 한 그루,완성분,bark,레벨2,레벨2,
완성-02,참나무 한 그루,완성분,bush,레벨2,레벨1,O
완성-03,사바나의 기린과 얼룩말,완성분,giraffe,레벨2,레벨2,
완성-03,사바나의 기린과 얼룩말,완성분,zebra,레벨2,레벨2,
완성-03,사바나의 기린과 얼룩말,완성분,wild,레벨2,레벨1,O
완성-03,사바나의 기린과 얼룩말,완성분,desert,레벨2,레벨1,O
완성-03,사바나의 기린과 얼룩말,완성분,dust,레벨2,레벨1,O
완성-03,사바나의 기린과 얼룩말,완성분,soil,레벨2,레벨2,
완성-03,사바나의 기린과 얼룩말,완성분,pile,레벨2,레벨1,O
완성-03,사바나의 기린과 얼룩말,완성분,edge,레벨2,레벨2,
완성-03,사바나의 기린과 얼룩말,완성분,noon,레벨2,레벨1,O
완성-04,꽃 피는 덤불과 벌레,완성분,bloom,레벨2,레벨1,O
완성-04,꽃 피는 덤불과 벌레,완성분,ant,레벨2,레벨2,
완성-04,꽃 피는 덤불과 벌레,완성분,bug,레벨2,레벨1,O
완성-04,꽃 피는 덤불과 벌레,완성분,wing,레벨1,레벨2,O
완성-04,꽃 피는 덤불과 벌레,완성분,nest,레벨2,레벨1,O
완성-04,꽃 피는 덤불과 벌레,완성분,feed,레벨2,레벨1,O
완성-04,꽃 피는 덤불과 벌레,완성분,spot,레벨2,레벨1,O
완성-04,꽃 피는 덤불과 벌레,완성분,plant,레벨1,레벨1,
완성-05,늪가의 개구리,완성분,frog,레벨2,레벨1,O
완성-05,늪가의 개구리,완성분,mud,레벨2,레벨2,
완성-05,늪가의 개구리,완성분,hole,레벨1,레벨1,
완성-05,늪가의 개구리,완성분,dirt,레벨2,레벨2,
완성-05,늪가의 개구리,완성분,log,레벨2,레벨2,
완성-05,늪가의 개구리,완성분,snake,레벨2,레벨1,O
완성-05,늪가의 개구리,완성분,rat,레벨2,레벨1,O
완성-05,늪가의 개구리,완성분,shade,레벨2,레벨1,O
완성-06,시골길과 열기구,완성분,countryside,레벨2,레벨1,O
완성-06,시골길과 열기구,완성분,lane,레벨2,레벨1,O
완성-06,시골길과 열기구,완성분,route,레벨2,레벨2,
완성-06,시골길과 열기구,완성분,highway,레벨2,레벨1,O
완성-06,시골길과 열기구,완성분,pole,레벨2,레벨2,
완성-06,시골길과 열기구,완성분,balloon,레벨1,레벨1,
완성-06,시골길과 열기구,완성분,square,레벨1,레벨1,
완성-06,시골길과 열기구,완성분,pine,레벨1,레벨2,O
S1-013,부두의 진급식,일과 직업,captain,레벨1,레벨1,
S1-013,부두의 진급식,일과 직업,chief,레벨2,레벨2,
S1-013,부두의 진급식,일과 직업,military,레벨2,레벨1,O
S1-013,부두의 진급식,일과 직업,officer,레벨2,레벨1,O
S1-013,부두의 진급식,일과 직업,soldier,레벨2,레벨1,O
S1-013,부두의 진급식,일과 직업,promote,레벨2,레벨2,
S1-014,채용을 결정하는 회의실,일과 직업,boss,레벨2,레벨1,O
S1-014,채용을 결정하는 회의실,일과 직업,chairman,레벨2,레벨1,O
S1-014,채용을 결정하는 회의실,일과 직업,client,레벨2,레벨2,
S1-014,채용을 결정하는 회의실,일과 직업,employ,레벨2,레벨2,
S1-014,채용을 결정하는 회의실,일과 직업,hire,레벨2,레벨2,
S1-014,채용을 결정하는 회의실,일과 직업,secretary,레벨2,레벨1,O
S1-015,무료 법률상담 사무소,일과 직업,agent,레벨2,레벨1,O
S1-015,무료 법률상담 사무소,일과 직업,clerk,레벨2,레벨1,O
S1-015,무료 법률상담 사무소,일과 직업,firm,레벨2,레벨2,
S1-015,무료 법률상담 사무소,일과 직업,lawyer,레벨2,레벨1,O
S1-015,무료 법률상담 사무소,일과 직업,volunteer,레벨2,레벨2,
S1-016,강철 부품 생산선,일과 직업,engineer,레벨2,레벨1,O
S1-016,강철 부품 생산선,일과 직업,factory,레벨2,레벨1,O
S1-016,강철 부품 생산선,일과 직업,industry,레벨2,레벨2,
S1-016,강철 부품 생산선,일과 직업,labor,레벨2,레벨2,
S1-016,강철 부품 생산선,일과 직업,manufacture,레벨2,레벨2,
S1-016,강철 부품 생산선,일과 직업,mill,레벨2,레벨2,
S1-017,치과 재료 연구실,일과 직업,career,레벨2,레벨2,
S1-017,치과 재료 연구실,일과 직업,dentist,레벨2,레벨1,O
S1-017,치과 재료 연구실,일과 직업,expert,레벨2,레벨1,O
S1-017,치과 재료 연구실,일과 직업,lab,레벨2,레벨2,
S1-017,치과 재료 연구실,일과 직업,laboratory,레벨2,레벨2,
S1-017,치과 재료 연구실,일과 직업,profession,레벨2,레벨2,
S1-018,시 낭독 리허설,일과 직업,coach,레벨2,레벨1,O
S1-018,시 낭독 리허설,일과 직업,guard,레벨2,레벨1,O
S1-018,시 낭독 리허설,일과 직업,guest,레벨2,레벨1,O
S1-018,시 낭독 리허설,일과 직업,master,레벨2,레벨2,
S1-018,시 낭독 리허설,일과 직업,poet,레벨2,레벨2,
S1-019,어둠 속 감각실험,몸과 감각,blind,레벨2,레벨2,
S1-019,어둠 속 감각실험,몸과 감각,brain,레벨2,레벨1,O
S1-019,어둠 속 감각실험,몸과 감각,cheek,레벨2,레벨1,O
S1-019,어둠 속 감각실험,몸과 감각,glance,레벨2,레벨2,
S1-019,어둠 속 감각실험,몸과 감각,hear,레벨1,레벨1,
S1-019,어둠 속 감각실험,몸과 감각,nerve,레벨2,레벨2,
S1-019,어둠 속 감각실험,몸과 감각,sight,레벨1,레벨1,
S1-019,어둠 속 감각실험,몸과 감각,stare,레벨2,레벨2,
S1-019,어둠 속 감각실험,몸과 감각,tear,레벨2,레벨1,O
S1-020,숨과 목의 단면,몸과 감각,breast,레벨2,레벨2,
S1-020,숨과 목의 단면,몸과 감각,breath,레벨2,레벨2,
S1-020,숨과 목의 단면,몸과 감각,breathe,레벨2,레벨1,O
S1-020,숨과 목의 단면,몸과 감각,cell,레벨2,레벨2,
S1-020,숨과 목의 단면,몸과 감각,chest,레벨2,레벨1,O
S1-020,숨과 목의 단면,몸과 감각,cough,레벨2,레벨2,
S1-020,숨과 목의 단면,몸과 감각,shoulder,레벨1,레벨1,
S1-020,숨과 목의 단면,몸과 감각,throat,레벨2,레벨2,
S1-020,숨과 목의 단면,몸과 감각,tongue,레벨2,레벨2,
S1-021,몸의 움직임과 식사,몸과 감각,chew,레벨2,레벨2,
S1-021,몸의 움직임과 식사,몸과 감각,height,레벨2,레벨2,
S1-021,몸의 움직임과 식사,몸과 감각,jaw,레벨2,레벨2,
S1-021,몸의 움직임과 식사,몸과 감각,knee,레벨1,레벨1,
S1-021,몸의 움직임과 식사,몸과 감각,muscle,레벨2,레벨2,
S1-021,몸의 움직임과 식사,몸과 감각,nail,레벨2,레벨2,
S1-021,몸의 움직임과 식사,몸과 감각,stomach,레벨2,레벨1,O
S1-021,몸의 움직임과 식사,몸과 감각,swallow,레벨2,레벨1,O
S1-021,몸의 움직임과 식사,몸과 감각,toe,레벨2,레벨1,O
S1-022,의상실의 맞춤 준비,옷과 몸치장,blonde,레벨2,레벨1,O
S1-022,의상실의 맞춤 준비,옷과 몸치장,cotton,레벨2,레벨2,
S1-022,의상실의 맞춤 준비,옷과 몸치장,curl,레벨2,레벨2,
S1-022,의상실의 맞춤 준비,옷과 몸치장,glove,레벨1,레벨1,
S1-022,의상실의 맞춤 준비,옷과 몸치장,mask,레벨2,레벨2,
S1-022,의상실의 맞춤 준비,옷과 몸치장,scarf,레벨2,레벨1,O
S1-022,의상실의 맞춤 준비,옷과 몸치장,sweater,레벨1,레벨1,
S1-022,의상실의 맞춤 준비,옷과 몸치장,uniform,레벨2,레벨1,O
S1-023,출근 전 옷매무새,옷과 몸치장,bare,레벨2,레벨2,
S1-023,출근 전 옷매무새,옷과 몸치장,fit,레벨2,레벨1,O
S1-023,출근 전 옷매무새,옷과 몸치장,jeans,레벨2,레벨1,O
S1-023,출근 전 옷매무새,옷과 몸치장,pocket,레벨1,레벨1,
S1-023,출근 전 옷매무새,옷과 몸치장,shave,레벨2,레벨2,
S1-023,출근 전 옷매무새,옷과 몸치장,suit,레벨2,레벨1,O
S1-024,자동 전력 제어판,기계와 도구,automatic,레벨2,레벨1,O
S1-024,자동 전력 제어판,기계와 도구,battery,레벨2,레벨1,O
S1-024,자동 전력 제어판,기계와 도구,disc,레벨2,레벨1,O
S1-024,자동 전력 제어판,기계와 도구,electric,레벨2,레벨1,O
S1-024,자동 전력 제어판,기계와 도구,monitor,레벨2,레벨2,
S1-024,자동 전력 제어판,기계와 도구,pump,레벨2,레벨2,
S1-024,자동 전력 제어판,기계와 도구,switch,레벨1,레벨2,O
S1-024,자동 전력 제어판,기계와 도구,technology,레벨2,레벨1,O
S1-025,압연기의 힘,기계와 도구,coal,레벨2,레벨2,
S1-025,압연기의 힘,기계와 도구,force,레벨2,레벨1,O
S1-025,압연기의 힘,기계와 도구,glue,레벨2,레벨1,O
S1-025,압연기의 힘,기계와 도구,machine,레벨2,레벨1,O
S1-025,압연기의 힘,기계와 도구,metal,레벨2,레벨1,O
S1-025,압연기의 힘,기계와 도구,principle,레벨2,레벨2,
S1-025,압연기의 힘,기계와 도구,steel,레벨2,레벨2,
S1-025,압연기의 힘,기계와 도구,tool,레벨2,레벨1,O
S1-026,부품 식별 작업대,기계와 도구,click,레벨2,레벨1,O
S1-026,부품 식별 작업대,기계와 도구,code,레벨2,레벨1,O
S1-026,부품 식별 작업대,기계와 도구,element,레벨2,레벨2,
S1-026,부품 식별 작업대,기계와 도구,instrument,레벨2,레벨1,O
S1-026,부품 식별 작업대,기계와 도구,label,레벨2,레벨2,
S1-026,부품 식별 작업대,기계와 도구,net,레벨2,레벨1,O
S1-026,부품 식별 작업대,기계와 도구,screen,레벨2,레벨1,O
S1-026,부품 식별 작업대,기계와 도구,tin,레벨2,레벨2,
S1-027,두 사람의 마을광장,사람과 관계,audience,레벨2,레벨1,O
S1-027,두 사람의 마을광장,사람과 관계,citizen,레벨2,레벨1,O
S1-027,두 사람의 마을광장,사람과 관계,community,레벨2,레벨2,
S1-027,두 사람의 마을광장,사람과 관계,crowd,레벨2,레벨1,O
S1-027,두 사람의 마을광장,사람과 관계,folk,레벨2,레벨2,
S1-027,두 사람의 마을광장,사람과 관계,individual,레벨2,레벨2,
S1-027,두 사람의 마을광장,사람과 관계,native,레벨2,레벨1,O
S1-027,두 사람의 마을광장,사람과 관계,society,레벨2,레벨1,O
S1-028,원탁의 협의,사람과 관계,associate,레벨2,레벨2,
S1-028,원탁의 협의,사람과 관계,committee,레벨2,레벨1,O
S1-028,원탁의 협의,사람과 관계,contact,레벨2,레벨1,O
S1-028,원탁의 협의,사람과 관계,council,레벨2,레벨2,
S1-028,원탁의 협의,사람과 관계,involve,레벨2,레벨2,
S1-028,원탁의 협의,사람과 관계,relate,레벨2,레벨2,
S1-028,원탁의 협의,사람과 관계,respect,레벨2,레벨2,
S1-028,원탁의 협의,사람과 관계,senior,레벨2,레벨1,O
S1-029,갈라진 두 집의 약속,사람과 관계,attract,레벨2,레벨2,
S1-029,갈라진 두 집의 약속,사람과 관계,darling,레벨2,레벨2,
S1-029,갈라진 두 집의 약속,사람과 관계,depend,레벨2,레벨1,O
S1-029,갈라진 두 집의 약속,사람과 관계,divorce,레벨2,레벨2,
S1-029,갈라진 두 집의 약속,사람과 관계,engage,레벨2,레벨2,
S1-029,갈라진 두 집의 약속,사람과 관계,female,레벨2,레벨1,O
S1-029,갈라진 두 집의 약속,사람과 관계,male,레벨2,레벨1,O
S1-029,갈라진 두 집의 약속,사람과 관계,twin,레벨2,레벨2,
S1-030,이웃이 된 두 세대,사람과 관계,bond,레벨2,레벨2,
S1-030,이웃이 된 두 세대,사람과 관계,fellow,레벨2,레벨2,
S1-030,이웃이 된 두 세대,사람과 관계,junior,레벨2,레벨1,O
S1-030,이웃이 된 두 세대,사람과 관계,mate,레벨2,레벨2,
S1-030,이웃이 된 두 세대,사람과 관계,neighbor,레벨2,레벨1,O
S1-030,이웃이 된 두 세대,사람과 관계,person,레벨2,레벨1,O
S1-030,이웃이 된 두 세대,사람과 관계,slave,레벨2,레벨1,O
S1-031,성벽의 방어선,싸움과 지킴,army,레벨2,레벨2,
S1-031,성벽의 방어선,싸움과 지킴,attack,레벨2,레벨1,O
S1-031,성벽의 방어선,싸움과 지킴,battle,레벨2,레벨2,
S1-031,성벽의 방어선,싸움과 지킴,bomb,레벨2,레벨2,
S1-031,성벽의 방어선,싸움과 지킴,defense,레벨2,레벨2,
S1-031,성벽의 방어선,싸움과 지킴,enemy,레벨2,레벨2,
S1-031,성벽의 방어선,싸움과 지킴,violent,레벨2,레벨1,O
S1-031,성벽의 방어선,싸움과 지킴,weapon,레벨2,레벨2,
S1-032,도난 현장의 단서,싸움과 지킴,arrest,레벨2,레벨2,
S1-032,도난 현장의 단서,싸움과 지킴,crime,레벨2,레벨1,O
S1-032,도난 현장의 단서,싸움과 지킴,punish,레벨2,레벨2,
S1-032,도난 현장의 단서,싸움과 지킴,rob,레벨2,레벨1,O
S1-032,도난 현장의 단서,싸움과 지킴,steal,레벨2,레벨1,O
S1-032,도난 현장의 단서,싸움과 지킴,suspect,레벨2,레벨2,
S1-032,도난 현장의 단서,싸움과 지킴,thief,레벨2,레벨1,O
S1-032,도난 현장의 단서,싸움과 지킴,threat,레벨2,레벨2,
S1-033,재난 대피 통로,싸움과 지킴,escape,레벨2,레벨1,O
S1-033,재난 대피 통로,싸움과 지킴,gun,레벨2,레벨1,O
S1-033,재난 대피 통로,싸움과 지킴,harm,레벨2,레벨1,O
S1-033,재난 대피 통로,싸움과 지킴,protect,레벨2,레벨2,
S1-033,재난 대피 통로,싸움과 지킴,shelter,레벨2,레벨2,
S1-033,재난 대피 통로,싸움과 지킴,struggle,레벨2,레벨2,
S1-033,재난 대피 통로,싸움과 지킴,survive,레벨2,레벨1,O
S1-033,재난 대피 통로,싸움과 지킴,victim,레벨2,레벨2,
S1-034,광장의 평화 저항,싸움과 지킴,beat,레벨2,레벨2,
S1-034,광장의 평화 저항,싸움과 지킴,conflict,레벨2,레벨2,
S1-034,광장의 평화 저항,싸움과 지킴,evil,레벨2,레벨2,
S1-034,광장의 평화 저항,싸움과 지킴,oppose,레벨2,레벨1,O
S1-034,광장의 평화 저항,싸움과 지킴,protest,레벨2,레벨2,
S1-034,광장의 평화 저항,싸움과 지킴,resist,레벨2,레벨2,
S1-034,광장의 평화 저항,싸움과 지킴,spy,레벨2,레벨1,O
S1-034,광장의 평화 저항,싸움과 지킴,strike,레벨1,레벨1,
S1-035,증거와 판결,규칙과 사회,accuse,레벨2,레벨2,
S1-035,증거와 판결,규칙과 사회,cop,레벨2,레벨1,O
S1-035,증거와 판결,규칙과 사회,guilt,레벨2,레벨2,
S1-035,증거와 판결,규칙과 사회,innocent,레벨2,레벨2,
S1-035,증거와 판결,규칙과 사회,judge,레벨2,레벨1,O
S1-035,증거와 판결,규칙과 사회,justice,레벨2,레벨2,
S1-035,증거와 판결,규칙과 사회,law,레벨2,레벨1,O
S1-035,증거와 판결,규칙과 사회,legal,레벨2,레벨2,
S1-036,시민의 선택,규칙과 사회,civil,레벨2,레벨2,
S1-036,시민의 선택,규칙과 사회,duty,레벨2,레벨2,
S1-036,시민의 선택,규칙과 사회,elect,레벨2,레벨2,
S1-036,시민의 선택,규칙과 사회,empire,레벨2,레벨2,
S1-036,시민의 선택,규칙과 사회,govern,레벨2,레벨2,
S1-036,시민의 선택,규칙과 사회,policy,레벨2,레벨2,
S1-036,시민의 선택,규칙과 사회,politics,레벨2,레벨2,
S1-036,시민의 선택,규칙과 사회,public,레벨2,레벨1,O
S1-036,시민의 선택,규칙과 사회,vote,레벨2,레벨1,O
S1-037,공용과 전용의 경계,규칙과 사회,discipline,레벨2,레벨2,
S1-037,공용과 전용의 경계,규칙과 사회,license,레벨2,레벨2,
S1-037,공용과 전용의 경계,규칙과 사회,moral,레벨2,레벨2,
S1-037,공용과 전용의 경계,규칙과 사회,privacy,레벨2,레벨2,
S1-037,공용과 전용의 경계,규칙과 사회,private,레벨2,레벨1,O
S1-037,공용과 전용의 경계,규칙과 사회,responsible,레벨2,레벨2,
S1-037,공용과 전용의 경계,규칙과 사회,rule,레벨2,레벨1,O
S1-037,공용과 전용의 경계,규칙과 사회,standard,레벨2,레벨2,
S1-038,작은 극장의 웃음,기쁨과 슬픔,amuse,레벨2,레벨2,
S1-038,작은 극장의 웃음,기쁨과 슬픔,entertain,레벨2,레벨2,
S1-038,작은 극장의 웃음,기쁨과 슬픔,excite,레벨1,레벨1,
S1-038,작은 극장의 웃음,기쁨과 슬픔,humor,레벨2,레벨2,
S1-038,작은 극장의 웃음,기쁨과 슬픔,joy,레벨2,레벨1,O
S1-038,작은 극장의 웃음,기쁨과 슬픔,laugh,레벨1,레벨1,
S1-038,작은 극장의 웃음,기쁨과 슬픔,satisfy,레벨2,레벨1,O
S1-039,명예의 전시대,기쁨과 슬픔,admire,레벨2,레벨1,O
S1-039,명예의 전시대,기쁨과 슬픔,appreciate,레벨2,레벨1,O
S1-039,명예의 전시대,기쁨과 슬픔,glory,레벨2,레벨2,
S1-039,명예의 전시대,기쁨과 슬픔,honor,레벨2,레벨2,
S1-039,명예의 전시대,기쁨과 슬픔,pride,레벨2,레벨1,O
S1-039,명예의 전시대,기쁨과 슬픔,proud,레벨2,레벨2,
S1-040,비 온 뒤의 쉼터,기쁨과 슬픔,cheer,레벨2,레벨1,O
S1-040,비 온 뒤의 쉼터,기쁨과 슬픔,comfort,레벨2,레벨2,
S1-040,비 온 뒤의 쉼터,기쁨과 슬픔,delight,레벨2,레벨2,
S1-040,비 온 뒤의 쉼터,기쁨과 슬픔,peace,레벨1,레벨1,
S1-040,비 온 뒤의 쉼터,기쁨과 슬픔,relax,레벨2,레벨1,O
S1-040,비 온 뒤의 쉼터,기쁨과 슬픔,relief,레벨2,레벨2,
S1-041,넘어진 물감 선반,화와 두려움,anger,레벨2,레벨2,
S1-041,넘어진 물감 선반,화와 두려움,annoy,레벨2,레벨1,O
S1-041,넘어진 물감 선반,화와 두려움,bother,레벨2,레벨1,O
S1-041,넘어진 물감 선반,화와 두려움,cruel,레벨2,레벨2,
S1-041,넘어진 물감 선반,화와 두려움,rude,레벨2,레벨1,O
S1-041,넘어진 물감 선반,화와 두려움,upset,레벨2,레벨1,O
S1-042,검사실 앞의 기다림,화와 두려움,anxious,레벨2,레벨1,O
S1-042,검사실 앞의 기다림,화와 두려움,concern,레벨2,레벨1,O
S1-042,검사실 앞의 기다림,화와 두려움,fear,레벨2,레벨1,O
S1-042,검사실 앞의 기다림,화와 두려움,fright,레벨2,레벨2,
S1-042,검사실 앞의 기다림,화와 두려움,panic,레벨2,레벨1,O
S1-042,검사실 앞의 기다림,화와 두려움,scare,레벨2,레벨2,
S1-043,고장 난 관제실,화와 두려움,disturb,레벨2,레벨1,O
S1-043,고장 난 관제실,화와 두려움,frustrate,레벨2,레벨2,
S1-043,고장 난 관제실,화와 두려움,shock,레벨2,레벨1,O
S1-043,고장 난 관제실,화와 두려움,stress,레벨2,레벨2,
S1-043,고장 난 관제실,화와 두려움,tense,레벨2,레벨2,
S1-043,고장 난 관제실,화와 두려움,trouble,레벨2,레벨1,O
S1-044,식탁에 남은 한 자리,부끄러움과 미움,awkward,레벨2,레벨2,
S1-044,식탁에 남은 한 자리,부끄러움과 미움,blame,레벨2,레벨1,O
S1-044,식탁에 남은 한 자리,부끄러움과 미움,disgust,레벨2,레벨2,
S1-044,식탁에 남은 한 자리,부끄러움과 미움,embarrass,레벨2,레벨2,
S1-044,식탁에 남은 한 자리,부끄러움과 미움,ignore,레벨2,레벨2,
S1-044,식탁에 남은 한 자리,부끄러움과 미움,shame,레벨2,레벨2,
S1-044,식탁에 남은 한 자리,부끄러움과 미움,silly,레벨2,레벨1,O
S1-045,막차 뒤의 승강장,바람과 아쉬움,bore,레벨2,레벨2,
S1-045,막차 뒤의 승강장,바람과 아쉬움,depress,레벨2,레벨2,
S1-045,막차 뒤의 승강장,바람과 아쉬움,desire,레벨2,레벨2,
S1-045,막차 뒤의 승강장,바람과 아쉬움,desperate,레벨2,레벨2,
S1-045,막차 뒤의 승강장,바람과 아쉬움,disappoint,레벨2,레벨2,
S1-045,막차 뒤의 승강장,바람과 아쉬움,hesitate,레벨2,레벨2,
S1-045,막차 뒤의 승강장,바람과 아쉬움,lack,레벨2,레벨1,O
S1-045,막차 뒤의 승강장,바람과 아쉬움,pity,레벨2,레벨1,O
S1-045,막차 뒤의 승강장,바람과 아쉬움,sore,레벨2,레벨2,
S1-046,상자 속 빛의 정원,놀람과 궁금함,amaze,레벨2,레벨2,
S1-046,상자 속 빛의 정원,놀람과 궁금함,brilliant,레벨2,레벨1,O
S1-046,상자 속 빛의 정원,놀람과 궁금함,fancy,레벨2,레벨1,O
S1-046,상자 속 빛의 정원,놀람과 궁금함,gorgeous,레벨2,레벨2,
S1-046,상자 속 빛의 정원,놀람과 궁금함,magic,레벨2,레벨1,O
S1-046,상자 속 빛의 정원,놀람과 궁금함,surprise,레벨1,레벨1,
S1-047,폐성당의 단서,놀람과 궁금함,angel,레벨2,레벨1,O
S1-047,폐성당의 단서,놀람과 궁금함,clue,레벨2,레벨1,O
S1-047,폐성당의 단서,놀람과 궁금함,curious,레벨2,레벨2,
S1-047,폐성당의 단서,놀람과 궁금함,fascinate,레벨2,레벨2,
S1-047,폐성당의 단서,놀람과 궁금함,ghost,레벨2,레벨1,O
S1-047,폐성당의 단서,놀람과 궁금함,mystery,레벨2,레벨1,O
S1-048,거울 미궁의 비밀,놀람과 궁금함,fantastic,레벨2,레벨1,O
S1-048,거울 미궁의 비밀,놀람과 궁금함,hell,레벨2,레벨2,
S1-048,거울 미궁의 비밀,놀람과 궁금함,impress,레벨2,레벨1,O
S1-048,거울 미궁의 비밀,놀람과 궁금함,marvel,레벨2,레벨2,
S1-048,거울 미궁의 비밀,놀람과 궁금함,puzzle,레벨2,레벨2,
S1-048,거울 미궁의 비밀,놀람과 궁금함,strange,레벨1,레벨1,
S1-048,거울 미궁의 비밀,놀람과 궁금함,trick,레벨2,레벨1,O
S1-048,거울 미궁의 비밀,놀람과 궁금함,wonder,레벨1,레벨1,
S1-049,금이 간 다리의 검증,믿음과 의심,belief,레벨2,레벨2,
S1-049,금이 간 다리의 검증,믿음과 의심,confirm,레벨2,레벨2,
S1-049,금이 간 다리의 검증,믿음과 의심,doubt,레벨2,레벨1,O
S1-049,금이 간 다리의 검증,믿음과 의심,evidence,레벨2,레벨1,O
S1-049,금이 간 다리의 검증,믿음과 의심,faith,레벨2,레벨2,
S1-049,금이 간 다리의 검증,믿음과 의심,prove,레벨2,레벨2,
S1-049,금이 간 다리의 검증,믿음과 의심,rely,레벨2,레벨2,
S1-049,금이 간 다리의 검증,믿음과 의심,trust,레벨2,레벨1,O
S1-049,금이 간 다리의 검증,믿음과 의심,truth,레벨2,레벨1,O
S1-050,가설의 모형실,생각하기,assume,레벨2,레벨2,
S1-050,가설의 모형실,생각하기,concept,레벨2,레벨2,
S1-050,가설의 모형실,생각하기,context,레벨2,레벨1,O
S1-050,가설의 모형실,생각하기,define,레벨2,레벨2,
S1-050,가설의 모형실,생각하기,suppose,레벨2,레벨2,
S1-050,가설의 모형실,생각하기,theory,레벨2,레벨2,
S1-050,가설의 모형실,생각하기,title,레벨2,레벨1,O
S1-051,세밀 관찰대,생각하기,attention,레벨2,레벨1,O
S1-051,세밀 관찰대,생각하기,concentrate,레벨2,레벨1,O
S1-051,세밀 관찰대,생각하기,confuse,레벨2,레벨1,O
S1-051,세밀 관찰대,생각하기,detect,레벨2,레벨2,
S1-051,세밀 관찰대,생각하기,examine,레벨2,레벨2,
S1-051,세밀 관찰대,생각하기,inspect,레벨2,레벨2,
S1-051,세밀 관찰대,생각하기,notice,레벨2,레벨1,O
S1-052,사라진 물길 조사,생각하기,consider,레벨2,레벨1,O
S1-052,사라진 물길 조사,생각하기,determine,레벨2,레벨2,
S1-052,사라진 물길 조사,생각하기,investigate,레벨2,레벨2,
S1-052,사라진 물길 조사,생각하기,method,레벨2,레벨1,O
S1-052,사라진 물길 조사,생각하기,observe,레벨2,레벨2,
S1-052,사라진 물길 조사,생각하기,reason,레벨2,레벨1,O
S1-052,사라진 물길 조사,생각하기,solve,레벨2,레벨1,O
S1-052,사라진 물길 조사,생각하기,strategy,레벨2,레벨1,O
S1-053,서로 다른 해석,생각하기,attitude,레벨2,레벨1,O
S1-053,서로 다른 해석,생각하기,imagine,레벨2,레벨1,O
S1-053,서로 다른 해석,생각하기,opinion,레벨2,레벨1,O
S1-053,서로 다른 해석,생각하기,recognize,레벨2,레벨2,
S1-053,서로 다른 해석,생각하기,regard,레벨2,레벨2,
S1-053,서로 다른 해석,생각하기,remind,레벨2,레벨1,O
S1-053,서로 다른 해석,생각하기,tend,레벨2,레벨2,
S1-054,자료실의 분류벽,글과 기록,analysis,레벨2,레벨2,
S1-054,자료실의 분류벽,글과 기록,arrange,레벨2,레벨2,
S1-054,자료실의 분류벽,글과 기록,article,레벨2,레벨1,O
S1-054,자료실의 분류벽,글과 기록,catalog,레벨2,레벨2,
S1-054,자료실의 분류벽,글과 기록,chart,레벨2,레벨1,O
S1-054,자료실의 분류벽,글과 기록,graph,레벨2,레벨2,
S1-054,자료실의 분류벽,글과 기록,list,레벨1,레벨1,
S1-054,자료실의 분류벽,글과 기록,magazine,레벨2,레벨1,O
S1-054,자료실의 분류벽,글과 기록,topic,레벨2,레벨1,O
S1-054,자료실의 분류벽,글과 기록,clip,레벨2,레벨2,
S1-055,무대 원고 편집실,글과 기록,assess,레벨2,레벨2,
S1-055,무대 원고 편집실,글과 기록,comedy,레벨2,레벨2,
S1-055,무대 원고 편집실,글과 기록,drama,레벨2,레벨1,O
S1-055,무대 원고 편집실,글과 기록,edit,레벨2,레벨2,
S1-055,무대 원고 편집실,글과 기록,language,레벨2,레벨1,O
S1-055,무대 원고 편집실,글과 기록,poem,레벨2,레벨1,O
S1-055,무대 원고 편집실,글과 기록,scene,레벨2,레벨1,O
S1-055,무대 원고 편집실,글과 기록,spell,레벨1,레벨1,
S1-055,무대 원고 편집실,글과 기록,text,레벨2,레벨1,O
S1-055,무대 원고 편집실,글과 기록,transfer,레벨2,레벨2,
S1-056,여행기록 보존대,글과 기록,diary,레벨1,레벨1,
S1-056,여행기록 보존대,글과 기록,dictionary,레벨1,레벨1,
S1-056,여행기록 보존대,글과 기록,document,레벨2,레벨2,
S1-056,여행기록 보존대,글과 기록,envelope,레벨2,레벨1,O
S1-056,여행기록 보존대,글과 기록,essay,레벨2,레벨1,O
S1-056,여행기록 보존대,글과 기록,object,레벨2,레벨2,
S1-056,여행기록 보존대,글과 기록,photograph,레벨2,레벨1,O
S1-056,여행기록 보존대,글과 기록,record,레벨1,레벨1,
S1-056,여행기록 보존대,글과 기록,register,레벨2,레벨2,
S1-056,여행기록 보존대,글과 기록,photo,레벨2,레벨1,O
S1-057,도예 수업 평가,배움과 가르침,attend,레벨2,레벨2,
S1-057,도예 수업 평가,배움과 가르침,educate,레벨2,레벨2,
S1-057,도예 수업 평가,배움과 가르침,experiment,레벨2,레벨2,
S1-057,도예 수업 평가,배움과 가르침,grade,레벨2,레벨1,O
S1-057,도예 수업 평가,배움과 가르침,knowledge,레벨2,레벨1,O
S1-057,도예 수업 평가,배움과 가르침,practice,레벨1,레벨1,
S1-057,도예 수업 평가,배움과 가르침,research,레벨2,레벨1,O
S1-058,강물 측정 실습,배움과 가르침,experience,레벨2,레벨1,O
S1-058,강물 측정 실습,배움과 가르침,measure,레벨2,레벨2,
S1-058,강물 측정 실습,배움과 가르침,skill,레벨2,레벨1,O
S1-058,강물 측정 실습,배움과 가르침,subject,레벨2,레벨1,O
S1-058,강물 측정 실습,배움과 가르침,survey,레벨2,레벨1,O
S1-058,강물 측정 실습,배움과 가르침,technique,레벨2,레벨2,
S1-059,현수교 조립대,만들고 고치기,attach,레벨2,레벨2,
S1-059,현수교 조립대,만들고 고치기,bind,레벨2,레벨2,
S1-059,현수교 조립대,만들고 고치기,combine,레벨2,레벨2,
S1-059,현수교 조립대,만들고 고치기,connect,레벨2,레벨2,
S1-059,현수교 조립대,만들고 고치기,copy,레벨1,레벨1,
S1-059,현수교 조립대,만들고 고치기,establish,레벨2,레벨1,O
S1-059,현수교 조립대,만들고 고치기,found,레벨2,레벨2,
S1-059,현수교 조립대,만들고 고치기,link,레벨2,레벨2,
S1-060,깨진 자전거 수리,만들고 고치기,bend,레벨2,레벨1,O
S1-060,깨진 자전거 수리,만들고 고치기,block,레벨2,레벨1,O
S1-060,깨진 자전거 수리,만들고 고치기,burst,레벨2,레벨2,
S1-060,깨진 자전거 수리,만들고 고치기,crack,레벨2,레벨2,
S1-060,깨진 자전거 수리,만들고 고치기,damage,레벨2,레벨2,
S1-060,깨진 자전거 수리,만들고 고치기,repair,레벨2,레벨1,O
S1-060,깨진 자전거 수리,만들고 고치기,replace,레벨2,레벨1,O
S1-060,깨진 자전거 수리,만들고 고치기,snap,레벨2,레벨2,
S1-061,폭풍 뒤 온실 재건,만들고 고치기,crash,레벨2,레벨2,
S1-061,폭풍 뒤 온실 재건,만들고 고치기,create,레벨2,레벨1,O
S1-061,폭풍 뒤 온실 재건,만들고 고치기,decorate,레벨2,레벨2,
S1-061,폭풍 뒤 온실 재건,만들고 고치기,destroy,레벨2,레벨1,O
S1-061,폭풍 뒤 온실 재건,만들고 고치기,develop,레벨2,레벨1,O
S1-061,폭풍 뒤 온실 재건,만들고 고치기,invent,레벨2,레벨1,O
S1-061,폭풍 뒤 온실 재건,만들고 고치기,produce,레벨2,레벨1,O
S1-061,폭풍 뒤 온실 재건,만들고 고치기,smash,레벨2,레벨2,
S1-062,돛 제작 작업대,만들고 고치기,direct,레벨2,레벨1,O
S1-062,돛 제작 작업대,만들고 고치기,divide,레벨2,레벨1,O
S1-062,돛 제작 작업대,만들고 고치기,fold,레벨2,레벨2,
S1-062,돛 제작 작업대,만들고 고치기,remove,레벨2,레벨2,
S1-062,돛 제작 작업대,만들고 고치기,ruin,레벨2,레벨1,O
S1-062,돛 제작 작업대,만들고 고치기,sew,레벨2,레벨1,O
S1-062,돛 제작 작업대,만들고 고치기,spoil,레벨2,레벨2,
S1-062,돛 제작 작업대,만들고 고치기,stick,레벨1,레벨2,O
S1-063,산골 구호품 전달,주고받기,accept,레벨2,레벨1,O
S1-063,산골 구호품 전달,주고받기,allow,레벨2,레벨1,O
S1-063,산골 구호품 전달,주고받기,deliver,레벨2,레벨2,
S1-063,산골 구호품 전달,주고받기,deserve,레벨2,레벨2,
S1-063,산골 구호품 전달,주고받기,donate,레벨2,레벨2,
S1-063,산골 구호품 전달,주고받기,exchange,레벨2,레벨1,O
S1-063,산골 구호품 전달,주고받기,gift,레벨2,레벨1,O
S1-063,산골 구호품 전달,주고받기,lend,레벨2,레벨1,O
S1-064,공동우물의 물 배분,주고받기,contribute,레벨2,레벨2,
S1-064,공동우물의 물 배분,주고받기,offer,레벨2,레벨1,O
S1-064,공동우물의 물 배분,주고받기,provide,레벨2,레벨1,O
S1-064,공동우물의 물 배분,주고받기,receive,레벨2,레벨1,O
S1-064,공동우물의 물 배분,주고받기,refuse,레벨2,레벨2,
S1-064,공동우물의 물 배분,주고받기,reserve,레벨2,레벨2,
S1-064,공동우물의 물 배분,주고받기,share,레벨2,레벨1,O
S1-065,박물관 보관함의 주인,갖고 지니기,belong,레벨2,레벨1,O
S1-065,박물관 보관함의 주인,갖고 지니기,contain,레벨2,레벨2,
S1-065,박물관 보관함의 주인,갖고 지니기,gain,레벨2,레벨2,
S1-065,박물관 보관함의 주인,갖고 지니기,include,레벨2,레벨1,O
S1-065,박물관 보관함의 주인,갖고 지니기,lose,레벨1,레벨1,
S1-065,박물관 보관함의 주인,갖고 지니기,maintain,레벨2,레벨2,
S1-065,박물관 보관함의 주인,갖고 지니기,own,레벨2,레벨1,O
S1-065,박물관 보관함의 주인,갖고 지니기,possess,레벨2,레벨2,
S1-066,항구로 들어오는 배,가고 오기,advance,레벨2,레벨2,
S1-066,항구로 들어오는 배,가고 오기,appear,레벨2,레벨1,O
S1-066,항구로 들어오는 배,가고 오기,approach,레벨2,레벨2,
S1-066,항구로 들어오는 배,가고 오기,leave,레벨1,레벨1,
S1-066,항구로 들어오는 배,가고 오기,proceed,레벨2,레벨2,
S1-066,항구로 들어오는 배,가고 오기,progress,레벨2,레벨2,
S1-066,항구로 들어오는 배,가고 오기,reach,레벨2,레벨1,O
S1-066,항구로 들어오는 배,가고 오기,retire,레벨2,레벨1,O
S1-067,산악구조 임무 배정,고르고 정하기,aim,레벨2,레벨2,
S1-067,산악구조 임무 배정,고르고 정하기,appoint,레벨2,레벨2,
S1-067,산악구조 임무 배정,고르고 정하기,assign,레벨2,레벨2,
S1-067,산악구조 임무 배정,고르고 정하기,order,레벨2,레벨1,O
S1-067,산악구조 임무 배정,고르고 정하기,prepare,레벨2,레벨1,O
S1-067,산악구조 임무 배정,고르고 정하기,target,레벨2,레벨1,O
S1-068,정원 나무 선택,고르고 정하기,choice,레벨2,레벨1,O
S1-068,정원 나무 선택,고르고 정하기,prefer,레벨2,레벨1,O
S1-068,정원 나무 선택,고르고 정하기,schedule,레벨2,레벨1,O
S1-068,정원 나무 선택,고르고 정하기,select,레벨2,레벨2,
S1-068,정원 나무 선택,고르고 정하기,settle,레벨2,레벨2,
S1-069,산속 샘의 근원 추적,찾고 얻기,identity,레벨2,레벨2,
S1-069,산속 샘의 근원 추적,찾고 얻기,locate,레벨2,레벨2,
S1-069,산속 샘의 근원 추적,찾고 얻기,resource,레벨2,레벨2,
S1-069,산속 샘의 근원 추적,찾고 얻기,search,레벨2,레벨1,O
S1-069,산속 샘의 근원 추적,찾고 얻기,seek,레벨2,레벨1,O
S1-069,산속 샘의 근원 추적,찾고 얻기,source,레벨2,레벨1,O
S1-069,산속 샘의 근원 추적,찾고 얻기,trace,레벨2,레벨2,
S1-070,산악 응급치료소,돕고 섬기기,aid,레벨2,레벨2,
S1-070,산악 응급치료소,돕고 섬기기,assist,레벨2,레벨2,
S1-070,산악 응급치료소,돕고 섬기기,cure,레벨2,레벨2,
S1-070,산악 응급치료소,돕고 섬기기,recover,레벨2,레벨2,
S1-070,산악 응급치료소,돕고 섬기기,support,레벨2,레벨1,O
S1-070,산악 응급치료소,돕고 섬기기,treat,레벨2,레벨2,
S1-071,폭우 뒤 마을식당,돕고 섬기기,bless,레벨2,레벨2,
S1-071,폭우 뒤 마을식당,돕고 섬기기,favor,레벨2,레벨2,
S1-071,폭우 뒤 마을식당,돕고 섬기기,forgive,레벨2,레벨2,
S1-071,폭우 뒤 마을식당,돕고 섬기기,lead,레벨1,레벨1,
S1-071,폭우 뒤 마을식당,돕고 섬기기,serve,레벨2,레벨1,O
S1-071,폭우 뒤 마을식당,돕고 섬기기,alcohol,레벨2,레벨2,
S1-071,폭우 뒤 마을식당,돕고 섬기기,beer,레벨2,레벨1,O
S1-072,외줄 구조 연습,하고 다루기,apply,레벨2,레벨1,O
S1-072,외줄 구조 연습,하고 다루기,attempt,레벨2,레벨1,O
S1-072,외줄 구조 연습,하고 다루기,balance,레벨2,레벨2,
S1-072,외줄 구조 연습,하고 다루기,challenge,레벨2,레벨1,O
S1-072,외줄 구조 연습,하고 다루기,cope,레벨2,레벨2,
S1-072,외줄 구조 연습,하고 다루기,effort,레벨2,레벨1,O
S1-072,외줄 구조 연습,하고 다루기,repeat,레벨1,레벨1,
S1-072,외줄 구조 연습,하고 다루기,risk,레벨2,레벨2,
S1-073,제방 수문 관제,하고 다루기,dare,레벨2,레벨2,
S1-073,제방 수문 관제,하고 다루기,deal,레벨2,레벨1,O
S1-073,제방 수문 관제,하고 다루기,handle,레벨1,레벨1,
S1-073,제방 수문 관제,하고 다루기,manage,레벨2,레벨1,O
S1-073,제방 수문 관제,하고 다루기,operate,레벨2,레벨1,O
S1-073,제방 수문 관제,하고 다루기,perform,레벨2,레벨1,O
S1-073,제방 수문 관제,하고 다루기,process,레벨2,레벨2,
S1-073,제방 수문 관제,하고 다루기,quit,레벨2,레벨1,O
S1-073,제방 수문 관제,하고 다루기,react,레벨2,레벨2,
S1-074,도자기 형태 진열대,크기와 모양,blank,레벨1,레벨1,
S1-074,도자기 형태 진열대,크기와 모양,empty,레벨1,레벨1,
S1-074,도자기 형태 진열대,크기와 모양,flat,레벨2,레벨1,O
S1-074,도자기 형태 진열대,크기와 모양,pattern,레벨2,레벨2,
S1-074,도자기 형태 진열대,크기와 모양,plain,레벨2,레벨2,
S1-074,도자기 형태 진열대,크기와 모양,pure,레벨2,레벨2,
S1-074,도자기 형태 진열대,크기와 모양,smooth,레벨2,레벨1,O
S1-074,도자기 형태 진열대,크기와 모양,solid,레벨2,레벨2,
S1-075,팽창하는 관측 풍선,크기와 모양,broad,레벨2,레벨2,
S1-075,팽창하는 관측 풍선,크기와 모양,enormous,레벨2,레벨1,O
S1-075,팽창하는 관측 풍선,크기와 모양,expand,레벨2,레벨2,
S1-075,팽창하는 관측 풍선,크기와 모양,giant,레벨2,레벨2,
S1-075,팽창하는 관측 풍선,크기와 모양,huge,레벨2,레벨2,
S1-075,팽창하는 관측 풍선,크기와 모양,scale,레벨2,레벨1,O
S1-075,팽창하는 관측 풍선,크기와 모양,wide,레벨1,레벨1,
S1-075,팽창하는 관측 풍선,크기와 모양,yet,레벨1,레벨1,
S1-076,정원의 도형 수로,크기와 모양,figure,레벨2,레벨1,O
S1-076,정원의 도형 수로,크기와 모양,grand,레벨2,레벨2,
S1-076,정원의 도형 수로,크기와 모양,narrow,레벨2,레벨2,
S1-076,정원의 도형 수로,크기와 모양,neat,레벨2,레벨2,
S1-076,정원의 도형 수로,크기와 모양,round,레벨1,레벨1,
S1-076,정원의 도형 수로,크기와 모양,shape,레벨1,레벨1,
S1-076,정원의 도형 수로,크기와 모양,tiny,레벨2,레벨2,
S1-076,정원의 도형 수로,크기와 모양,triangle,레벨2,레벨2,
S1-077,재료 두께 시험대,크기와 모양,loose,레벨2,레벨1,O
S1-077,재료 두께 시험대,크기와 모양,rough,레벨2,레벨2,
S1-077,재료 두께 시험대,크기와 모양,sharp,레벨2,레벨2,
S1-077,재료 두께 시험대,크기와 모양,super,레벨2,레벨1,O
S1-077,재료 두께 시험대,크기와 모양,thick,레벨1,레벨1,
S1-077,재료 두께 시험대,크기와 모양,thin,레벨1,레벨1,
S1-077,재료 두께 시험대,크기와 모양,tight,레벨2,레벨1,O
S1-077,재료 두께 시험대,크기와 모양,volume,레벨2,레벨2,
S1-078,개량된 빗물 저장고,좋고 나쁨,advantage,레벨2,레벨1,O
S1-078,개량된 빗물 저장고,좋고 나쁨,benefit,레벨2,레벨2,
S1-078,개량된 빗물 저장고,좋고 나쁨,correct,레벨2,레벨1,O
S1-078,개량된 빗물 저장고,좋고 나쁨,fair,레벨1,레벨1,
S1-078,개량된 빗물 저장고,좋고 나쁨,fortunate,레벨2,레벨2,
S1-078,개량된 빗물 저장고,좋고 나쁨,improve,레벨2,레벨1,O
S1-078,개량된 빗물 저장고,좋고 나쁨,increase,레벨2,레벨1,O
S1-078,개량된 빗물 저장고,좋고 나쁨,necessary,레벨2,레벨1,O
S1-078,개량된 빗물 저장고,좋고 나쁨,practical,레벨2,레벨2,
S1-079,결함품 선별대,좋고 나쁨,capable,레벨2,레벨2,
S1-079,결함품 선별대,좋고 나쁨,ease,레벨2,레벨2,
S1-079,결함품 선별대,좋고 나쁨,fault,레벨2,레벨1,O
S1-079,결함품 선별대,좋고 나쁨,fortune,레벨2,레벨1,O
S1-079,결함품 선별대,좋고 나쁨,perfect,레벨2,레벨1,O
S1-079,결함품 선별대,좋고 나쁨,proper,레벨2,레벨1,O
S1-079,결함품 선별대,좋고 나쁨,quality,레벨2,레벨1,O
S1-079,결함품 선별대,좋고 나쁨,reduce,레벨2,레벨2,
S1-079,결함품 선별대,좋고 나쁨,terrible,레벨2,레벨1,O
S1-080,단순 도르래의 힘,쉽고 어려움,able,레벨2,레벨2,
S1-080,단순 도르래의 힘,쉽고 어려움,complex,레벨2,레벨2,
S1-080,단순 도르래의 힘,쉽고 어려움,complicate,레벨2,레벨2,
S1-080,단순 도르래의 힘,쉽고 어려움,simple,레벨2,레벨1,O
S1-080,단순 도르래의 힘,쉽고 어려움,still,레벨2,레벨1,O
S1-080,단순 도르래의 힘,쉽고 어려움,tough,레벨2,레벨2,
S1-081,새 환경의 식물,같고 다름,adapt,레벨2,레벨2,
S1-081,새 환경의 식물,같고 다름,adopt,레벨2,레벨2,
S1-081,새 환경의 식물,같고 다름,alter,레벨2,레벨2,
S1-081,새 환경의 식물,같고 다름,compare,레벨2,레벨1,O
S1-081,새 환경의 식물,같고 다름,familiar,레벨2,레벨1,O
S1-081,새 환경의 식물,같고 다름,match,레벨2,레벨1,O
S1-081,새 환경의 식물,같고 다름,similar,레벨2,레벨1,O
S1-081,새 환경의 식물,같고 다름,vary,레벨2,레벨2,
S1-082,광물 분류함,같고 다름,category,레벨2,레벨2,
S1-082,광물 분류함,같고 다름,definite,레벨2,레벨2,
S1-082,광물 분류함,같고 다름,equal,레벨2,레벨2,
S1-082,광물 분류함,같고 다름,odd,레벨2,레벨2,
S1-082,광물 분류함,같고 다름,pair,레벨1,레벨1,
S1-082,광물 분류함,같고 다름,separate,레벨2,레벨1,O
S1-082,광물 분류함,같고 다름,sort,레벨2,레벨2,
S1-082,광물 분류함,같고 다름,specific,레벨2,레벨1,O
S1-083,흔들림 시험대,같고 다름,real,레벨1,레벨1,
S1-083,흔들림 시험대,같고 다름,regular,레벨2,레벨1,O
S1-083,흔들림 시험대,같고 다름,shift,레벨2,레벨2,
S1-083,흔들림 시험대,같고 다름,single,레벨2,레벨1,O
S1-083,흔들림 시험대,같고 다름,stable,레벨2,레벨2,
S1-083,흔들림 시험대,같고 다름,steady,레벨2,레벨2,
S1-083,흔들림 시험대,같고 다름,unit,레벨2,레벨1,O
S1-084,저수지 수량 결산,많고 적음,amount,레벨2,레벨2,
S1-084,저수지 수량 결산,많고 적음,average,레벨2,레벨1,O
S1-084,저수지 수량 결산,많고 적음,bit,레벨2,레벨1,O
S1-084,저수지 수량 결산,많고 적음,complete,레벨2,레벨1,O
S1-084,저수지 수량 결산,많고 적음,entire,레벨2,레벨2,
S1-084,저수지 수량 결산,많고 적음,maximum,레벨2,레벨2,
S1-084,저수지 수량 결산,많고 적음,range,레벨2,레벨1,O
S1-084,저수지 수량 결산,많고 적음,sample,레벨2,레벨1,O
S1-084,저수지 수량 결산,많고 적음,sum,레벨2,레벨1,O
S1-084,저수지 수량 결산,많고 적음,total,레벨2,레벨2,
S1-085,광석 선별의 양끝,많고 적음,extra,레벨2,레벨1,O
S1-085,광석 선별의 양끝,많고 적음,intense,레벨2,레벨2,
S1-085,광석 선별의 양끝,많고 적음,limit,레벨2,레벨2,
S1-085,광석 선별의 양끝,많고 적음,major,레벨2,레벨1,O
S1-085,광석 선별의 양끝,많고 적음,mass,레벨2,레벨2,
S1-085,광석 선별의 양끝,많고 적음,minor,레벨2,레벨2,
S1-085,광석 선별의 양끝,많고 적음,prime,레벨2,레벨2,
S1-085,광석 선별의 양끝,많고 적음,rare,레벨2,레벨2,
S1-085,광석 선별의 양끝,많고 적음,rate,레벨2,레벨1,O
S1-086,비상창고의 남은 몫,많고 적음,few,레벨1,레벨1,
S1-086,비상창고의 남은 몫,많고 적음,lot,레벨1,레벨1,
S1-086,비상창고의 남은 몫,많고 적음,none,레벨2,레벨2,
S1-086,비상창고의 남은 몫,많고 적음,piece,레벨1,레벨1,
S1-086,비상창고의 남은 몫,많고 적음,plenty,레벨2,레벨1,O
S1-086,비상창고의 남은 몫,많고 적음,quite,레벨2,레벨1,O
S1-086,비상창고의 남은 몫,많고 적음,several,레벨2,레벨1,O
S1-086,비상창고의 남은 몫,많고 적음,slight,레벨2,레벨2,
S1-086,비상창고의 남은 몫,많고 적음,spare,레벨2,레벨2,
S1-087,도시나무의 세월,시간과 때,annual,레벨2,레벨2,
S1-087,도시나무의 세월,시간과 때,calendar,레벨1,레벨1,
S1-087,도시나무의 세월,시간과 때,century,레벨2,레벨1,O
S1-087,도시나무의 세월,시간과 때,event,레벨2,레벨1,O
S1-087,도시나무의 세월,시간과 때,occasion,레벨2,레벨2,
S1-087,도시나무의 세월,시간과 때,once,레벨1,레벨1,
S1-087,도시나무의 세월,시간과 때,past,레벨2,레벨1,O
S1-087,도시나무의 세월,시간과 때,recent,레벨2,레벨1,O
S1-087,도시나무의 세월,시간과 때,term,레벨2,레벨2,
S1-088,출발 지연 관제판,시간과 때,constant,레벨2,레벨2,
S1-088,출발 지연 관제판,시간과 때,continue,레벨2,레벨1,O
S1-088,출발 지연 관제판,시간과 때,delay,레벨2,레벨1,O
S1-088,출발 지연 관제판,시간과 때,due,레벨2,레벨1,O
S1-088,출발 지연 관제판,시간과 때,forever,레벨2,레벨1,O
S1-088,출발 지연 관제판,시간과 때,immediate,레벨2,레벨2,
S1-088,출발 지연 관제판,시간과 때,instant,레벨2,레벨1,O
S1-088,출발 지연 관제판,시간과 때,minute,레벨1,레벨1,
S1-088,출발 지연 관제판,시간과 때,pause,레벨2,레벨2,
S1-089,기후자료의 변화,시간과 때,extend,레벨2,레벨2,
S1-089,기후자료의 변화,시간과 때,nowadays,레벨2,레벨1,O
S1-089,기후자료의 변화,시간과 때,period,레벨2,레벨1,O
S1-089,기후자료의 변화,시간과 때,previous,레벨2,레벨2,
S1-089,기후자료의 변화,시간과 때,rapid,레벨2,레벨2,
S1-089,기후자료의 변화,시간과 때,remain,레벨2,레벨1,O
S1-089,기후자료의 변화,시간과 때,series,레벨2,레벨2,
S1-089,기후자료의 변화,시간과 때,soon,레벨1,레벨1,
S1-089,기후자료의 변화,시간과 때,sudden,레벨2,레벨1,O
S1-090,천문 관측치 계산,수와 셈,absolute,레벨2,레벨2,
S1-090,천문 관측치 계산,수와 셈,billion,레벨2,레벨2,
S1-090,천문 관측치 계산,수와 셈,calculate,레벨2,레벨2,
S1-090,천문 관측치 계산,수와 셈,degree,레벨2,레벨1,O
S1-090,천문 관측치 계산,수와 셈,level,레벨2,레벨1,O
S1-090,천문 관측치 계산,수와 셈,thousand,레벨1,레벨1,
S1-090,천문 관측치 계산,수와 셈,zero,레벨1,레벨1,
S1-091,시장 곡물 분배,수와 셈,count,레벨1,레벨1,
S1-091,시장 곡물 분배,수와 셈,dozen,레벨2,레벨2,
S1-091,시장 곡물 분배,수와 셈,extreme,레벨2,레벨2,
S1-091,시장 곡물 분배,수와 셈,half,레벨1,레벨1,
S1-091,시장 곡물 분배,수와 셈,per,레벨2,레벨2,
S1-091,시장 곡물 분배,수와 셈,quarter,레벨2,레벨1,O
S1-091,시장 곡물 분배,수와 셈,stuff,레벨2,레벨1,O
S1-091,시장 곡물 분배,수와 셈,weigh,레벨2,레벨1,O
S1-092,협곡의 층별 야영지,자리와 방향,although,레벨2,레벨1,O
S1-092,협곡의 층별 야영지,자리와 방향,among,레벨1,레벨1,
S1-092,협곡의 층별 야영지,자리와 방향,apart,레벨2,레벨1,O
S1-092,협곡의 층별 야영지,자리와 방향,aside,레벨2,레벨2,
S1-092,협곡의 층별 야영지,자리와 방향,beneath,레벨2,레벨2,
S1-092,협곡의 층별 야영지,자리와 방향,beyond,레벨2,레벨1,O
S1-092,협곡의 층별 야영지,자리와 방향,upper,레벨2,레벨2,
S1-092,협곡의 층별 야영지,자리와 방향,within,레벨2,레벨1,O
S1-092,협곡의 층별 야영지,자리와 방향,without,레벨2,레벨1,O
S1-093,숲길의 진행 표지,자리와 방향,forth,레벨2,레벨2,
S1-093,숲길의 진행 표지,자리와 방향,forward,레벨2,레벨1,O
S1-093,숲길의 진행 표지,자리와 방향,internal,레벨2,레벨2,
S1-093,숲길의 진행 표지,자리와 방향,local,레벨2,레벨1,O
S1-093,숲길의 진행 표지,자리와 방향,straight,레벨1,레벨1,
S1-093,숲길의 진행 표지,자리와 방향,surround,레벨2,레벨2,
S1-093,숲길의 진행 표지,자리와 방향,through,레벨1,레벨1,
S1-093,숲길의 진행 표지,자리와 방향,toward,레벨2,레벨1,O
S1-094,밀물 전 바위길,자리와 방향,since,레벨2,레벨1,O
S1-094,밀물 전 바위길,자리와 방향,till,레벨1,레벨1,
S1-094,밀물 전 바위길,자리와 방향,unless,레벨2,레벨2,
S1-094,밀물 전 바위길,자리와 방향,until,레벨1,레벨1,
S1-094,밀물 전 바위길,자리와 방향,upon,레벨2,레벨1,O
S1-094,밀물 전 바위길,자리와 방향,vision,레벨2,레벨2,
S1-094,밀물 전 바위길,자리와 방향,whether,레벨2,레벨2,
S1-094,밀물 전 바위길,자리와 방향,while,레벨2,레벨1,O
S1-095,새벽의 수면관찰실,몸과 마음의 상태,alive,레벨2,레벨1,O
S1-095,새벽의 수면관찰실,몸과 마음의 상태,asleep,레벨2,레벨1,O
S1-095,새벽의 수면관찰실,몸과 마음의 상태,awake,레벨2,레벨1,O
S1-095,새벽의 수면관찰실,몸과 마음의 상태,aware,레벨2,레벨2,
S1-095,새벽의 수면관찰실,몸과 마음의 상태,self,레벨2,레벨1,O
S1-095,새벽의 수면관찰실,몸과 마음의 상태,soul,레벨2,레벨2,
S1-095,새벽의 수면관찰실,몸과 마음의 상태,spirit,레벨2,레벨2,
S1-096,해독 치료실,몸과 마음의 상태,drug,레벨2,레벨1,O
S1-096,해독 치료실,몸과 마음의 상태,faint,레벨2,레벨2,
S1-096,해독 치료실,몸과 마음의 상태,fever,레벨2,레벨1,O
S1-096,해독 치료실,몸과 마음의 상태,health,레벨2,레벨1,O
S1-096,해독 치료실,몸과 마음의 상태,medicine,레벨2,레벨1,O
S1-096,해독 치료실,몸과 마음의 상태,poison,레벨2,레벨2,
S1-096,해독 치료실,몸과 마음의 상태,rest,레벨1,레벨2,O
S1-097,부상 뒤 재활 첫걸음,몸과 마음의 상태,exhaust,레벨2,레벨2,
S1-097,부상 뒤 재활 첫걸음,몸과 마음의 상태,hurt,레벨1,레벨1,
S1-097,부상 뒤 재활 첫걸음,몸과 마음의 상태,injure,레벨2,레벨1,O
S1-097,부상 뒤 재활 첫걸음,몸과 마음의 상태,medical,레벨2,레벨1,O
S1-097,부상 뒤 재활 첫걸음,몸과 마음의 상태,mental,레벨2,레벨2,
S1-097,부상 뒤 재활 첫걸음,몸과 마음의 상태,pain,레벨2,레벨2,
S1-097,부상 뒤 재활 첫걸음,몸과 마음의 상태,patient,레벨2,레벨1,O
S1-098,임신부의 휴식 정원,몸과 마음의 상태,exist,레벨2,레벨1,O
S1-098,임신부의 휴식 정원,몸과 마음의 상태,ill,레벨1,레벨1,
S1-098,임신부의 휴식 정원,몸과 마음의 상태,mood,레벨2,레벨1,O
S1-098,임신부의 휴식 정원,몸과 마음의 상태,pregnant,레벨2,레벨2,
S1-098,임신부의 휴식 정원,몸과 마음의 상태,sense,레벨2,레벨1,O
S1-098,임신부의 휴식 정원,몸과 마음의 상태,suffer,레벨2,레벨2,
S1-098,임신부의 휴식 정원,몸과 마음의 상태,weak,레벨1,레벨1,
S1-098,임신부의 휴식 정원,몸과 마음의 상태,wound,레벨2,레벨2,
S1-099,바람이 만든 연쇄,일의 결과,affect,레벨2,레벨2,
S1-099,바람이 만든 연쇄,일의 결과,cause,레벨2,레벨1,O
S1-099,바람이 만든 연쇄,일의 결과,effect,레벨2,레벨1,O
S1-099,바람이 만든 연쇄,일의 결과,factor,레벨2,레벨2,
S1-099,바람이 만든 연쇄,일의 결과,result,레벨2,레벨1,O
S1-100,탐사선의 임무,일의 결과,achieve,레벨2,레벨1,O
S1-100,탐사선의 임무,일의 결과,expect,레벨2,레벨1,O
S1-100,탐사선의 임무,일의 결과,function,레벨2,레벨1,O
S1-100,탐사선의 임무,일의 결과,happen,레벨1,레벨1,
S1-100,탐사선의 임무,일의 결과,intend,레벨2,레벨2,
S1-100,탐사선의 임무,일의 결과,intent,레벨2,레벨2,
S1-100,탐사선의 임무,일의 결과,mission,레벨2,레벨2,
S1-100,탐사선의 임무,일의 결과,purpose,레벨2,레벨1,O
S1-100,탐사선의 임무,일의 결과,rocket,레벨1,레벨2,O
S1-101,씨앗 실험의 성패,일의 결과,emphasize,레벨2,레벨2,
S1-101,씨앗 실험의 성패,일의 결과,influence,레벨2,레벨1,O
S1-101,씨앗 실험의 성패,일의 결과,matter,레벨1,레벨1,
S1-101,씨앗 실험의 성패,일의 결과,occur,레벨2,레벨2,
S1-101,씨앗 실험의 성패,일의 결과,potential,레벨2,레벨2,
S1-101,씨앗 실험의 성패,일의 결과,role,레벨2,레벨1,O
S1-101,씨앗 실험의 성패,일의 결과,succeed,레벨2,레벨1,O
S1-101,씨앗 실험의 성패,일의 결과,success,레벨2,레벨1,O
S1-101,씨앗 실험의 성패,일의 결과,view,레벨2,레벨1,O
S1-102,숨은 벽화의 발견,드러남과 감춤,detail,레벨2,레벨1,O
S1-102,숨은 벽화의 발견,드러남과 감춤,display,레벨2,레벨1,O
S1-102,숨은 벽화의 발견,드러남과 감춤,emotion,레벨2,레벨2,
S1-102,숨은 벽화의 발견,드러남과 감춤,expose,레벨2,레벨2,
S1-102,숨은 벽화의 발견,드러남과 감춤,feature,레벨2,레벨1,O
S1-102,숨은 벽화의 발견,드러남과 감춤,hide,레벨1,레벨1,
S1-102,숨은 벽화의 발견,드러남과 감춤,illustrate,레벨2,레벨2,
S1-102,숨은 벽화의 발견,드러남과 감춤,mark,레벨2,레벨1,O
S1-103,증기배관의 누출 표시,드러남과 감춤,demonstrate,레벨2,레벨2,
S1-103,증기배관의 누출 표시,드러남과 감춤,indicate,레벨2,레벨1,O
S1-103,증기배관의 누출 표시,드러남과 감춤,secret,레벨2,레벨1,O
S1-103,증기배관의 누출 표시,드러남과 감춤,seem,레벨2,레벨1,O
S1-103,증기배관의 누출 표시,드러남과 감춤,whistle,레벨2,레벨2,
S1-104,광장 악단의 집합과 해산,모임과 흩어짐,band,레벨1,레벨1,
S1-104,광장 악단의 집합과 해산,모임과 흩어짐,bunch,레벨2,레벨2,
S1-104,광장 악단의 집합과 해산,모임과 흩어짐,gather,레벨2,레벨1,O
S1-104,광장 악단의 집합과 해산,모임과 흩어짐,release,레벨2,레벨1,O
S1-104,광장 악단의 집합과 해산,모임과 흩어짐,unite,레벨2,레벨2,
S1-104,광장 악단의 집합과 해산,모임과 흩어짐,parade,레벨2,레벨2,
S1-105,전통시장과 현대상점,세상 물정,background,레벨2,레벨1,O
S1-105,전통시장과 현대상점,세상 물정,circumstance,레벨2,레벨2,
S1-105,전통시장과 현대상점,세상 물정,domestic,레벨2,레벨2,
S1-105,전통시장과 현대상점,세상 물정,fashion,레벨2,레벨1,O
S1-105,전통시장과 현대상점,세상 물정,foreign,레벨2,레벨1,O
S1-105,전통시장과 현대상점,세상 물정,modern,레벨2,레벨1,O
S1-105,전통시장과 현대상점,세상 물정,ordinary,레벨2,레벨2,
S1-105,전통시장과 현대상점,세상 물정,popular,레벨2,레벨1,O
S1-105,전통시장과 현대상점,세상 물정,tradition,레벨2,레벨1,O
S1-106,도시 운영 모형,세상 물정,obvious,레벨2,레벨2,
S1-106,도시 운영 모형,세상 물정,situate,레벨2,레벨2,
S1-106,도시 운영 모형,세상 물정,social,레벨2,레벨1,O
S1-106,도시 운영 모형,세상 물정,stage,레벨2,레벨1,O
S1-106,도시 운영 모형,세상 물정,state,레벨2,레벨1,O
S1-106,도시 운영 모형,세상 물정,structure,레벨2,레벨1,O
S1-106,도시 운영 모형,세상 물정,system,레벨2,레벨1,O
S1-106,도시 운영 모형,세상 물정,version,레벨2,레벨2,
S1-107,항구의 소리 지도,소리와 음악,bang,레벨2,레벨2,
S1-107,항구의 소리 지도,소리와 음악,boom,레벨2,레벨2,
S1-107,항구의 소리 지도,소리와 음악,concert,레벨2,레벨1,O
S1-107,항구의 소리 지도,소리와 음악,loud,레벨1,레벨2,O
S1-107,항구의 소리 지도,소리와 음악,noise,레벨1,레벨1,
S1-107,항구의 소리 지도,소리와 음악,pop,레벨2,레벨1,O
S1-107,항구의 소리 지도,소리와 음악,sign,레벨1,레벨1,
S1-107,항구의 소리 지도,소리와 음악,tone,레벨2,레벨1,O
S1-107,항구의 소리 지도,소리와 음악,tune,레벨2,레벨1,O
S1-108,골프 리그 결승,운동과 겨루기,champion,레벨2,레벨2,
S1-108,골프 리그 결승,운동과 겨루기,contest,레벨2,레벨1,O
S1-108,골프 리그 결승,운동과 겨루기,golf,레벨2,레벨1,O
S1-108,골프 리그 결승,운동과 겨루기,league,레벨2,레벨2,
S1-108,골프 리그 결승,운동과 겨루기,physical,레벨2,레벨1,O
S1-109,왕궁 대관식 홀,성과 왕궁,cast,레벨2,레벨2,
S1-109,왕궁 대관식 홀,성과 왕궁,castle,레벨2,레벨1,O
S1-109,왕궁 대관식 홀,성과 왕궁,crown,레벨2,레벨1,O
S1-109,왕궁 대관식 홀,성과 왕궁,presence,레벨2,레벨2,
S1-109,왕궁 대관식 홀,성과 왕궁,purple,레벨2,레벨1,O
S1-109,왕궁 대관식 홀,성과 왕궁,royal,레벨2,레벨1,O
S1-110,동물구조 자원봉사자,사람 성격,character,레벨2,레벨1,O
S1-110,동물구조 자원봉사자,사람 성격,charm,레벨2,레벨2,
S1-110,동물구조 자원봉사자,사람 성격,cute,레벨1,레벨1,
S1-110,동물구조 자원봉사자,사람 성격,gentle,레벨1,레벨1,
S1-110,동물구조 자원봉사자,사람 성격,secure,레벨2,레벨2,
S1-110,동물구조 자원봉사자,사람 성격,teenage,레벨2,레벨1,O
S1-111,졸업사진 준비,사람 성격,handsome,레벨1,레벨1,
S1-111,졸업사진 준비,사람 성격,polite,레벨2,레벨1,O
S1-111,졸업사진 준비,사람 성격,serious,레벨2,레벨2,
S1-111,졸업사진 준비,사람 성격,confident,레벨1,레벨2,O
S1-111,졸업사진 준비,사람 성격,smart,레벨2,레벨1,O
S1-111,졸업사진 준비,사람 성격,wise,레벨2,레벨1,O
S1-112,교차로 사고 예방,사고와 위험,accident,레벨2,레벨1,O
S1-112,교차로 사고 예방,사고와 위험,alarm,레벨2,레벨1,O
S1-112,교차로 사고 예방,사고와 위험,ambulance,레벨2,레벨2,
S1-112,교차로 사고 예방,사고와 위험,avoid,레벨2,레벨1,O
S1-112,교차로 사고 예방,사고와 위험,crisis,레벨2,레벨2,
S1-112,교차로 사고 예방,사고와 위험,prevent,레벨2,레벨1,O
S1-113,화산 관측 브리핑,알리고 밝히기,accent,레벨2,레벨2,
S1-113,화산 관측 브리핑,알리고 밝히기,admit,레벨2,레벨1,O
S1-113,화산 관측 브리핑,알리고 밝히기,announce,레벨2,레벨2,
S1-113,화산 관측 브리핑,알리고 밝히기,describe,레벨2,레벨1,O
S1-113,화산 관측 브리핑,알리고 밝히기,explain,레벨2,레벨1,O
S1-113,화산 관측 브리핑,알리고 밝히기,frankly,레벨2,레벨2,
S1-113,화산 관측 브리핑,알리고 밝히기,inform,레벨2,레벨2,
S1-113,화산 관측 브리핑,알리고 밝히기,report,레벨2,레벨1,O
S1-114,유물 발견 보고,알리고 밝히기,comment,레벨2,레벨2,
S1-114,유물 발견 보고,알리고 밝히기,express,레벨2,레벨1,O
S1-114,유물 발견 보고,알리고 밝히기,mention,레벨2,레벨1,O
S1-114,유물 발견 보고,알리고 밝히기,pronounce,레벨2,레벨1,O
S1-114,유물 발견 보고,알리고 밝히기,quote,레벨2,레벨2,
S1-114,유물 발견 보고,알리고 밝히기,refer,레벨2,레벨1,O
S1-114,유물 발견 보고,알리고 밝히기,remark,레벨2,레벨2,
S1-114,유물 발견 보고,알리고 밝히기,represent,레벨2,레벨1,O
S1-115,두 설계안의 공개토론,따지고 다투기,argue,레벨2,레벨1,O
S1-115,두 설계안의 공개토론,따지고 다투기,claim,레벨2,레벨1,O
S1-115,두 설계안의 공개토론,따지고 다투기,complain,레벨2,레벨1,O
S1-115,두 설계안의 공개토론,따지고 다투기,convince,레벨2,레벨2,
S1-115,두 설계안의 공개토론,따지고 다투기,debate,레벨2,레벨1,O
S1-115,두 설계안의 공개토론,따지고 다투기,deny,레벨2,레벨2,
S1-115,두 설계안의 공개토론,따지고 다투기,insist,레벨2,레벨2,
S1-116,산길 구조 요청,묻고 부탁하기,advice,레벨2,레벨1,O
S1-116,산길 구조 요청,묻고 부탁하기,advise,레벨2,레벨1,O
S1-116,산길 구조 요청,묻고 부탁하기,beg,레벨2,레벨1,O
S1-116,산길 구조 요청,묻고 부탁하기,command,레벨2,레벨2,
S1-116,산길 구조 요청,묻고 부탁하기,hint,레벨2,레벨2,
S1-116,산길 구조 요청,묻고 부탁하기,request,레벨2,레벨1,O
S1-116,산길 구조 요청,묻고 부탁하기,require,레벨2,레벨2,
S1-117,공방의 정중한 제안,묻고 부탁하기,excuse,레벨1,레벨1,
S1-117,공방의 정중한 제안,묻고 부탁하기,greet,레벨2,레벨1,O
S1-117,공방의 정중한 제안,묻고 부탁하기,pardon,레벨1,레벨1,
S1-117,공방의 정중한 제안,묻고 부탁하기,promise,레벨2,레벨1,O
S1-117,공방의 정중한 제안,묻고 부탁하기,propose,레벨2,레벨2,
S1-117,공방의 정중한 제안,묻고 부탁하기,recommend,레벨2,레벨2,
S1-117,공방의 정중한 제안,묻고 부탁하기,respond,레벨2,레벨2,
S1-117,공방의 정중한 제안,묻고 부탁하기,suggest,레벨2,레벨1,O
S1-118,폭풍 속 무전 지시,소리내어 말하기,aloud,레벨2,레벨2,
S1-118,폭풍 속 무전 지시,소리내어 말하기,chat,레벨2,레벨1,O
S1-118,폭풍 속 무전 지시,소리내어 말하기,communicate,레벨2,레벨1,O
S1-118,폭풍 속 무전 지시,소리내어 말하기,instruct,레벨2,레벨2,
S1-118,폭풍 속 무전 지시,소리내어 말하기,interrupt,레벨2,레벨2,
S1-118,폭풍 속 무전 지시,소리내어 말하기,joke,레벨2,레벨1,O
S1-118,폭풍 속 무전 지시,소리내어 말하기,message,레벨2,레벨1,O
S1-118,폭풍 속 무전 지시,소리내어 말하기,pretend,레벨2,레벨1,O
S1-118,폭풍 속 무전 지시,소리내어 말하기,tip,레벨2,레벨1,O
S1-118,폭풍 속 무전 지시,소리내어 말하기,whisper,레벨2,레벨2,
S1-119,마을 이야기 무대,소리내어 말하기,appeal,레벨2,레벨2,
S1-119,마을 이야기 무대,소리내어 말하기,converse,레벨2,레벨2,
S1-119,마을 이야기 무대,소리내어 말하기,pray,레벨2,레벨1,O
S1-119,마을 이야기 무대,소리내어 말하기,reply,레벨2,레벨1,O
S1-119,마을 이야기 무대,소리내어 말하기,scream,레벨2,레벨1,O
S1-119,마을 이야기 무대,소리내어 말하기,sentence,레벨2,레벨1,O
S1-119,마을 이야기 무대,소리내어 말하기,shout,레벨1,레벨1,
S1-119,마을 이야기 무대,소리내어 말하기,speech,레벨2,레벨1,O
S1-119,마을 이야기 무대,소리내어 말하기,tale,레벨2,레벨2,
S1-119,마을 이야기 무대,소리내어 말하기,yell,레벨2,레벨2,
S1-120,갈림길의 두 선택,이음말,despite,레벨2,레벨2,
S1-120,갈림길의 두 선택,이음말,either,레벨2,레벨1,O
S1-120,갈림길의 두 선택,이음말,even,레벨2,레벨1,O
S1-120,갈림길의 두 선택,이음말,except,레벨2,레벨1,O
S1-120,갈림길의 두 선택,이음말,moreover,레벨2,레벨2,
S1-120,갈림길의 두 선택,이음말,neither,레벨2,레벨2,
S1-120,갈림길의 두 선택,이음말,whole,레벨2,레벨1,O
S1-121,실패 뒤의 대안,이음말,instead,레벨2,레벨1,O
S1-121,실패 뒤의 대안,이음말,let,레벨1,레벨1,
S1-121,실패 뒤의 대안,이음말,nor,레벨2,레벨2,
S1-121,실패 뒤의 대안,이음말,otherwise,레벨2,레벨2,
S1-121,실패 뒤의 대안,이음말,ought,레벨2,레벨2,
S1-121,실패 뒤의 대안,이음말,rather,레벨2,레벨1,O
S1-121,실패 뒤의 대안,이음말,shall,레벨1,레벨1,
S1-122,원인과 결론의 도미노,이음말,altogether,레벨2,레벨2,
S1-122,원인과 결론의 도미노,이음말,overall,레벨2,레벨2,
S1-122,원인과 결론의 도미노,이음말,then,레벨1,레벨1,
S1-122,원인과 결론의 도미노,이음말,therefore,레벨2,레벨1,O
S1-122,원인과 결론의 도미노,이음말,though,레벨2,레벨1,O
S1-122,원인과 결론의 도미노,이음말,thus,레벨2,레벨2,
S1-122,원인과 결론의 도미노,이음말,would,레벨2,레벨1,O
S1-123,기록보관소 접근등급,정도와 범위말,access,레벨2,레벨2,
S1-123,기록보관소 접근등급,정도와 범위말,account,레벨2,레벨1,O
S1-123,기록보관소 접근등급,정도와 범위말,affair,레벨2,레벨1,O
S1-123,기록보관소 접근등급,정도와 범위말,basis,레벨2,레벨2,
S1-123,기록보관소 접근등급,정도와 범위말,brief,레벨2,레벨2,
S1-123,기록보관소 접근등급,정도와 범위말,each,레벨2,레벨1,O
S1-123,기록보관소 접근등급,정도와 범위말,exact,레벨2,레벨2,
S1-123,기록보관소 접근등급,정도와 범위말,item,레벨2,레벨1,O
S1-123,기록보관소 접근등급,정도와 범위말,section,레벨2,레벨1,O
S1-123,기록보관소 접근등급,정도와 범위말,session,레벨2,레벨2,
S1-124,식물 표본의 공통점,정도와 범위말,characteristic,레벨2,레벨2,
S1-124,식물 표본의 공통점,정도와 범위말,common,레벨2,레벨1,O
S1-124,식물 표본의 공통점,정도와 범위말,conscious,레벨2,레벨2,
S1-124,식물 표본의 공통점,정도와 범위말,content,레벨2,레벨2,
S1-124,식물 표본의 공통점,정도와 범위말,especial,레벨2,레벨2,
S1-124,식물 표본의 공통점,정도와 범위말,interest,레벨1,레벨1,
S1-124,식물 표본의 공통점,정도와 범위말,main,레벨2,레벨2,
S1-124,식물 표본의 공통점,정도와 범위말,paragraph,레벨2,레벨1,O
S1-124,식물 표본의 공통점,정도와 범위말,particular,레벨2,레벨2,
S1-124,식물 표본의 공통점,정도와 범위말,which,레벨1,레벨1,
S1-125,탐사구역 최종판정,정도와 범위말,final,레벨2,레벨1,O
S1-125,탐사구역 최종판정,정도와 범위말,general,레벨2,레벨2,
S1-125,탐사구역 최종판정,정도와 범위말,instance,레벨2,레벨2,
S1-125,탐사구역 최종판정,정도와 범위말,manner,레벨2,레벨1,O
S1-125,탐사구역 최종판정,정도와 범위말,maybe,레벨2,레벨1,O
S1-125,탐사구역 최종판정,정도와 범위말,mean,레벨2,레벨1,O
S1-125,탐사구역 최종판정,정도와 범위말,nowhere,레벨2,레벨2,
S1-125,탐사구역 최종판정,정도와 범위말,perhaps,레벨2,레벨1,O
S1-125,탐사구역 최종판정,정도와 범위말,possible,레벨2,레벨1,O
S1-126,여러 재료의 강도범위,정도와 범위말,else,레벨2,레벨1,O
S1-126,여러 재료의 강도범위,정도와 범위말,ever,레벨2,레벨1,O
S1-126,여러 재료의 강도범위,정도와 범위말,indeed,레벨2,레벨1,O
S1-126,여러 재료의 강도범위,정도와 범위말,other,레벨1,레벨1,
S1-126,여러 재료의 강도범위,정도와 범위말,plus,레벨2,레벨1,O
S1-126,여러 재료의 강도범위,정도와 범위말,probable,레벨2,레벨2,
S1-126,여러 재료의 강도범위,정도와 범위말,somewhat,레벨2,레벨2,
S1-126,여러 재료의 강도범위,정도와 범위말,such,레벨2,레벨1,O
S1-126,여러 재료의 강도범위,정도와 범위말,various,레벨2,레벨2,
S1-127,화물 묶기 작업,손으로 하는 것,grab,레벨2,레벨2,
S1-127,화물 묶기 작업,손으로 하는 것,lift,레벨2,레벨2,
S1-127,화물 묶기 작업,손으로 하는 것,load,레벨2,레벨1,O
S1-127,화물 묶기 작업,손으로 하는 것,pack,레벨2,레벨1,O
S1-127,화물 묶기 작업,손으로 하는 것,pull,레벨1,레벨1,
S1-127,화물 묶기 작업,손으로 하는 것,press,레벨2,레벨2,
S1-127,화물 묶기 작업,손으로 하는 것,tie,레벨1,레벨1,
S1-127,화물 묶기 작업,손으로 하는 것,twist,레벨2,레벨2,
S1-127,화물 묶기 작업,손으로 하는 것,wrap,레벨2,레벨2,
S1-128,작업대의 여러 손동작,손으로 하는 것,knock,레벨1,레벨1,
S1-128,작업대의 여러 손동작,손으로 하는 것,pitch,레벨2,레벨2,
S1-128,작업대의 여러 손동작,손으로 하는 것,punch,레벨2,레벨2,
S1-128,작업대의 여러 손동작,손으로 하는 것,rub,레벨2,레벨2,
S1-128,작업대의 여러 손동작,손으로 하는 것,scratch,레벨2,레벨2,
S1-128,작업대의 여러 손동작,손으로 하는 것,stir,레벨2,레벨2,
S1-128,작업대의 여러 손동작,손으로 하는 것,sweep,레벨2,레벨2,
S1-128,작업대의 여러 손동작,손으로 하는 것,throw,레벨1,레벨1,
S1-128,작업대의 여러 손동작,손으로 하는 것,wipe,레벨2,레벨2,
S1-129,빙판 구조 이동,몸 전체로 하는 것,bite,레벨2,레벨1,O
S1-129,빙판 구조 이동,몸 전체로 하는 것,bounce,레벨2,레벨2,
S1-129,빙판 구조 이동,몸 전체로 하는 것,bump,레벨2,레벨2,
S1-129,빙판 구조 이동,몸 전체로 하는 것,crawl,레벨2,레벨2,
S1-129,빙판 구조 이동,몸 전체로 하는 것,drag,레벨2,레벨2,
S1-129,빙판 구조 이동,몸 전체로 하는 것,gesture,레벨2,레벨2,
S1-129,빙판 구조 이동,몸 전체로 하는 것,lay,레벨2,레벨2,
S1-129,빙판 구조 이동,몸 전체로 하는 것,lean,레벨2,레벨2,
S1-130,모래언덕 추격,몸 전체로 하는 것,bow,레벨2,레벨2,
S1-130,모래언덕 추격,몸 전체로 하는 것,chase,레벨2,레벨2,
S1-130,모래언덕 추격,몸 전체로 하는 것,dig,레벨2,레벨1,O
S1-130,모래언덕 추격,몸 전체로 하는 것,hug,레벨2,레벨1,O
S1-130,모래언덕 추격,몸 전체로 하는 것,motion,레벨2,레벨2,
S1-130,모래언덕 추격,몸 전체로 하는 것,raise,레벨2,레벨1,O
S1-130,모래언덕 추격,몸 전체로 하는 것,rush,레벨2,레벨1,O
S1-130,모래언덕 추격,몸 전체로 하는 것,shoot,레벨1,레벨1,
S1-131,체조 회전 연습,몸 전체로 하는 것,roll,레벨1,레벨1,
S1-131,체조 회전 연습,몸 전체로 하는 것,shake,레벨2,레벨1,O
S1-131,체조 회전 연습,몸 전체로 하는 것,slide,레벨1,레벨1,
S1-131,체조 회전 연습,몸 전체로 하는 것,slip,레벨2,레벨2,
S1-131,체조 회전 연습,몸 전체로 하는 것,spin,레벨2,레벨2,
S1-131,체조 회전 연습,몸 전체로 하는 것,step,레벨1,레벨1,
S1-131,체조 회전 연습,몸 전체로 하는 것,stretch,레벨2,레벨2,
S1-131,체조 회전 연습,몸 전체로 하는 것,swing,레벨1,레벨2,O
S1-132,계절 관측 돔,하늘과 날씨,atmosphere,레벨2,레벨2,
S1-132,계절 관측 돔,하늘과 날씨,blow,레벨1,레벨1,
S1-132,계절 관측 돔,하늘과 날씨,climate,레벨2,레벨2,
S1-132,계절 관측 돔,하늘과 날씨,fog,레벨2,레벨1,O
S1-132,계절 관측 돔,하늘과 날씨,freeze,레벨2,레벨1,O
S1-132,계절 관측 돔,하늘과 날씨,melt,레벨2,레벨2,
S1-132,계절 관측 돔,하늘과 날씨,steam,레벨1,레벨2,O
S1-132,계절 관측 돔,하늘과 날씨,storm,레벨1,레벨1,
S1-132,계절 관측 돔,하늘과 날씨,temperature,레벨2,레벨1,O
S1-132,계절 관측 돔,하늘과 날씨,heaven,레벨2,레벨2,
S1-133,골짜기의 마을 지도,땅과 물길,county,레벨2,레벨2,
S1-133,골짜기의 마을 지도,땅과 물길,district,레벨2,레벨2,
S1-133,골짜기의 마을 지도,땅과 물길,region,레벨2,레벨2,
S1-133,골짜기의 마을 지도,땅과 물길,site,레벨2,레벨1,O
S1-133,골짜기의 마을 지도,땅과 물길,valley,레벨2,레벨1,O
S1-133,골짜기의 마을 지도,땅과 물길,pollute,레벨2,레벨1,O
S1-133b,비 갠 저녁의 관측 캠프,하늘과 날씨,flame,레벨2,레벨2,
S1-133b,비 갠 저녁의 관측 캠프,하늘과 날씨,smoke,레벨1,레벨1,
S1-133b,비 갠 저녁의 관측 캠프,하늘과 날씨,planet,레벨2,레벨1,O
S1-133b,비 갠 저녁의 관측 캠프,하늘과 날씨,rainbow,레벨1,레벨2,O
S1-133b,비 갠 저녁의 관측 캠프,하늘과 날씨,grace,레벨2,레벨1,O
S1-133b,비 갠 저녁의 관측 캠프,하늘과 날씨,chip,레벨2,레벨2,
S1-133b,비 갠 저녁의 관측 캠프,하늘과 날씨,species,레벨2,레벨2,
S1-134,씨앗 보관 정원,닫고 파묻기,bury,레벨2,레벨1,O
S1-134,씨앗 보관 정원,닫고 파묻기,shut,레벨1,레벨1,
S1-134,씨앗 보관 정원,닫고 파묻기,spread,레벨2,레벨1,O
S1-134,씨앗 보관 정원,닫고 파묻기,trap,레벨2,레벨1,O
S1-135,균형 식탁 저울,먹을 것,bean,레벨2,레벨1,O
S1-135,균형 식탁 저울,먹을 것,crisp,레벨2,레벨1,O
S1-135,균형 식탁 저울,먹을 것,diet,레벨2,레벨1,O
S1-135,균형 식탁 저울,먹을 것,honey,레벨2,레벨1,O
S1-135,균형 식탁 저울,먹을 것,hunger,레벨2,레벨2,
S1-135,균형 식탁 저울,먹을 것,lemon,레벨2,레벨1,O
S1-135,균형 식탁 저울,먹을 것,meal,레벨2,레벨1,O
S1-135,균형 식탁 저울,먹을 것,nut,레벨2,레벨2,
S1-135,균형 식탁 저울,먹을 것,pie,레벨2,레벨2,
S1-135,균형 식탁 저울,먹을 것,sour,레벨2,레벨2,
S1-136,시장 바구니의 맛,먹을 것,mushroom,레벨2,레벨1,O
S1-136,시장 바구니의 맛,먹을 것,pear,레벨1,레벨1,
S1-136,시장 바구니의 맛,먹을 것,pepper,레벨2,레벨1,O
S1-136,시장 바구니의 맛,먹을 것,pork,레벨2,레벨2,
S1-136,시장 바구니의 맛,먹을 것,powder,레벨2,레벨2,
S1-136,시장 바구니의 맛,먹을 것,rice,레벨1,레벨1,
S1-136,시장 바구니의 맛,먹을 것,snack,레벨2,레벨1,O
S1-136,시장 바구니의 맛,먹을 것,strawberry,레벨1,레벨2,O
S1-136,시장 바구니의 맛,먹을 것,sweet,레벨1,레벨1,
S1-137,아침 조리대,부엌과 조리,toast,레벨2,레벨1,O
S1-137,아침 조리대,부엌과 조리,boil,레벨2,레벨1,O
S1-137,아침 조리대,부엌과 조리,bowl,레벨1,레벨1,
S1-137,아침 조리대,부엌과 조리,chop,레벨2,레벨2,
S1-137,아침 조리대,부엌과 조리,dish,레벨1,레벨1,
S1-137,아침 조리대,부엌과 조리,fry,레벨2,레벨1,O
S1-137,아침 조리대,부엌과 조리,recipe,레벨2,레벨2,
S1-138,소스 혼합대,부엌과 조리,consume,레벨2,레벨2,
S1-138,소스 혼합대,부엌과 조리,grocery,레벨2,레벨1,O
S1-138,소스 혼합대,부엌과 조리,mix,레벨2,레벨1,O
S1-138,소스 혼합대,부엌과 조리,pour,레벨2,레벨1,O
S1-138,소스 혼합대,부엌과 조리,sauce,레벨2,레벨1,O
S1-138,소스 혼합대,부엌과 조리,menu,레벨2,레벨1,O
S1-138,소스 혼합대,부엌과 조리,bacon,레벨2,레벨2,
S1-138,소스 혼합대,부엌과 조리,bitter,레벨2,레벨2,
S1-138,소스 혼합대,부엌과 조리,melon,레벨1,레벨1,
S1-138,소스 혼합대,부엌과 조리,price,레벨2,레벨1,O
S1-139,닫히는 찻장,부엌과 조리,pot,레벨2,레벨2,
S1-139,닫히는 찻장,부엌과 조리,pan,레벨2,레벨1,O
S1-139,닫히는 찻장,부엌과 조리,plate,레벨2,레벨1,O
S1-139,닫히는 찻장,부엌과 조리,tea,레벨1,레벨1,
S1-139,닫히는 찻장,부엌과 조리,supper,레벨1,레벨1,
S1-139,닫히는 찻장,부엌과 조리,kettle,레벨1,레벨1,
S1-140,가계 저울,돈,budget,레벨2,레벨1,O
S1-140,가계 저울,돈,coin,레벨1,레벨1,
S1-140,가계 저울,돈,credit,레벨2,레벨1,O
S1-140,가계 저울,돈,estimate,레벨2,레벨2,
S1-140,가계 저울,돈,expense,레벨2,레벨2,
S1-140,가계 저울,돈,fee,레벨2,레벨1,O
S1-140,가계 저울,돈,finance,레벨2,레벨2,
S1-140,가계 저울,돈,earn,레벨2,레벨1,O
S1-140,가계 저울,돈,stamp,레벨1,레벨1,
S1-141,위험을 나누는 금고,돈,fund,레벨2,레벨2,
S1-141,위험을 나누는 금고,돈,income,레벨2,레벨2,
S1-141,위험을 나누는 금고,돈,insure,레벨2,레벨2,
S1-141,위험을 나누는 금고,돈,loan,레벨2,레벨2,
S1-141,위험을 나누는 금고,돈,loss,레벨2,레벨2,
S1-141,위험을 나누는 금고,돈,profit,레벨2,레벨2,
S1-141,위험을 나누는 금고,돈,afford,레벨2,레벨2,
S1-141,위험을 나누는 금고,돈,charge,레벨2,레벨2,
S1-141,위험을 나누는 금고,돈,debt,레벨2,레벨2,
S1-141,위험을 나누는 금고,돈,economy,레벨2,레벨2,
S1-142,노동의 몫,돈,salary,레벨2,레벨2,
S1-142,노동의 몫,돈,spend,레벨1,레벨1,
S1-142,노동의 몫,돈,tax,레벨2,레벨2,
S1-142,노동의 몫,돈,value,레벨2,레벨1,O
S1-142,노동의 몫,돈,wage,레벨2,레벨2,
S1-142,노동의 몫,돈,worth,레벨2,레벨2,
S1-142,노동의 몫,돈,advertise,레벨2,레벨2,
S1-143,약속의 시장 천칭,사고팔기,award,레벨2,레벨1,O
S1-143,약속의 시장 천칭,사고팔기,bet,레벨2,레벨2,
S1-143,약속의 시장 천칭,사고팔기,brand,레벨2,레벨1,O
S1-143,약속의 시장 천칭,사고팔기,commerce,레벨2,레벨2,
S1-143,약속의 시장 천칭,사고팔기,contract,레벨2,레벨2,
S1-143,약속의 시장 천칭,사고팔기,demand,레벨2,레벨2,
S1-143,약속의 시장 천칭,사고팔기,grant,레벨2,레벨2,
S1-143,약속의 시장 천칭,사고팔기,guarantee,레벨2,레벨2,
S1-143,약속의 시장 천칭,사고팔기,invest,레벨2,레벨2,
S1-144,창고 순환 시장,사고팔기,prize,레벨2,레벨2,
S1-144,창고 순환 시장,사고팔기,property,레벨2,레벨2,
S1-144,창고 순환 시장,사고팔기,purchase,레벨2,레벨2,
S1-144,창고 순환 시장,사고팔기,rent,레벨2,레벨1,O
S1-144,창고 순환 시장,사고팔기,sponsor,레벨2,레벨2,
S1-144,창고 순환 시장,사고팔기,stock,레벨2,레벨2,
S1-144,창고 순환 시장,사고팔기,supply,레벨2,레벨2,
S1-144,창고 순환 시장,사고팔기,trade,레벨2,레벨1,O
S1-144,창고 순환 시장,사고팔기,waste,레벨1,레벨2,O
S1-145,벽체 단면 공방,집의 구조,brick,레벨2,레벨2,
S1-145,벽체 단면 공방,집의 구조,ceiling,레벨1,레벨2,O
S1-145,벽체 단면 공방,집의 구조,cottage,레벨2,레벨2,
S1-145,벽체 단면 공방,집의 구조,fence,레벨2,레벨1,O
S1-145,벽체 단면 공방,집의 구조,frame,레벨2,레벨1,O
S1-145,벽체 단면 공방,집의 구조,bin,레벨2,레벨2,
S1-145,벽체 단면 공방,집의 구조,cable,레벨2,레벨2,
S1-146,차고와 거실 단면,집의 구조,garage,레벨2,레벨1,O
S1-146,차고와 거실 단면,집의 구조,livingroom,레벨2,레벨1,O
S1-146,차고와 거실 단면,집의 구조,roof,레벨1,레벨1,
S1-146,차고와 거실 단면,집의 구조,shelf,레벨2,레벨1,O
S1-146,차고와 거실 단면,집의 구조,carpet,레벨2,레벨2,
S1-146,차고와 거실 단면,집의 구조,pet,레벨2,레벨1,O
S1-146,차고와 거실 단면,집의 구조,fur,레벨2,레벨2,
S1-147,물 쓰는 층계집,집의 구조,shower,레벨1,레벨1,
S1-147,물 쓰는 층계집,집의 구조,stairs,레벨2,레벨1,O
S1-147,물 쓰는 층계집,집의 구조,toilet,레벨2,레벨1,O
S1-147,물 쓰는 층계집,집의 구조,villa,레벨2,레벨2,
S1-147,물 쓰는 층계집,집의 구조,boot,레벨2,레벨2,
S1-147,물 쓰는 층계집,집의 구조,dump,레벨2,레벨2,
S1-148,현관 정리 장치,살림 도구,bar,레벨2,레벨1,O
S1-148,현관 정리 장치,살림 도구,bench,레벨1,레벨1,
S1-148,현관 정리 장치,살림 도구,blanket,레벨2,레벨1,O
S1-148,현관 정리 장치,살림 도구,chain,레벨2,레벨1,O
S1-148,현관 정리 장치,살림 도구,furniture,레벨2,레벨1,O
S1-148,현관 정리 장치,살림 도구,iron,레벨2,레벨2,
S1-148,현관 정리 장치,살림 도구,lid,레벨2,레벨2,
S1-149,수선 작업벽,살림 도구,lamp,레벨1,레벨1,
S1-149,수선 작업벽,살림 도구,lock,레벨2,레벨1,O
S1-149,수선 작업벽,살림 도구,mess,레벨2,레벨2,
S1-149,수선 작업벽,살림 도구,microwave,레벨2,레벨2,
S1-149,수선 작업벽,살림 도구,mirror,레벨1,레벨1,
S1-149,수선 작업벽,살림 도구,oven,레벨2,레벨1,O
S1-149,수선 작업벽,살림 도구,pin,레벨1,레벨2,O
S1-149,수선 작업벽,살림 도구,pipe,레벨1,레벨2,O
S1-150,세탁 급수 선반,살림 도구,sheet,레벨1,레벨2,O
S1-150,세탁 급수 선반,살림 도구,string,레벨2,레벨1,O
S1-150,세탁 급수 선반,살림 도구,tank,레벨2,레벨2,
S1-150,세탁 급수 선반,살림 도구,tap,레벨2,레벨1,O
S1-150,세탁 급수 선반,살림 도구,towel,레벨2,레벨1,O
S1-150,세탁 급수 선반,살림 도구,tray,레벨2,레벨2,
S1-150,세탁 급수 선반,살림 도구,wire,레벨2,레벨2,
S1-151,수도 교통 모형,도시의 건물,capital,레벨1,레벨1,
S1-151,수도 교통 모형,도시의 건물,cinema,레벨2,레벨1,O
S1-151,수도 교통 모형,도시의 건물,hall,레벨1,레벨1,
S1-151,수도 교통 모형,도시의 건물,hotel,레벨1,레벨1,
S1-151,수도 교통 모형,도시의 건물,prison,레벨2,레벨2,
S1-151,수도 교통 모형,도시의 건물,cycle,레벨2,레벨2,
S1-152,문화 언덕의 저녁,도시의 건물,museum,레벨2,레벨1,O
S1-152,문화 언덕의 저녁,도시의 건물,opera,레벨2,레벨1,O
S1-152,문화 언덕의 저녁,도시의 건물,palace,레벨2,레벨1,O
S1-152,문화 언덕의 저녁,도시의 건물,post,레벨1,레벨1,
S1-152,문화 언덕의 저녁,도시의 건물,pub,레벨2,레벨2,
S1-153,배움 마을 환승장,도시의 건물,station,레벨1,레벨1,
S1-153,배움 마을 환승장,도시의 건물,studio,레벨2,레벨2,
S1-153,배움 마을 환승장,도시의 건물,theater,레벨2,레벨1,O
S1-153,배움 마을 환승장,도시의 건물,university,레벨2,레벨1,O
S1-153,배움 마을 환승장,도시의 건물,village,레벨1,레벨1,
S1-153,배움 마을 환승장,도시의 건물,helicopter,레벨2,레벨2,
S1-153,배움 마을 환승장,도시의 건물,motor,레벨2,레벨2,
S1-153,배움 마을 환승장,도시의 건물,exit,레벨2,레벨2,
S1-153,배움 마을 환승장,도시의 건물,gear,레벨2,레벨2,
S1-153,배움 마을 환승장,도시의 건물,engine,레벨1,레벨2,O
S1-154,산악 환승 시험장,타고 가기,airport,레벨1,레벨1,
S1-154,산악 환승 시험장,타고 가기,brake,레벨2,레벨1,O
S1-154,산악 환승 시험장,타고 가기,cart,레벨2,레벨1,O
S1-154,산악 환승 시험장,타고 가기,rail,레벨2,레벨2,
S1-154,산악 환승 시험장,타고 가기,seat,레벨1,레벨1,
S1-154,산악 환승 시험장,타고 가기,tour,레벨2,레벨1,O
S1-154,산악 환승 시험장,타고 가기,traffic,레벨2,레벨1,O
S1-155,섬 여행 연결망,타고 가기,flight,레벨2,레벨1,O
S1-155,섬 여행 연결망,타고 가기,gate,레벨1,레벨1,
S1-155,섬 여행 연결망,타고 가기,picnic,레벨1,레벨1,
S1-155,섬 여행 연결망,타고 가기,plane,레벨1,레벨1,
S1-155,섬 여행 연결망,타고 가기,ride,레벨1,레벨1,
S1-155,섬 여행 연결망,타고 가기,transport,레벨2,레벨2,
S1-155,섬 여행 연결망,타고 가기,van,레벨2,레벨2,
S1-155,섬 여행 연결망,타고 가기,vehicle,레벨2,레벨2,
S1-155,섬 여행 연결망,타고 가기,wheel,레벨2,레벨1,O
S1-155,섬 여행 연결망,타고 가기,airline,레벨2,레벨2,
