단어,갈래,레벨,CEFR,배정챕터,챕터명,실측최빈,일치,성격
bit,많고 적음,레벨1,A2,10,지구와 날씨,ch7,X,추상(스토리 몫)
entire,많고 적음,레벨2,B1,10,지구와 날씨,ch7,X,추상(스토리 몫)
extreme,많고 적음,레벨2,B1,10,지구와 날씨,ch7,X,추상(스토리 몫)
few,많고 적음,레벨1,A2,10,지구와 날씨,ch7,X,추상(스토리 몫)
intense,많고 적음,레벨2,B1,10,지구와 날씨,ch7,X,추상(스토리 몫)
limit,많고 적음,레벨2,B1,10,지구와 날씨,ch7,X,추상(스토리 몫)
lot,많고 적음,레벨1,A1,10,지구와 날씨,ch7,X,추상(스토리 몫)
major,많고 적음,레벨1,A2,10,지구와 날씨,ch7,X,추상(스토리 몫)
mass,많고 적음,레벨2,B1,10,지구와 날씨,ch7,X,추상(스토리 몫)
maximum,많고 적음,레벨2,B1,10,지구와 날씨,ch7,X,추상(스토리 몫)
none,많고 적음,레벨2,B1,10,지구와 날씨,ch7,X,추상(스토리 몫)
prime,많고 적음,레벨2,B2,10,지구와 날씨,ch7,X,추상(스토리 몫)
quite,많고 적음,레벨1,A2,10,지구와 날씨,ch7,X,추상(스토리 몫)
range,많고 적음,레벨1,A2,10,지구와 날씨,ch7,X,추상(스토리 몫)
slight,많고 적음,레벨2,B1,10,지구와 날씨,ch7,X,추상(스토리 몫)
billion,수와 셈,레벨2,B2,10,지구와 날씨,ch10,O,추상(스토리 몫)
dozen,수와 셈,레벨2,B1,10,지구와 날씨,ch10,O,추상(스토리 몫)
half,수와 셈,레벨1,A1,10,지구와 날씨,ch10,O,추상(스토리 몫)
per,수와 셈,레벨2,B1,10,지구와 날씨,ch10,O,추상(스토리 몫)
quarter,수와 셈,레벨1,A1,10,지구와 날씨,ch10,O,추상(스토리 몫)
rate,수와 셈,레벨1,A2,10,지구와 날씨,ch10,O,추상(스토리 몫)
series,수와 셈,레벨2,B1,10,지구와 날씨,ch10,O,추상(스토리 몫)
thousand,수와 셈,레벨1,A2,10,지구와 날씨,ch10,O,추상(스토리 몫)
weigh,수와 셈,레벨1,A2,10,지구와 날씨,ch10,O,추상(스토리 몫)
zero,수와 셈,레벨1,미수록|로부장수기,10,지구와 날씨,ch10,O,추상(스토리 몫)
constant,시간과 때,레벨2,B2,10,지구와 날씨,ch11,X,추상(스토리 몫)
continue,시간과 때,레벨1,A2,10,지구와 날씨,ch11,X,추상(스토리 몫)
delay,시간과 때,레벨1,A2,10,지구와 날씨,ch11,X,추상(스토리 몫)
due,시간과 때,레벨1,A1,10,지구와 날씨,ch11,X,추상(스토리 몫)
immediate,시간과 때,레벨2,B1,10,지구와 날씨,ch11,X,추상(스토리 몫)
instant,시간과 때,레벨1,A2,10,지구와 날씨,ch11,X,추상(스토리 몫)
minute,시간과 때,레벨1,A1,10,지구와 날씨,ch11,X,추상(스토리 몫)
nowadays,시간과 때,레벨1,A2,10,지구와 날씨,ch11,X,추상(스토리 몫)
occasion,시간과 때,레벨2,B1,10,지구와 날씨,ch11,X,추상(스토리 몫)
once,시간과 때,레벨1,A1,10,지구와 날씨,ch11,X,추상(스토리 몫)
past,시간과 때,레벨1,A1,10,지구와 날씨,ch11,X,추상(스토리 몫)
pause,시간과 때,레벨2,B1,10,지구와 날씨,ch11,X,추상(스토리 몫)
period,시간과 때,레벨1,A1,10,지구와 날씨,ch11,X,추상(스토리 몫)
rapid,시간과 때,레벨2,B1,10,지구와 날씨,ch11,X,추상(스토리 몫)
recent,시간과 때,레벨1,A2,10,지구와 날씨,ch11,X,추상(스토리 몫)
soon,시간과 때,레벨1,A1,10,지구와 날씨,ch11,X,추상(스토리 몫)
term,시간과 때,레벨2,B1,10,지구와 날씨,ch11,X,추상(스토리 몫)
either,이음말,레벨1,A1,10,지구와 날씨,ch10,O,추상(스토리 몫)
even,이음말,레벨1,A2,10,지구와 날씨,ch10,O,추상(스토리 몫)
instead,이음말,레벨1,A2,10,지구와 날씨,ch10,O,추상(스토리 몫)
let,이음말,레벨1,A1,10,지구와 날씨,ch10,O,추상(스토리 몫)
neither,이음말,레벨2,B2,10,지구와 날씨,ch10,O,추상(스토리 몫)
nor,이음말,레벨2,B1,10,지구와 날씨,ch10,O,추상(스토리 몫)
otherwise,이음말,레벨2,B1,10,지구와 날씨,ch10,O,추상(스토리 몫)
ought,이음말,레벨2,미수록|로부장수기,10,지구와 날씨,ch10,O,추상(스토리 몫)
rather,이음말,레벨1,A2,10,지구와 날씨,ch10,O,추상(스토리 몫)
shall,이음말,레벨1,A2,10,지구와 날씨,ch10,O,추상(스토리 몫)
though,이음말,레벨1,A2,10,지구와 날씨,ch10,O,추상(스토리 몫)
thus,이음말,레벨2,B1,10,지구와 날씨,ch10,O,추상(스토리 몫)
whole,이음말,레벨1,A2,10,지구와 날씨,ch10,O,추상(스토리 몫)
would,이음말,레벨1,A1,10,지구와 날씨,ch10,O,추상(스토리 몫)
blank,크기와 모양,레벨1,A1,10,지구와 날씨,ch2,X,장면에 넣을 수 있음
super,크기와 모양,레벨1,A1,10,지구와 날씨,ch2,X,장면에 넣을 수 있음
noon,하늘과 날씨,레벨1,A2,10,지구와 날씨,ch10,O,장면에 넣을 수 있음
alter,같고 다름,레벨2,B2,11,우주와 과학,ch2,X,추상(스토리 몫)
familiar,같고 다름,레벨1,A2,11,우주와 과학,ch2,X,추상(스토리 몫)
shift,같고 다름,레벨2,B1,11,우주와 과학,ch2,X,추상(스토리 몫)
choice,고르고 정하기,레벨1,A2,11,우주와 과학,ch8,X,추상(스토리 몫)
schedule,고르고 정하기,레벨1,A2,11,우주와 과학,ch8,X,추상(스토리 몫)
concentrate,생각하기,레벨1,A2,11,우주와 과학,ch11,O,추상(스토리 몫)
consider,생각하기,레벨1,A2,11,우주와 과학,ch11,O,추상(스토리 몫)
context,생각하기,레벨1,A2,11,우주와 과학,ch11,O,추상(스토리 몫)
define,생각하기,레벨2,B1,11,우주와 과학,ch11,O,추상(스토리 몫)
investigate,생각하기,레벨2,B2,11,우주와 과학,ch11,O,추상(스토리 몫)
method,생각하기,레벨1,A2,11,우주와 과학,ch11,O,추상(스토리 몫)
notice,생각하기,레벨1,A2,11,우주와 과학,ch11,O,추상(스토리 몫)
opinion,생각하기,레벨1,A2,11,우주와 과학,ch11,O,추상(스토리 몫)
recognize,생각하기,레벨2,미수록|로부장수기,11,우주와 과학,ch11,O,추상(스토리 몫)
remind,생각하기,레벨1,A2,11,우주와 과학,ch11,O,추상(스토리 몫)
solve,생각하기,레벨1,A1,11,우주와 과학,ch11,O,추상(스토리 몫)
strategy,생각하기,레벨1,A2,11,우주와 과학,ch11,O,추상(스토리 몫)
suppose,생각하기,레벨2,B1,11,우주와 과학,ch11,O,추상(스토리 몫)
tend,생각하기,레벨2,B1,11,우주와 과학,ch11,O,추상(스토리 몫)
basis,정도와 범위말,레벨2,B1,11,우주와 과학,ch8,X,추상(스토리 몫)
brief,정도와 범위말,레벨2,B1,11,우주와 과학,ch8,X,추상(스토리 몫)
characteristic,정도와 범위말,레벨2,B1,11,우주와 과학,ch8,X,추상(스토리 몫)
common,정도와 범위말,레벨1,A2,11,우주와 과학,ch8,X,추상(스토리 몫)
conscious,정도와 범위말,레벨2,B1,11,우주와 과학,ch8,X,추상(스토리 몫)
each,정도와 범위말,레벨1,A1,11,우주와 과학,ch8,X,추상(스토리 몫)
else,정도와 범위말,레벨1,A1,11,우주와 과학,ch8,X,추상(스토리 몫)
especial,정도와 범위말,레벨2,미수록|로부장수기,11,우주와 과학,ch8,X,추상(스토리 몫)
ever,정도와 범위말,레벨1,A2,11,우주와 과학,ch8,X,추상(스토리 몫)
final,정도와 범위말,레벨1,A2,11,우주와 과학,ch8,X,추상(스토리 몫)
instance,정도와 범위말,레벨2,B1,11,우주와 과학,ch8,X,추상(스토리 몫)
interest,정도와 범위말,레벨1,A2,11,우주와 과학,ch8,X,추상(스토리 몫)
item,정도와 범위말,레벨1,A1,11,우주와 과학,ch8,X,추상(스토리 몫)
manner,정도와 범위말,레벨1,A2,11,우주와 과학,ch8,X,추상(스토리 몫)
maybe,정도와 범위말,레벨1,A1,11,우주와 과학,ch8,X,추상(스토리 몫)
mean,정도와 범위말,레벨1,A1,11,우주와 과학,ch8,X,추상(스토리 몫)
nowhere,정도와 범위말,레벨2,B1,11,우주와 과학,ch8,X,추상(스토리 몫)
other,정도와 범위말,레벨1,A1,11,우주와 과학,ch8,X,추상(스토리 몫)
particular,정도와 범위말,레벨2,B2,11,우주와 과학,ch8,X,추상(스토리 몫)
perhaps,정도와 범위말,레벨1,A2,11,우주와 과학,ch8,X,추상(스토리 몫)
plus,정도와 범위말,레벨1,A2,11,우주와 과학,ch8,X,추상(스토리 몫)
possible,정도와 범위말,레벨1,A2,11,우주와 과학,ch8,X,추상(스토리 몫)
probable,정도와 범위말,레벨2,B2,11,우주와 과학,ch8,X,추상(스토리 몫)
section,정도와 범위말,레벨1,A1,11,우주와 과학,ch8,X,추상(스토리 몫)
session,정도와 범위말,레벨2,B1,11,우주와 과학,ch8,X,추상(스토리 몫)
somewhat,정도와 범위말,레벨2,B2,11,우주와 과학,ch8,X,추상(스토리 몫)
such,정도와 범위말,레벨1,A2,11,우주와 과학,ch8,X,추상(스토리 몫)
various,정도와 범위말,레벨2,B1,11,우주와 과학,ch8,X,추상(스토리 몫)
benefit,좋고 나쁨,레벨2,B1,11,우주와 과학,ch11,O,추상(스토리 몫)
correct,좋고 나쁨,레벨1,A1,11,우주와 과학,ch11,O,추상(스토리 몫)
fair,좋고 나쁨,레벨1,A1,11,우주와 과학,ch11,O,추상(스토리 몫)
fortunate,좋고 나쁨,레벨2,B1,11,우주와 과학,ch11,O,추상(스토리 몫)
fortune,좋고 나쁨,레벨1,A2,11,우주와 과학,ch11,O,추상(스토리 몫)
increase,좋고 나쁨,레벨1,A2,11,우주와 과학,ch11,O,추상(스토리 몫)
perfect,좋고 나쁨,레벨1,A2,11,우주와 과학,ch11,O,추상(스토리 몫)
proper,좋고 나쁨,레벨1,A2,11,우주와 과학,ch11,O,추상(스토리 몫)
quality,좋고 나쁨,레벨1,A2,11,우주와 과학,ch11,O,추상(스토리 몫)
reduce,좋고 나쁨,레벨2,B1,11,우주와 과학,ch11,O,추상(스토리 몫)
gorgeous,놀람과 궁금함,레벨2,B1,12,밤과 꿈,ch12,O,장면에 넣을 수 있음
hell,놀람과 궁금함,레벨2,B2,12,밤과 꿈,ch12,O,장면에 넣을 수 있음
impress,놀람과 궁금함,레벨1,A2,12,밤과 꿈,ch12,O,장면에 넣을 수 있음
surprise,놀람과 궁금함,레벨1,A1,12,밤과 꿈,ch12,O,장면에 넣을 수 있음
illustrate,드러남과 감춤,레벨2,B2,12,밤과 꿈,ch2,X,장면에 넣을 수 있음
claim,따지고 다투기,레벨1,A2,12,밤과 꿈,ch7,X,장면에 넣을 수 있음
convince,따지고 다투기,레벨2,B1,12,밤과 꿈,ch7,X,장면에 넣을 수 있음
debate,따지고 다투기,레벨1,A2,12,밤과 꿈,ch7,X,장면에 넣을 수 있음
deny,따지고 다투기,레벨2,B1,12,밤과 꿈,ch7,X,장면에 넣을 수 있음
insist,따지고 다투기,레벨2,B1,12,밤과 꿈,ch7,X,장면에 넣을 수 있음
belief,믿음과 의심,레벨2,B1,12,밤과 꿈,ch12,O,추상(스토리 몫)
evidence,믿음과 의심,레벨1,A2,12,밤과 꿈,ch12,O,추상(스토리 몫)
prove,믿음과 의심,레벨2,B1,12,밤과 꿈,ch12,O,추상(스토리 몫)
rely,믿음과 의심,레벨2,B1,12,밤과 꿈,ch12,O,추상(스토리 몫)
trust,믿음과 의심,레벨1,A2,12,밤과 꿈,ch12,O,추상(스토리 몫)
truth,믿음과 의심,레벨1,A2,12,밤과 꿈,ch12,O,추상(스토리 몫)
bore,바람과 아쉬움,레벨2,B1,12,밤과 꿈,ch12,O,장면에 넣을 수 있음
lack,바람과 아쉬움,레벨1,A2,12,밤과 꿈,ch12,O,장면에 넣을 수 있음
pity,바람과 아쉬움,레벨1,A2,12,밤과 꿈,ch12,O,장면에 넣을 수 있음
sore,바람과 아쉬움,레벨2,B1,12,밤과 꿈,ch12,O,장면에 넣을 수 있음
communicate,소리내어 말하기,레벨1,A2,12,밤과 꿈,ch12,O,장면에 넣을 수 있음
converse,소리내어 말하기,레벨2,B2,12,밤과 꿈,ch12,O,장면에 넣을 수 있음
instruct,소리내어 말하기,레벨2,B2,12,밤과 꿈,ch12,O,장면에 넣을 수 있음
joke,소리내어 말하기,레벨1,A2,12,밤과 꿈,ch12,O,장면에 넣을 수 있음
pray,소리내어 말하기,레벨1,A1,12,밤과 꿈,ch12,O,장면에 넣을 수 있음
pretend,소리내어 말하기,레벨1,A2,12,밤과 꿈,ch12,O,장면에 넣을 수 있음
reply,소리내어 말하기,레벨1,A2,12,밤과 꿈,ch12,O,장면에 넣을 수 있음
respond,소리내어 말하기,레벨2,B1,12,밤과 꿈,ch12,O,장면에 넣을 수 있음
sentence,소리내어 말하기,레벨1,A1,12,밤과 꿈,ch12,O,장면에 넣을 수 있음
speech,소리내어 말하기,레벨1,A1,12,밤과 꿈,ch12,O,장면에 넣을 수 있음
whisper,소리내어 말하기,레벨2,B1,12,밤과 꿈,ch12,O,장면에 넣을 수 있음
boom,소리와 음악,레벨2,B1,12,밤과 꿈,ch9,X,장면에 넣을 수 있음
advance,가고 오기,레벨2,B1,2,숲과 생명,ch2,O,장면에 넣을 수 있음
leave,가고 오기,레벨1,A1,2,숲과 생명,ch2,O,장면에 넣을 수 있음
proceed,가고 오기,레벨2,B1,2,숲과 생명,ch2,O,장면에 넣을 수 있음
giraffe,동물,레벨2,B1,2,숲과 생명,ch2,O,장면에 넣을 수 있음
zebra,동물,레벨2,B2,2,숲과 생명,ch2,O,장면에 넣을 수 있음
county,땅과 물길,레벨2,B1,2,숲과 생명,ch2,O,장면에 넣을 수 있음
highway,땅과 물길,레벨1,A2,2,숲과 생명,ch2,O,장면에 넣을 수 있음
pollute,땅과 물길,레벨1,A2,2,숲과 생명,ch2,O,장면에 넣을 수 있음
blind,몸과 감각,레벨2,B1,2,숲과 생명,ch2,O,장면에 넣을 수 있음
breathe,몸과 감각,레벨1,A1,2,숲과 생명,ch2,O,장면에 넣을 수 있음
cough,몸과 감각,레벨2,B1,2,숲과 생명,ch2,O,장면에 넣을 수 있음
tear,몸과 감각,레벨1,A2,2,숲과 생명,ch2,O,장면에 넣을 수 있음
belong,갖고 지니기,레벨1,A2,3,우리 집,ch3,O,장면에 넣을 수 있음
gain,갖고 지니기,레벨2,B1,3,우리 집,ch3,O,장면에 넣을 수 있음
lose,갖고 지니기,레벨1,A2,3,우리 집,ch3,O,장면에 넣을 수 있음
maintain,갖고 지니기,레벨2,B1,3,우리 집,ch3,O,장면에 넣을 수 있음
own,갖고 지니기,레벨1,A1,3,우리 집,ch3,O,장면에 넣을 수 있음
burst,만들고 고치기,레벨2,B1,3,우리 집,ch3,O,장면에 넣을 수 있음
damage,만들고 고치기,레벨2,B1,3,우리 집,ch3,O,장면에 넣을 수 있음
decorate,만들고 고치기,레벨2,B2,3,우리 집,ch3,O,장면에 넣을 수 있음
establish,만들고 고치기,레벨1,A2,3,우리 집,ch3,O,장면에 넣을 수 있음
invent,만들고 고치기,레벨1,A2,3,우리 집,ch3,O,장면에 넣을 수 있음
object,만들고 고치기,레벨2,B1,3,우리 집,ch3,O,장면에 넣을 수 있음
produce,만들고 고치기,레벨1,A2,3,우리 집,ch3,O,장면에 넣을 수 있음
repair,만들고 고치기,레벨1,A2,3,우리 집,ch3,O,장면에 넣을 수 있음
stick,만들고 고치기,레벨2,B1,3,우리 집,ch3,O,장면에 넣을 수 있음
villa,집의 구조,레벨2,B2,3,우리 집,ch3,O,장면에 넣을 수 있음
comedy,글과 기록,레벨2,B1,4,학교생활,ch4,O,장면에 넣을 수 있음
dictionary,글과 기록,레벨1,A1,4,학교생활,ch4,O,장면에 넣을 수 있음
drama,글과 기록,레벨1,A1,4,학교생활,ch4,O,장면에 넣을 수 있음
edit,글과 기록,레벨2,B2,4,학교생활,ch4,O,장면에 넣을 수 있음
envelope,글과 기록,레벨1,A2,4,학교생활,ch4,O,장면에 넣을 수 있음
essay,글과 기록,레벨1,A2,4,학교생활,ch4,O,장면에 넣을 수 있음
graph,글과 기록,레벨2,B1,4,학교생활,ch4,O,장면에 넣을 수 있음
language,글과 기록,레벨1,A1,4,학교생활,ch4,O,장면에 넣을 수 있음
list,글과 기록,레벨1,A1,4,학교생활,ch4,O,장면에 넣을 수 있음
magazine,글과 기록,레벨1,A1,4,학교생활,ch4,O,장면에 넣을 수 있음
photo,글과 기록,레벨1,A1,4,학교생활,ch4,O,장면에 넣을 수 있음
photograph,글과 기록,레벨1,A2,4,학교생활,ch4,O,장면에 넣을 수 있음
poem,글과 기록,레벨1,A1,4,학교생활,ch4,O,장면에 넣을 수 있음
scene,글과 기록,레벨1,A2,4,학교생활,ch4,O,장면에 넣을 수 있음
spell,글과 기록,레벨1,A1,4,학교생활,ch4,O,장면에 넣을 수 있음
text,글과 기록,레벨1,A2,4,학교생활,ch4,O,장면에 넣을 수 있음
educate,배움과 가르침,레벨2,B1,4,학교생활,ch11,X,장면에 넣을 수 있음
experience,배움과 가르침,레벨1,A2,4,학교생활,ch11,X,장면에 넣을 수 있음
experiment,배움과 가르침,레벨2,B1,4,학교생활,ch11,X,장면에 넣을 수 있음
knowledge,배움과 가르침,레벨1,A2,4,학교생활,ch11,X,장면에 넣을 수 있음
subject,배움과 가르침,레벨1,A1,4,학교생활,ch11,X,장면에 넣을 수 있음
emphasize,알리고 밝히기,레벨2,미수록|로부장수기,4,학교생활,ch9,X,장면에 넣을 수 있음
explain,알리고 밝히기,레벨1,A2,4,학교생활,ch9,X,장면에 넣을 수 있음
inform,알리고 밝히기,레벨2,B1,4,학교생활,ch9,X,장면에 넣을 수 있음
mention,알리고 밝히기,레벨1,A2,4,학교생활,ch9,X,장면에 넣을 수 있음
quote,알리고 밝히기,레벨2,B2,4,학교생활,ch9,X,장면에 넣을 수 있음
refer,알리고 밝히기,레벨1,A2,4,학교생활,ch9,X,장면에 넣을 수 있음
remark,알리고 밝히기,레벨2,B1,4,학교생활,ch9,X,장면에 넣을 수 있음
represent,알리고 밝히기,레벨1,A2,4,학교생활,ch9,X,장면에 넣을 수 있음
civil,규칙과 사회,레벨2,B1,5,도시와 교통,ch5,O,장면에 넣을 수 있음
discipline,규칙과 사회,레벨2,B2,5,도시와 교통,ch5,O,장면에 넣을 수 있음
elect,규칙과 사회,레벨2,B2,5,도시와 교통,ch5,O,장면에 넣을 수 있음
govern,규칙과 사회,레벨2,B1,5,도시와 교통,ch5,O,장면에 넣을 수 있음
innocent,규칙과 사회,레벨2,B1,5,도시와 교통,ch5,O,장면에 넣을 수 있음
justice,규칙과 사회,레벨2,B1,5,도시와 교통,ch5,O,장면에 넣을 수 있음
moral,규칙과 사회,레벨2,B1,5,도시와 교통,ch5,O,장면에 넣을 수 있음
policy,규칙과 사회,레벨2,B1,5,도시와 교통,ch5,O,장면에 넣을 수 있음
privacy,규칙과 사회,레벨2,B1,5,도시와 교통,ch5,O,장면에 넣을 수 있음
private,규칙과 사회,레벨1,A2,5,도시와 교통,ch5,O,장면에 넣을 수 있음
public,규칙과 사회,레벨1,A2,5,도시와 교통,ch5,O,장면에 넣을 수 있음
standard,규칙과 사회,레벨2,B1,5,도시와 교통,ch5,O,장면에 넣을 수 있음
automatic,기계와 도구,레벨1,A2,5,도시와 교통,ch5,O,장면에 넣을 수 있음
click,기계와 도구,레벨1,A2,5,도시와 교통,ch5,O,장면에 넣을 수 있음
code,기계와 도구,레벨1,A1,5,도시와 교통,ch5,O,장면에 넣을 수 있음
electric,기계와 도구,레벨1,A2,5,도시와 교통,ch5,O,장면에 넣을 수 있음
glue,기계와 도구,레벨1,미수록|로부장수기,5,도시와 교통,ch5,O,장면에 넣을 수 있음
label,기계와 도구,레벨2,B2,5,도시와 교통,ch5,O,장면에 넣을 수 있음
pump,기계와 도구,레벨2,B1,5,도시와 교통,ch5,O,장면에 넣을 수 있음
technology,기계와 도구,레벨1,A1,5,도시와 교통,ch5,O,장면에 넣을 수 있음
capital,도시의 건물,레벨1,A2,5,도시와 교통,ch9,X,장면에 넣을 수 있음
cinema,도시의 건물,레벨1,A1,5,도시와 교통,ch9,X,장면에 넣을 수 있음
hotel,도시의 건물,레벨1,A1,5,도시와 교통,ch9,X,장면에 넣을 수 있음
prison,도시의 건물,레벨2,B1,5,도시와 교통,ch9,X,장면에 넣을 수 있음
studio,도시의 건물,레벨2,B1,5,도시와 교통,ch9,X,장면에 넣을 수 있음
budget,돈,레벨1,A2,5,도시와 교통,ch5,O,장면에 넣을 수 있음
credit,돈,레벨1,A2,5,도시와 교통,ch5,O,장면에 넣을 수 있음
debt,돈,레벨2,B1,5,도시와 교통,ch5,O,장면에 넣을 수 있음
earn,돈,레벨1,A2,5,도시와 교통,ch5,O,장면에 넣을 수 있음
economy,돈,레벨2,B1,5,도시와 교통,ch5,O,장면에 넣을 수 있음
estimate,돈,레벨2,B1,5,도시와 교통,ch5,O,장면에 넣을 수 있음
expense,돈,레벨2,B1,5,도시와 교통,ch5,O,장면에 넣을 수 있음
finance,돈,레벨2,B1,5,도시와 교통,ch5,O,장면에 넣을 수 있음
insure,돈,레벨2,B1,5,도시와 교통,ch5,O,장면에 넣을 수 있음
loss,돈,레벨2,B1,5,도시와 교통,ch5,O,장면에 넣을 수 있음
profit,돈,레벨2,B2,5,도시와 교통,ch5,O,장면에 넣을 수 있음
salary,돈,레벨2,B2,5,도시와 교통,ch5,O,장면에 넣을 수 있음
tax,돈,레벨2,B1,5,도시와 교통,ch5,O,장면에 넣을 수 있음
value,돈,레벨1,A2,5,도시와 교통,ch5,O,장면에 넣을 수 있음
worth,돈,레벨2,B1,5,도시와 교통,ch5,O,장면에 넣을 수 있음
bet,사고팔기,레벨2,B1,5,도시와 교통,ch5,O,장면에 넣을 수 있음
brand,사고팔기,레벨1,A2,5,도시와 교통,ch5,O,장면에 넣을 수 있음
contract,사고팔기,레벨2,B2,5,도시와 교통,ch5,O,장면에 넣을 수 있음
demand,사고팔기,레벨2,B1,5,도시와 교통,ch5,O,장면에 넣을 수 있음
guarantee,사고팔기,레벨2,B1,5,도시와 교통,ch5,O,장면에 넣을 수 있음
property,사고팔기,레벨2,B1,5,도시와 교통,ch5,O,장면에 넣을 수 있음
rent,사고팔기,레벨1,A2,5,도시와 교통,ch5,O,장면에 넣을 수 있음
sponsor,사고팔기,레벨2,B1,5,도시와 교통,ch5,O,장면에 넣을 수 있음
supply,사고팔기,레벨2,B1,5,도시와 교통,ch5,O,장면에 넣을 수 있음
trade,사고팔기,레벨1,A2,5,도시와 교통,ch5,O,장면에 넣을 수 있음
waste,사고팔기,레벨2,B1,5,도시와 교통,ch5,O,장면에 넣을 수 있음
boss,일과 직업,레벨1,A2,5,도시와 교통,ch8,X,장면에 넣을 수 있음
captain,일과 직업,레벨1,A2,5,도시와 교통,ch8,X,장면에 넣을 수 있음
career,일과 직업,레벨2,B1,5,도시와 교통,ch8,X,장면에 넣을 수 있음
chairman,일과 직업,레벨1,A2,5,도시와 교통,ch8,X,장면에 넣을 수 있음
chief,일과 직업,레벨2,B1,5,도시와 교통,ch8,X,장면에 넣을 수 있음
clerk,일과 직업,레벨1,A2,5,도시와 교통,ch8,X,장면에 넣을 수 있음
client,일과 직업,레벨2,B2,5,도시와 교통,ch8,X,장면에 넣을 수 있음
dentist,일과 직업,레벨1,A2,5,도시와 교통,ch8,X,장면에 넣을 수 있음
engineer,일과 직업,레벨1,A1,5,도시와 교통,ch8,X,장면에 넣을 수 있음
guest,일과 직업,레벨1,A1,5,도시와 교통,ch8,X,장면에 넣을 수 있음
industry,일과 직업,레벨2,B1,5,도시와 교통,ch8,X,장면에 넣을 수 있음
lab,일과 직업,레벨2,B1,5,도시와 교통,ch8,X,장면에 넣을 수 있음
labor,일과 직업,레벨2,미수록|로부장수기,5,도시와 교통,ch8,X,장면에 넣을 수 있음
laboratory,일과 직업,레벨2,B1,5,도시와 교통,ch8,X,장면에 넣을 수 있음
lawyer,일과 직업,레벨1,A2,5,도시와 교통,ch8,X,장면에 넣을 수 있음
manufacture,일과 직업,레벨2,B2,5,도시와 교통,ch8,X,장면에 넣을 수 있음
master,일과 직업,레벨2,B2,5,도시와 교통,ch8,X,장면에 넣을 수 있음
mill,일과 직업,레벨2,B2,5,도시와 교통,ch8,X,장면에 넣을 수 있음
poet,일과 직업,레벨2,B1,5,도시와 교통,ch8,X,장면에 넣을 수 있음
profession,일과 직업,레벨2,B1,5,도시와 교통,ch8,X,장면에 넣을 수 있음
promote,일과 직업,레벨2,B1,5,도시와 교통,ch8,X,장면에 넣을 수 있음
secretary,일과 직업,레벨1,A2,5,도시와 교통,ch8,X,장면에 넣을 수 있음
contribute,주고받기,레벨2,B1,5,도시와 교통,ch5,O,장면에 넣을 수 있음
donate,주고받기,레벨2,B2,5,도시와 교통,ch5,O,장면에 넣을 수 있음
exchange,주고받기,레벨1,A2,5,도시와 교통,ch5,O,장면에 넣을 수 있음
lend,주고받기,레벨1,A2,5,도시와 교통,ch5,O,장면에 넣을 수 있음
offer,주고받기,레벨1,A2,5,도시와 교통,ch5,O,장면에 넣을 수 있음
reserve,주고받기,레벨2,B1,5,도시와 교통,ch5,O,장면에 넣을 수 있음
share,주고받기,레벨1,A1,5,도시와 교통,ch5,O,장면에 넣을 수 있음
transfer,주고받기,레벨2,B1,5,도시와 교통,ch5,O,장면에 넣을 수 있음
helicopter,타고 가기,레벨2,B2,5,도시와 교통,ch8,X,장면에 넣을 수 있음
parade,타고 가기,레벨2,B2,5,도시와 교통,ch8,X,장면에 넣을 수 있음
rocket,타고 가기,레벨2,B2,5,도시와 교통,ch8,X,장면에 넣을 수 있음
van,타고 가기,레벨2,B1,5,도시와 교통,ch8,X,장면에 넣을 수 있음
challenge,하고 다루기,레벨1,A2,5,도시와 교통,ch9,X,장면에 넣을 수 있음
cope,하고 다루기,레벨2,B2,5,도시와 교통,ch9,X,장면에 넣을 수 있음
dare,하고 다루기,레벨2,B1,5,도시와 교통,ch9,X,장면에 넣을 수 있음
deal,하고 다루기,레벨1,A2,5,도시와 교통,ch9,X,장면에 넣을 수 있음
effort,하고 다루기,레벨1,A2,5,도시와 교통,ch9,X,장면에 넣을 수 있음
manage,하고 다루기,레벨1,A2,5,도시와 교통,ch9,X,장면에 넣을 수 있음
operate,하고 다루기,레벨1,A2,5,도시와 교통,ch9,X,장면에 넣을 수 있음
process,하고 다루기,레벨2,B1,5,도시와 교통,ch9,X,장면에 넣을 수 있음
quit,하고 다루기,레벨1,A2,5,도시와 교통,ch9,X,장면에 넣을 수 있음
react,하고 다루기,레벨2,B1,5,도시와 교통,ch9,X,장면에 넣을 수 있음
risk,하고 다루기,레벨2,B1,5,도시와 교통,ch9,X,장면에 넣을 수 있음
assist,돕고 섬기기,레벨2,B1,6,음식과 건강,ch10,X,장면에 넣을 수 있음
bless,돕고 섬기기,레벨2,B1,6,음식과 건강,ch10,X,장면에 넣을 수 있음
cure,돕고 섬기기,레벨2,B1,6,음식과 건강,ch10,X,장면에 넣을 수 있음
favor,돕고 섬기기,레벨2,미수록|로부장수기,6,음식과 건강,ch10,X,장면에 넣을 수 있음
lead,돕고 섬기기,레벨1,A2,6,음식과 건강,ch10,X,장면에 넣을 수 있음
recover,돕고 섬기기,레벨2,B1,6,음식과 건강,ch10,X,장면에 넣을 수 있음
serve,돕고 섬기기,레벨1,A2,6,음식과 건강,ch10,X,장면에 넣을 수 있음
bitter,먹을 것,레벨2,B1,6,음식과 건강,ch7,X,장면에 넣을 수 있음
nut,먹을 것,레벨2,B2,6,음식과 건강,ch7,X,장면에 넣을 수 있음
cigarette,부엌과 조리,레벨1,A2,6,음식과 건강,ch6,O,장면에 넣을 수 있음
menu,부엌과 조리,레벨1,A2,6,음식과 건강,ch6,O,장면에 넣을 수 있음
recipe,부엌과 조리,레벨2,B2,6,음식과 건강,ch6,O,장면에 넣을 수 있음
accident,사고와 위험,레벨1,A2,6,음식과 건강,ch6,O,장면에 넣을 수 있음
avoid,사고와 위험,레벨1,A2,6,음식과 건강,ch6,O,장면에 넣을 수 있음
crisis,사고와 위험,레벨2,B1,6,음식과 건강,ch6,O,장면에 넣을 수 있음
prevent,사고와 위험,레벨1,A2,6,음식과 건강,ch6,O,장면에 넣을 수 있음
knock,손으로 하는 것,레벨1,A2,6,음식과 건강,ch6,O,장면에 넣을 수 있음
pitch,손으로 하는 것,레벨2,B2,6,음식과 건강,ch6,O,장면에 넣을 수 있음
scratch,손으로 하는 것,레벨2,B1,6,음식과 건강,ch6,O,장면에 넣을 수 있음
throw,손으로 하는 것,레벨1,A1,6,음식과 건강,ch6,O,장면에 넣을 수 있음
entertain,기쁨과 슬픔,레벨2,B1,7,몸과 감정,ch7,O,장면에 넣을 수 있음
excite,기쁨과 슬픔,레벨1,미수록|로부장수기,7,몸과 감정,ch7,O,장면에 넣을 수 있음
honor,기쁨과 슬픔,레벨2,미수록|로부장수기,7,몸과 감정,ch7,O,장면에 넣을 수 있음
humor,기쁨과 슬픔,레벨2,미수록|로부장수기,7,몸과 감정,ch7,O,장면에 넣을 수 있음
pride,기쁨과 슬픔,레벨1,A2,7,몸과 감정,ch7,O,장면에 넣을 수 있음
satisfy,기쁨과 슬픔,레벨1,A2,7,몸과 감정,ch7,O,장면에 넣을 수 있음
drug,몸과 마음의 상태,레벨1,A2,7,몸과 감정,ch7,O,장면에 넣을 수 있음
emotion,몸과 마음의 상태,레벨2,B1,7,몸과 감정,ch7,O,장면에 넣을 수 있음
exhaust,몸과 마음의 상태,레벨2,B2,7,몸과 감정,ch7,O,장면에 넣을 수 있음
exist,몸과 마음의 상태,레벨1,A2,7,몸과 감정,ch7,O,장면에 넣을 수 있음
faint,몸과 마음의 상태,레벨2,B1,7,몸과 감정,ch7,O,장면에 넣을 수 있음
hurt,몸과 마음의 상태,레벨1,A1,7,몸과 감정,ch7,O,장면에 넣을 수 있음
injure,몸과 마음의 상태,레벨1,A2,7,몸과 감정,ch7,O,장면에 넣을 수 있음
mental,몸과 마음의 상태,레벨2,B1,7,몸과 감정,ch7,O,장면에 넣을 수 있음
mood,몸과 마음의 상태,레벨1,A2,7,몸과 감정,ch7,O,장면에 넣을 수 있음
self,몸과 마음의 상태,레벨1,A1,7,몸과 감정,ch7,O,장면에 넣을 수 있음
suffer,몸과 마음의 상태,레벨2,B1,7,몸과 감정,ch7,O,장면에 넣을 수 있음
wound,몸과 마음의 상태,레벨2,B1,7,몸과 감정,ch7,O,장면에 넣을 수 있음
blame,부끄러움과 미움,레벨1,A2,7,몸과 감정,ch7,O,장면에 넣을 수 있음
embarrass,부끄러움과 미움,레벨2,B1,7,몸과 감정,ch7,O,장면에 넣을 수 있음
ignore,부끄러움과 미움,레벨2,B1,7,몸과 감정,ch7,O,장면에 넣을 수 있음
shame,부끄러움과 미움,레벨2,B1,7,몸과 감정,ch7,O,장면에 넣을 수 있음
silly,부끄러움과 미움,레벨1,A2,7,몸과 감정,ch7,O,장면에 넣을 수 있음
character,사람 성격,레벨1,A1,7,몸과 감정,ch10,X,장면에 넣을 수 있음
cute,사람 성격,레벨1,A1,7,몸과 감정,ch10,X,장면에 넣을 수 있음
handsome,사람 성격,레벨1,A1,7,몸과 감정,ch10,X,장면에 넣을 수 있음
sex,사람 성격,레벨2,B1,7,몸과 감정,ch10,X,장면에 넣을 수 있음
smart,사람 성격,레벨1,A1,7,몸과 감정,ch10,X,장면에 넣을 수 있음
teenage,사람 성격,레벨1,A2,7,몸과 감정,ch10,X,장면에 넣을 수 있음
wise,사람 성격,레벨1,A2,7,몸과 감정,ch10,X,장면에 넣을 수 있음
contact,사람과 관계,레벨1,A2,7,몸과 감정,ch7,O,장면에 넣을 수 있음
council,사람과 관계,레벨2,B1,7,몸과 감정,ch7,O,장면에 넣을 수 있음
darling,사람과 관계,레벨2,B2,7,몸과 감정,ch7,O,장면에 넣을 수 있음
depend,사람과 관계,레벨1,A2,7,몸과 감정,ch7,O,장면에 넣을 수 있음
divorce,사람과 관계,레벨2,B2,7,몸과 감정,ch7,O,장면에 넣을 수 있음
engage,사람과 관계,레벨2,B1,7,몸과 감정,ch7,O,장면에 넣을 수 있음
fellow,사람과 관계,레벨2,B1,7,몸과 감정,ch7,O,장면에 넣을 수 있음
folk,사람과 관계,레벨2,B1,7,몸과 감정,ch7,O,장면에 넣을 수 있음
individual,사람과 관계,레벨2,B1,7,몸과 감정,ch7,O,장면에 넣을 수 있음
male,사람과 관계,레벨1,A2,7,몸과 감정,ch7,O,장면에 넣을 수 있음
mate,사람과 관계,레벨2,B2,7,몸과 감정,ch7,O,장면에 넣을 수 있음
relate,사람과 관계,레벨2,B1,7,몸과 감정,ch7,O,장면에 넣을 수 있음
respect,사람과 관계,레벨2,B1,7,몸과 감정,ch7,O,장면에 넣을 수 있음
senior,사람과 관계,레벨1,A2,7,몸과 감정,ch7,O,장면에 넣을 수 있음
bother,화와 두려움,레벨1,A2,7,몸과 감정,ch7,O,장면에 넣을 수 있음
cruel,화와 두려움,레벨2,B1,7,몸과 감정,ch7,O,장면에 넣을 수 있음
disturb,화와 두려움,레벨1,A2,7,몸과 감정,ch7,O,장면에 넣을 수 있음
fright,화와 두려움,레벨2,B1,7,몸과 감정,ch7,O,장면에 넣을 수 있음
scare,화와 두려움,레벨2,B1,7,몸과 감정,ch7,O,장면에 넣을 수 있음
stress,화와 두려움,레벨2,B1,7,몸과 감정,ch7,O,장면에 넣을 수 있음
tense,화와 두려움,레벨2,B1,7,몸과 감정,ch7,O,장면에 넣을 수 있음
motion,몸 전체로 하는 것,레벨2,B2,8,운동과 도전,ch2,X,장면에 넣을 수 있음
raise,몸 전체로 하는 것,레벨1,A2,8,운동과 도전,ch2,X,장면에 넣을 수 있음
shoot,몸 전체로 하는 것,레벨1,A2,8,운동과 도전,ch2,X,장면에 넣을 수 있음
beg,묻고 부탁하기,레벨1,A2,8,운동과 도전,ch8,O,장면에 넣을 수 있음
excuse,묻고 부탁하기,레벨1,A1,8,운동과 도전,ch8,O,장면에 넣을 수 있음
greet,묻고 부탁하기,레벨1,A1,8,운동과 도전,ch8,O,장면에 넣을 수 있음
hint,묻고 부탁하기,레벨2,B2,8,운동과 도전,ch8,O,장면에 넣을 수 있음
promise,묻고 부탁하기,레벨1,A2,8,운동과 도전,ch8,O,장면에 넣을 수 있음
request,묻고 부탁하기,레벨1,A2,8,운동과 도전,ch8,O,장면에 넣을 수 있음
require,묻고 부탁하기,레벨2,B1,8,운동과 도전,ch8,O,장면에 넣을 수 있음
capable,쉽고 어려움,레벨2,B1,8,운동과 도전,ch8,O,추상(스토리 몫)
complex,쉽고 어려움,레벨2,B1,8,운동과 도전,ch8,O,추상(스토리 몫)
ease,쉽고 어려움,레벨2,B2,8,운동과 도전,ch8,O,추상(스토리 몫)
practical,쉽고 어려움,레벨2,B1,8,운동과 도전,ch8,O,추상(스토리 몫)
tough,쉽고 어려움,레벨2,B2,8,운동과 도전,ch8,O,추상(스토리 몫)
bomb,싸움과 지킴,레벨2,B1,8,운동과 도전,ch8,O,장면에 넣을 수 있음
enemy,싸움과 지킴,레벨2,B1,8,운동과 도전,ch8,O,장면에 넣을 수 있음
evil,싸움과 지킴,레벨2,B2,8,운동과 도전,ch8,O,장면에 넣을 수 있음
force,싸움과 지킴,레벨1,A2,8,운동과 도전,ch8,O,장면에 넣을 수 있음
gun,싸움과 지킴,레벨1,A2,8,운동과 도전,ch8,O,장면에 넣을 수 있음
harm,싸움과 지킴,레벨1,A2,8,운동과 도전,ch8,O,장면에 넣을 수 있음
oppose,싸움과 지킴,레벨1,A2,8,운동과 도전,ch8,O,장면에 넣을 수 있음
protest,싸움과 지킴,레벨2,B1,8,운동과 도전,ch8,O,장면에 넣을 수 있음
punish,싸움과 지킴,레벨2,B1,8,운동과 도전,ch8,O,장면에 넣을 수 있음
resist,싸움과 지킴,레벨2,B1,8,운동과 도전,ch8,O,장면에 넣을 수 있음
rob,싸움과 지킴,레벨1,A2,8,운동과 도전,ch8,O,장면에 넣을 수 있음
spy,싸움과 지킴,레벨1,A1,8,운동과 도전,ch8,O,장면에 넣을 수 있음
struggle,싸움과 지킴,레벨2,B1,8,운동과 도전,ch8,O,장면에 넣을 수 있음
survive,싸움과 지킴,레벨1,A2,8,운동과 도전,ch8,O,장면에 넣을 수 있음
suspect,싸움과 지킴,레벨2,B1,8,운동과 도전,ch8,O,장면에 넣을 수 있음
thief,싸움과 지킴,레벨1,A2,8,운동과 도전,ch8,O,장면에 넣을 수 있음
threat,싸움과 지킴,레벨2,B1,8,운동과 도전,ch8,O,장면에 넣을 수 있음
victim,싸움과 지킴,레벨2,B1,8,운동과 도전,ch8,O,장면에 넣을 수 있음
violent,싸움과 지킴,레벨1,A2,8,운동과 도전,ch8,O,장면에 넣을 수 있음
contest,운동과 겨루기,레벨1,A1,8,운동과 도전,ch8,O,장면에 넣을 수 있음
cause,일의 결과,레벨1,A2,8,운동과 도전,ch8,O,추상(스토리 몫)
effect,일의 결과,레벨1,A2,8,운동과 도전,ch8,O,추상(스토리 몫)
expect,일의 결과,레벨1,A2,8,운동과 도전,ch8,O,추상(스토리 몫)
factor,일의 결과,레벨2,B2,8,운동과 도전,ch8,O,추상(스토리 몫)
function,일의 결과,레벨1,A2,8,운동과 도전,ch8,O,추상(스토리 몫)
happen,일의 결과,레벨1,A1,8,운동과 도전,ch8,O,추상(스토리 몫)
influence,일의 결과,레벨1,A2,8,운동과 도전,ch8,O,추상(스토리 몫)
intend,일의 결과,레벨2,B1,8,운동과 도전,ch8,O,추상(스토리 몫)
intent,일의 결과,레벨2,B2,8,운동과 도전,ch8,O,추상(스토리 몫)
mission,일의 결과,레벨2,B1,8,운동과 도전,ch8,O,추상(스토리 몫)
obvious,일의 결과,레벨2,B1,8,운동과 도전,ch8,O,추상(스토리 몫)
occur,일의 결과,레벨2,B1,8,운동과 도전,ch8,O,추상(스토리 몫)
purpose,일의 결과,레벨1,A2,8,운동과 도전,ch8,O,추상(스토리 몫)
result,일의 결과,레벨1,A1,8,운동과 도전,ch8,O,추상(스토리 몫)
role,일의 결과,레벨1,A1,8,운동과 도전,ch8,O,추상(스토리 몫)
succeed,일의 결과,레벨1,A2,8,운동과 도전,ch8,O,추상(스토리 몫)
success,일의 결과,레벨1,A2,8,운동과 도전,ch8,O,추상(스토리 몫)
identity,찾고 얻기,레벨2,B1,8,운동과 도전,ch2,X,장면에 넣을 수 있음
locate,찾고 얻기,레벨2,B1,8,운동과 도전,ch2,X,장면에 넣을 수 있음
resource,찾고 얻기,레벨2,B1,8,운동과 도전,ch2,X,장면에 넣을 수 있음
cast,성과 왕궁,레벨2,B2,9,여행과 세계,ch9,O,장면에 넣을 수 있음
crown,성과 왕궁,레벨1,A2,9,여행과 세계,ch9,O,장면에 넣을 수 있음
circumstance,세상 물정,레벨2,B2,9,여행과 세계,ch1,X,추상(스토리 몫)
domestic,세상 물정,레벨2,B2,9,여행과 세계,ch1,X,추상(스토리 몫)
fashion,세상 물정,레벨1,A2,9,여행과 세계,ch1,X,추상(스토리 몫)
foreign,세상 물정,레벨1,A1,9,여행과 세계,ch1,X,추상(스토리 몫)
ordinary,세상 물정,레벨2,B1,9,여행과 세계,ch1,X,추상(스토리 몫)
popular,세상 물정,레벨1,A2,9,여행과 세계,ch1,X,추상(스토리 몫)
situate,세상 물정,레벨2,미수록|로부장수기,9,여행과 세계,ch1,X,추상(스토리 몫)
social,세상 물정,레벨1,A1,9,여행과 세계,ch1,X,추상(스토리 몫)
state,세상 물정,레벨1,A2,9,여행과 세계,ch1,X,추상(스토리 몫)
system,세상 물정,레벨1,A2,9,여행과 세계,ch1,X,추상(스토리 몫)
version,세상 물정,레벨2,B2,9,여행과 세계,ch1,X,추상(스토리 몫)
vision,세상 물정,레벨2,B1,9,여행과 세계,ch1,X,추상(스토리 몫)
beyond,자리와 방향,레벨1,A2,9,여행과 세계,ch1,X,장면에 넣을 수 있음
forward,자리와 방향,레벨1,A2,9,여행과 세계,ch1,X,장면에 넣을 수 있음
local,자리와 방향,레벨1,A2,9,여행과 세계,ch1,X,장면에 넣을 수 있음
since,자리와 방향,레벨1,A2,9,여행과 세계,ch1,X,장면에 넣을 수 있음
through,자리와 방향,레벨1,A1,9,여행과 세계,ch1,X,장면에 넣을 수 있음
until,자리와 방향,레벨1,A1,9,여행과 세계,ch1,X,장면에 넣을 수 있음
whether,자리와 방향,레벨2,B1,9,여행과 세계,ch1,X,장면에 넣을 수 있음
while,자리와 방향,레벨1,A2,9,여행과 세계,ch1,X,장면에 넣을 수 있음
without,자리와 방향,레벨1,A2,9,여행과 세계,ch1,X,장면에 넣을 수 있음
