단어,뜻,갈래,레벨,CEFR,내린날짜,내려온곳,내린사유,올릴조건(이런 그림이 나오면),상태
villa,별장,집의 구조,레벨2,B2,2026-08-28,3-02 벽돌집과 지붕,그림은 시골집(cottage)이라 별장이 아님,언덕 위 큰 저택·정원 딸린 별장,보관
sheet,시트,살림 도구,레벨2,B1,2026-08-28,3-19 계단 옆 거실 / 4-10 클립과 압정,두 그림 모두 종이·침구가 없음,침대와 침구·빨래 널린 홑이불,보관
breathe,숨 쉬다,몸과 감각,레벨1,A1,2026-08-28,3-07 화분 속 새싹,화분 그림에 짚을 데 없음,찬 공기에 서린 입김·부풀었다 꺼지는 가슴,보관
operate,다루다,하고 다루기,레벨1,A2,2026-08-28,3-08 물뿌리개와 모종삽,도구가 놓여만 있고 다루는 장면이 아님,손이 기계 손잡이·레버를 잡고 돌리는 장면,보관
survive,살아남다,싸움과 지킴,레벨1,A2,2026-08-28,3-11 그루터기 위 새집,새집 그림에 짚을 데 없음,눈 속에 남은 푸른 잎·마른 땅에 돋은 풀,보관
mass,덩어리,많고 적음,레벨2,B1,2026-08-28,3-12 바구니에 담은 가을,호박 두 개는 덩어리가 아님,반죽 덩이·쌓인 흙더미·뭉친 구름,보관
gain,거두다,갖고 지니기,레벨2,B1,2026-08-28,3-12 바구니에 담은 가을,거두는 동작이 그림에 없음,저울 눈금이 올라가는 장면·자루에 곡식이 차는 장면,보관
constant,변함없는,시간과 때,레벨2,B2,2026-08-28,3-13 꽃을 누르는 나무틀,짚을 데 없음,멈추지 않는 시계추·일정한 간격의 등대 불빛,보관
maintain,그대로 지키다,갖고 지니기,레벨2,B1,2026-08-28,3-13 꽃을 누르는 나무틀,짚을 데 없음,기름칠·손질 중인 도구·닦는 손,보관
force,밀어붙이는 힘,싸움과 지킴,레벨1,A2,2026-08-28,3-14 외발 손수레,미는 사람이 그림에 없음,도르래로 끌어올리는 줄·문을 미는 어깨,보관
shift,옮기다,같고 다름,레벨2,B1,2026-08-28,3-14 외발 손수레,옮기는 동작이 그림에 없음,짐을 한쪽에서 다른 쪽으로 옮기는 장면,보관
raise,높이다,몸 전체로 하는 것,레벨1,A2,2026-08-28,3-15 유리로 지은 온실,짚을 데 없음,깃발을 올리는 줄·크레인·번쩍 든 팔,보관
super,아주 큰,크기와 모양,레벨1,A1,2026-08-28,3-16 울타리 앞 해바라기,해바라기 한 송이로는 '아주 큼'이 안 보임,아주 큰 것과 아주 작은 것이 나란히 놓인 장면,보관
continue,계속되다,시간과 때,레벨1,A2,2026-08-28,3-16 울타리 앞 해바라기,짚을 데 없음,끝없이 이어지는 기찻길·담장·발자국 줄,보관
wound,상처,몸과 마음의 상태,레벨2,B1,2026-08-28,2-23 나선형 껍질의 달팽이,달팽이 그림에 상처가 없음,붕대·반창고·금 간 껍질,보관
secret,비밀,글과 기록,레벨2,B1,2026-08-28,4-03 여행기록 보존대,비밀스러운 것이 그림에 없음,봉한 편지·자물쇠 달린 일기장,보관
shape,형태,크기와 모양,레벨1,A2,2026-08-28,4-04 이젤과 화판,화판이 비어 있어 형태가 없음,(이미 4-04 외 3곳에 있음 — 중복 해소),중복
skill,솜씨,일과 직업,레벨2,B1,2026-08-28,4-04 이젤과 화판,빈 화판에 솜씨가 안 보임,완성된 그림·정교한 세공품,보관
pattern,무늬,크기와 모양,레벨2,B1,2026-08-28,4-04 이젤과 화판,화판이 비어 있어 무늬가 없음,반복 무늬 벽지·타일·직물,보관
technique,기법,일과 직업,레벨2,B2,2026-08-28,4-04 이젤과 화판,빈 화판에 기법이 안 보임,붓질 결이 보이는 그림·판화 공정,보관
clue,단서,생각하기,레벨2,B1,2026-08-28,4-06 돋보기와 렌즈,돋보기만 있고 볼 대상이 없음,돋보기 아래 지문·발자국·글자,보관
detect,발견하다,생각하기,레벨2,B1,2026-08-28,4-06 돋보기와 렌즈,찾아낸 것이 그림에 없음,확대된 무언가가 렌즈 안에 보이는 장면,보관
tiny,아주 작은,크기와 모양,레벨1,A2,2026-08-28,4-06 돋보기와 렌즈,작은 것이 그림에 없음,아주 작은 것과 큰 것이 나란히,보관
order,정돈,규칙과 사회,레벨1,A2,2026-08-28,4-09 나무 독서대,정돈된 상태가 안 보임,줄 맞춰 꽂힌 책·정렬된 도구,보관
calm,차분한,몸과 마음의 상태,레벨1,A2,2026-08-28,4-09 나무 독서대,짚을 데 없음,(이미 다른 곳 4회 중복 — 중복 해소),중복
mark,인장 자국,글과 기록,레벨1,A2,2026-08-28,4-11 황동 인장 스탬프,찍힌 자국이 없고 얼룩뿐,종이에 또렷이 찍힌 도장 자국,보관
impress,도장 각인,글과 기록,레벨2,B2,2026-08-28,4-11 황동 인장 스탬프,각인이 안 보임,밀랍에 눌린 문양,보관
seal,봉인하다,글과 기록,레벨2,B1,2026-08-28,4-11 황동 인장 스탬프,봉인한 것이 없음,밀랍으로 봉한 편지,보관
entertain,즐겁게 하다,기쁨과 슬픔,레벨2,B1,2026-08-28,9-02 그랜드 피아노와 건반,좌표가 없어 화면이 깨짐 · 악기 그림이 제목과 불일치,해당 악기 그림을 새로 뽑은 뒤,보관
satisfy,만족시키다,기쁨과 슬픔,레벨1,A2,2026-08-28,9-02 그랜드 피아노와 건반,좌표가 없어 화면이 깨짐 · 악기 그림이 제목과 불일치,해당 악기 그림을 새로 뽑은 뒤,보관
gentle,부드러운,사람 성격,레벨1,A2,2026-08-28,9-03 어쿠스틱 기타와 울림통,좌표가 없어 화면이 깨짐 · 악기 그림이 제목과 불일치,해당 악기 그림을 새로 뽑은 뒤,보관
calm,차분한,기쁨과 슬픔,레벨2,B1,2026-08-28,9-03 어쿠스틱 기타와 울림통,좌표가 없어 화면이 깨짐 · 악기 그림이 제목과 불일치,해당 악기 그림을 새로 뽑은 뒤,보관
master,거장,일과 직업,레벨2,B2,2026-08-28,9-04 클래식 바이올린과 활,좌표가 없어 화면이 깨짐 · 악기 그림이 제목과 불일치,해당 악기 그림을 새로 뽑은 뒤,보관
smooth,매끄러운,크기와 모양,레벨1,A2,2026-08-28,9-04 클래식 바이올린과 활,좌표가 없어 화면이 깨짐 · 악기 그림이 제목과 불일치,해당 악기 그림을 새로 뽑은 뒤,보관
boom,웅장하게 울리다,소리와 음악,레벨2,B1,2026-08-28,9-05 황동 트럼펫과 피스톤,좌표가 없어 화면이 깨짐 · 악기 그림이 제목과 불일치,해당 악기 그림을 새로 뽑은 뒤,보관
pride,당당한 울림,기쁨과 슬픔,레벨1,A2,2026-08-28,9-05 황동 트럼펫과 피스톤,좌표가 없어 화면이 깨짐 · 악기 그림이 제목과 불일치,해당 악기 그림을 새로 뽑은 뒤,보관
steady,안정된 박자,같고 다름,레벨2,B1,2026-08-28,9-06 피라미드 메트로놈,좌표가 없어 화면이 깨짐 · 악기 그림이 제목과 불일치,해당 악기 그림을 새로 뽑은 뒤,보관
strict,정확한 템포,,,,2026-08-28,9-06 피라미드 메트로놈,좌표가 없어 화면이 깨짐 · 악기 그림이 제목과 불일치,해당 악기 그림을 새로 뽑은 뒤,보관
honor,고귀한 울림,기쁨과 슬픔,레벨2,미수록|로부장수기,2026-08-28,9-07 중후한 첼로와 엔드핀,좌표가 없어 화면이 깨짐 · 악기 그림이 제목과 불일치,해당 악기 그림을 새로 뽑은 뒤,보관
major,웅장한 선율,많고 적음,레벨1,A2,2026-08-28,9-07 중후한 첼로와 엔드핀,좌표가 없어 화면이 깨짐 · 악기 그림이 제목과 불일치,해당 악기 그림을 새로 뽑은 뒤,보관
smooth,유려한 선율,크기와 모양,레벨1,A2,2026-08-28,9-08 황동 색소폰과 키,좌표가 없어 화면이 깨짐 · 악기 그림이 제목과 불일치,해당 악기 그림을 새로 뽑은 뒤,보관
charm,매력,사람 성격,레벨2,B1,2026-08-28,9-08 황동 색소폰과 키,좌표가 없어 화면이 깨짐 · 악기 그림이 제목과 불일치,해당 악기 그림을 새로 뽑은 뒤,보관
intense,강렬한 울림,많고 적음,레벨2,B1,2026-08-28,9-09 프렌치 호른과 원형 관,좌표가 없어 화면이 깨짐 · 악기 그림이 제목과 불일치,해당 악기 그림을 새로 뽑은 뒤,보관
major,장조의 선율,많고 적음,레벨1,A2,2026-08-28,9-09 프렌치 호른과 원형 관,좌표가 없어 화면이 깨짐 · 악기 그림이 제목과 불일치,해당 악기 그림을 새로 뽑은 뒤,보관
gentle,부드러운,사람 성격,레벨1,A2,2026-08-28,9-10 은빛 플루트와 키,좌표가 없어 화면이 깨짐 · 악기 그림이 제목과 불일치,해당 악기 그림을 새로 뽑은 뒤,보관
smooth,매끄러운,크기와 모양,레벨1,A2,2026-08-28,9-10 은빛 플루트와 키,좌표가 없어 화면이 깨짐 · 악기 그림이 제목과 불일치,해당 악기 그림을 새로 뽑은 뒤,보관
satisfy,만족시키다,기쁨과 슬픔,레벨1,A2,2026-08-28,9-11 흑단 클라리넷과 벨,좌표가 없어 화면이 깨짐 · 악기 그림이 제목과 불일치,해당 악기 그림을 새로 뽑은 뒤,보관
express,표현하다,알리고 밝히기,레벨1,A2,2026-08-28,9-11 흑단 클라리넷과 벨,좌표가 없어 화면이 깨짐 · 악기 그림이 제목과 불일치,해당 악기 그림을 새로 뽑은 뒤,보관
