no,en,pos,CEFR,NGSL순위,분류,출처태그,kr,수능태그,중국어,일본어
1,even,adverb,A2,96,기능어,[CEFR-J A2][NGSL 96],,,,
2,such,determiner,A2,100,기능어,[CEFR-J A2][NGSL 100],,,,
3,last,determiner,A2,101,기능어,[CEFR-J A2][NGSL 101],,,,
4,company,noun,A2,107,내용어,[CEFR-J A2][NGSL 107],,,,
5,part,noun,A2,130,내용어,[CEFR-J A2][NGSL 130],,,,
6,interest,noun,A2,142,내용어,[CEFR-J A2][NGSL 142],,,,
7,country,noun,A2,143,내용어,[CEFR-J A2][NGSL 143],,,,
8,next,adverb,A2,151,기능어,[CEFR-J A2][NGSL 151],,,,
9,while,conjunction,A2,155,기능어,[CEFR-J A2][NGSL 155],,,,
10,might,modal auxiliary,A2,159,기능어,[CEFR-J A2][NGSL 159],,,,
11,include,verb,A2,163,내용어,[CEFR-J A2][NGSL 163],,,,
12,report,noun,A2,166,내용어,[CEFR-J A2][NGSL 166],,,,
13,seem,verb,A2,173,내용어,[CEFR-J A2][NGSL 173],,,,
14,system,noun,A2,179,내용어,[CEFR-J A2][NGSL 179],,,,
15,during,preposition,A2,182,기능어,[CEFR-J A2][NGSL 182],,,,
16,follow,verb,A2,188,내용어,[CEFR-J A2][NGSL 188],,,,
17,since,preposition,A2,191,기능어,[CEFR-J A2][NGSL 191],,,,
18,few,determiner,A2,195,기능어,[CEFR-J A2][NGSL 195],,,,
19,state,noun,A2,199,내용어,[CEFR-J A2][NGSL 199],,,,
20,fact,noun,A2,202,내용어,[CEFR-J A2][NGSL 202],,,,
21,however,adverb,A2,203,기능어,[CEFR-J A2][NGSL 203],,,,
22,area,noun,A2,204,내용어,[CEFR-J A2][NGSL 204],,,,
23,provide,verb,A2,205,내용어,[CEFR-J A2][NGSL 205],,,,
24,without,preposition,A2,212,기능어,[CEFR-J A2][NGSL 212],,,,
25,government,noun,A2,216,내용어,[CEFR-J A2][NGSL 216],,,,
26,issue,noun,A2,218,내용어,[CEFR-J A2][NGSL 218],,,,
27,market,noun,A2,219,내용어,[CEFR-J A2][NGSL 219],,,,
28,service,noun,B1,223,내용어,[CEFR-J B1][NGSL 223],,,,
29,against,preposition,A2,224,기능어,[CEFR-J A2][NGSL 224],,,,
30,though,conjunction,A2,227,기능어,[CEFR-J A2][NGSL 227],,,,
31,increase,verb,A2,230,내용어,[CEFR-J A2][NGSL 230],,,,
32,offer,noun,A2,237,내용어,[CEFR-J A2][NGSL 237],,,,
33,lead,noun,A2,241,내용어,[CEFR-J A2][NGSL 241],,,,
34,understand,verb,A2,243,내용어,[CEFR-J A2][NGSL 243],,,,
35,far,adverb,A2,245,기능어,[CEFR-J A2][NGSL 245],,,,
36,cost,noun,A2,252,내용어,[CEFR-J A2][NGSL 252],,,,
37,less,adverb,A2,253,기능어,[CEFR-J A2][NGSL 253],,,,
38,level,noun,A2,262,내용어,[CEFR-J A2][NGSL 262],,,,
39,experience,noun,A2,264,내용어,[CEFR-J A2][NGSL 264],,,,
40,member,noun,A2,266,내용어,[CEFR-J A2][NGSL 266],,,,
41,enough,adverb,A2,267,기능어,[CEFR-J A2][NGSL 267],,,,
42,able,adjective,B1,271,내용어,[CEFR-J B1][NGSL 271],,,,
43,support,noun,A2,272,내용어,[CEFR-J A2][NGSL 272],,,,
44,whether,conjunction,B1,273,기능어,[CEFR-J B1][NGSL 273],,,,
45,quite,adverb,A2,277,기능어,[CEFR-J A2][NGSL 277],,,,
46,although,conjunction,A2,278,기능어,[CEFR-J A2][NGSL 278],,,,
47,term,noun,B1,280,내용어,[CEFR-J B1][NGSL 280],,,,
48,least,determiner,A2,281,기능어,[CEFR-J A2][NGSL 281],,,,
49,low,adjective,A2,283,내용어,[CEFR-J A2][NGSL 283],,,,
50,within,preposition,A2,285,기능어,[CEFR-J A2][NGSL 285],,,,
51,process,noun,B1,286,내용어,[CEFR-J B1][NGSL 286],,,,
52,public,noun,A2,287,내용어,[CEFR-J A2][NGSL 287],,,,
53,possible,adjective,A2,290,내용어,[CEFR-J A2][NGSL 290],,,,
54,actually,adverb,A2,291,기능어,[CEFR-J A2][NGSL 291],,,,
55,rather,adverb,A2,292,기능어,[CEFR-J A2][NGSL 292],,,,
56,view,noun,A2,293,내용어,[CEFR-J A2][NGSL 293],,,,
57,consider,verb,A2,295,내용어,[CEFR-J A2][NGSL 295],,,,
58,local,adjective,A2,300,내용어,[CEFR-J A2][NGSL 300],,,,
59,control,noun,A2,301,내용어,[CEFR-J A2][NGSL 301],,,,
60,concern,noun,A2,303,내용어,[CEFR-J A2][NGSL 303],,,,
61,product,noun,A2,304,내용어,[CEFR-J A2][NGSL 304],,,,
62,lose,verb,A2,305,내용어,[CEFR-J A2][NGSL 305],,,,
63,continue,verb,A2,308,내용어,[CEFR-J A2][NGSL 308],,,,
64,whole,adjective,A2,310,내용어,[CEFR-J A2][NGSL 310],,,,
65,rate,noun,A2,312,내용어,[CEFR-J A2][NGSL 312],,,,
66,expect,verb,A2,314,내용어,[CEFR-J A2][NGSL 314],,,,
67,effect,noun,A2,315,내용어,[CEFR-J A2][NGSL 315],,,,
68,sort,noun,B1,316,내용어,[CEFR-J B1][NGSL 316],,,,
69,ever,adverb,A2,317,기능어,[CEFR-J A2][NGSL 317],,,,
70,cause,verb,A2,319,내용어,[CEFR-J A2][NGSL 319],,,,
71,fall,verb,A2,320,내용어,[CEFR-J A2][NGSL 320],,,,
72,deal,noun,A2,321,내용어,[CEFR-J A2][NGSL 321],,,,
73,send,verb,A2,323,내용어,[CEFR-J A2][NGSL 323],,,,
74,allow,verb,A2,324,내용어,[CEFR-J A2][NGSL 324],,,,
75,base,noun,A2,327,내용어,[CEFR-J A2][NGSL 327],,,,
76,probably,adverb,A2,328,기능어,[CEFR-J A2][NGSL 328],,,,
77,suggest,verb,A2,329,내용어,[CEFR-J A2][NGSL 329],,,,
78,power,noun,A2,331,내용어,[CEFR-J A2][NGSL 331],,,,
79,return,noun,A2,337,내용어,[CEFR-J A2][NGSL 337],,,,
80,value,noun,A2,342,내용어,[CEFR-J A2][NGSL 342],,,,
81,record,verb,A2,344,내용어,[CEFR-J A2][NGSL 344],,,,
82,force,noun,A2,346,내용어,[CEFR-J A2][NGSL 346],,,,
83,several,determiner,A2,348,기능어,[CEFR-J A2][NGSL 348],,,,
84,develop,verb,A2,350,내용어,[CEFR-J A2][NGSL 350],,,,
85,bit,noun,A2,352,내용어,[CEFR-J A2][NGSL 352],,,,
86,figure,noun,A2,357,내용어,[CEFR-J A2][NGSL 357],,,,
87,decide,verb,A2,359,내용어,[CEFR-J A2][NGSL 359],,,,
88,development,noun,B1,363,내용어,[CEFR-J B1][NGSL 363],,,,
89,clear,adjective,A2,369,내용어,[CEFR-J A2][NGSL 369],,,,
90,per,preposition,B1,373,기능어,[CEFR-J B1][NGSL 373],,,,
91,remain,verb,A2,374,내용어,[CEFR-J A2][NGSL 374],,,,
92,among,preposition,A2,376,기능어,[CEFR-J A2][NGSL 376],,,,
93,involve,verb,B1,379,내용어,[CEFR-J B1][NGSL 379],,,,
94,reach,verb,A2,380,내용어,[CEFR-J A2][NGSL 380],,,,
95,across,adverb,A2,383,기능어,[CEFR-J A2][NGSL 383],,,,
96,create,verb,A2,386,내용어,[CEFR-J A2][NGSL 386],,,,
97,sound,noun,A2,390,내용어,[CEFR-J A2][NGSL 390],,,,
98,political,adjective,A2,394,내용어,[CEFR-J A2][NGSL 394],,,,
99,receive,verb,A2,396,내용어,[CEFR-J A2][NGSL 396],,,,
100,policy,noun,B1,399,내용어,[CEFR-J B1][NGSL 399],,,,
101,further,adjective,A2,400,내용어,[CEFR-J A2][NGSL 400],,,,
102,require,verb,B1,402,내용어,[CEFR-J B1][NGSL 402],,,,
103,general,adjective,B1,404,내용어,[CEFR-J B1][NGSL 404],,,,
104,appear,verb,A2,405,내용어,[CEFR-J A2][NGSL 405],,,,
105,individual,adjective,B1,409,내용어,[CEFR-J B1][NGSL 409],,,,
106,sense,noun,A2,412,내용어,[CEFR-J A2][NGSL 412],,,,
107,perhaps,adverb,A2,413,기능어,[CEFR-J A2][NGSL 413],,,,
108,pass,noun,A2,416,내용어,[CEFR-J A2][NGSL 416],,,,
109,produce,verb,A2,417,내용어,[CEFR-J A2][NGSL 417],,,,
110,law,noun,A2,421,내용어,[CEFR-J A2][NGSL 421],,,,
111,research,noun,A2,423,내용어,[CEFR-J A2][NGSL 423],,,,
112,position,noun,A2,426,내용어,[CEFR-J A2][NGSL 426],,,,
113,human,adjective,A2,428,내용어,[CEFR-J A2][NGSL 428],,,,
114,situation,noun,A2,430,내용어,[CEFR-J A2][NGSL 430],,,,
115,staff,noun,A2,431,내용어,[CEFR-J A2][NGSL 431],,,,
116,film,noun,A2,433,내용어,[CEFR-J A2][NGSL 433],,,,
117,account,noun,A2,436,내용어,[CEFR-J A2][NGSL 436],,,,
118,major,adjective,A2,438,내용어,[CEFR-J A2][NGSL 438],,,,
119,sometimes,adverb,B1,444,기능어,[CEFR-J B1][NGSL 444],,,,
120,condition,noun,A2,445,내용어,[CEFR-J A2][NGSL 445],,,,
121,decision,noun,B1,449,내용어,[CEFR-J B1][NGSL 449],,,,
122,certain,adjective,A2,451,내용어,[CEFR-J A2][NGSL 451],,,,
123,forward,adverb,A2,452,기능어,[CEFR-J A2][NGSL 452],,,,
124,main,adjective,B1,453,내용어,[CEFR-J B1][NGSL 453],,,,
125,die,verb,A2,454,내용어,[CEFR-J A2][NGSL 454],,,,
126,himself,pronoun,A2,458,기능어,[CEFR-J A2][NGSL 458],,,,
127,available,adjective,B1,459,내용어,[CEFR-J B1][NGSL 459],,,,
128,especially,adverb,A2,460,기능어,[CEFR-J A2][NGSL 460],,,,
129,rise,noun,B1,462,내용어,[CEFR-J B1][NGSL 462],,,,
130,detail,noun,A2,472,내용어,[CEFR-J A2][NGSL 472],,,,
131,themselves,pronoun,A2,480,기능어,[CEFR-J A2][NGSL 480],,,,
132,model,noun,A2,485,내용어,[CEFR-J A2][NGSL 485],,,,
133,raise,verb,A2,486,내용어,[CEFR-J A2][NGSL 486],,,,
134,customer,noun,A2,487,내용어,[CEFR-J A2][NGSL 487],,,,
135,explain,verb,A2,489,내용어,[CEFR-J A2][NGSL 489],,,,
136,economic,adjective,B1,493,내용어,[CEFR-J B1][NGSL 493],,,,
137,approach,noun,B1,495,내용어,[CEFR-J B1][NGSL 495],,,,
138,land,verb,A2,497,내용어,[CEFR-J A2][NGSL 497],,,,
139,charge,noun,B1,498,내용어,[CEFR-J B1][NGSL 498],,,,
140,finally,adverb,A2,499,기능어,[CEFR-J A2][NGSL 499],,,,
141,claim,verb,A2,501,내용어,[CEFR-J A2][NGSL 501],,,,
142,relationship,noun,B1,502,내용어,[CEFR-J B1][NGSL 502],,,,
143,death,noun,A2,505,내용어,[CEFR-J A2][NGSL 505],,,,
144,amount,noun,B1,507,내용어,[CEFR-J B1][NGSL 507],,,,
145,improve,verb,A2,508,내용어,[CEFR-J A2][NGSL 508],,,,
146,regard,verb,B1,511,내용어,[CEFR-J B1][NGSL 511],,,,
147,couple,noun,A2,514,내용어,[CEFR-J A2][NGSL 514],,,,
148,act,noun,A2,515,내용어,[CEFR-J A2][NGSL 515],,,,
149,range,noun,A2,516,내용어,[CEFR-J A2][NGSL 516],,,,
150,quality,noun,A2,517,내용어,[CEFR-J A2][NGSL 517],,,,
151,round,adverb,A2,519,기능어,[CEFR-J A2][NGSL 519],,,,
152,opportunity,noun,A2,520,내용어,[CEFR-J A2][NGSL 520],,,,
153,road,noun,A2,521,내용어,[CEFR-J A2][NGSL 521],,,,
154,therefore,adverb,A2,525,기능어,[CEFR-J A2][NGSL 525],,,,
155,fund,noun,B1,527,내용어,[CEFR-J B1][NGSL 527],,,,
156,rest,noun,B1,528,내용어,[CEFR-J B1][NGSL 528],,,,
157,industry,noun,B1,530,내용어,[CEFR-J B1][NGSL 530],,,,
158,education,noun,A2,531,내용어,[CEFR-J A2][NGSL 531],,,,
159,measure,noun,B1,532,내용어,[CEFR-J B1][NGSL 532],,,,
160,serve,verb,A2,534,내용어,[CEFR-J A2][NGSL 534],,,,
161,likely,adjective,A2,535,내용어,[CEFR-J A2][NGSL 535],,,,
162,certainly,adverb,A2,536,기능어,[CEFR-J A2][NGSL 536],,,,
163,national,adjective,A2,537,내용어,[CEFR-J A2][NGSL 537],,,,
164,itself,pronoun,A2,538,기능어,[CEFR-J A2][NGSL 538],,,,
165,security,noun,B1,541,내용어,[CEFR-J B1][NGSL 541],,,,
166,air,noun,A2,542,내용어,[CEFR-J A2][NGSL 542],,,,
167,benefit,noun,B1,543,내용어,[CEFR-J B1][NGSL 543],,,,
168,trade,noun,A2,544,내용어,[CEFR-J A2][NGSL 544],,,,
169,risk,noun,B1,545,내용어,[CEFR-J B1][NGSL 545],,,,
170,standard,noun,B1,547,내용어,[CEFR-J B1][NGSL 547],,,,
171,space,noun,A2,552,내용어,[CEFR-J A2][NGSL 552],,,,
172,instead,adverb,A2,553,기능어,[CEFR-J A2][NGSL 553],,,,
173,single,adjective,A2,557,내용어,[CEFR-J A2][NGSL 557],,,,
174,performance,noun,A2,559,내용어,[CEFR-J A2][NGSL 559],,,,
175,chance,noun,A2,560,내용어,[CEFR-J A2][NGSL 560],,,,
176,accept,verb,A2,561,내용어,[CEFR-J A2][NGSL 561],,,,
177,society,noun,A2,562,내용어,[CEFR-J A2][NGSL 562],,,,
178,mention,noun,A2,564,내용어,[CEFR-J A2][NGSL 564],,,,
179,choice,noun,A2,565,내용어,[CEFR-J A2][NGSL 565],,,,
180,common,adjective,A2,567,내용어,[CEFR-J A2][NGSL 567],,,,
181,total,adjective,B1,569,내용어,[CEFR-J B1][NGSL 569],,,,
182,demand,noun,B1,570,내용어,[CEFR-J B1][NGSL 570],,,,
183,material,noun,A2,571,내용어,[CEFR-J A2][NGSL 571],,,,
184,limit,noun,B1,572,내용어,[CEFR-J B1][NGSL 572],,,,
185,foot,noun,B1,576,내용어,[CEFR-J B1][NGSL 576],,,,
186,effort,noun,A2,577,내용어,[CEFR-J A2][NGSL 577],,,,
187,attention,noun,A2,578,내용어,[CEFR-J A2][NGSL 578],,,,
188,upon,preposition,A2,579,기능어,[CEFR-J A2][NGSL 579],,,,
189,complete,adjective,A2,581,내용어,[CEFR-J A2][NGSL 581],,,,
190,lie,verb,A2,582,내용어,[CEFR-J A2][NGSL 582],,,,
191,reduce,verb,B1,584,내용어,[CEFR-J B1][NGSL 584],,,,
192,patient,noun,A2,589,내용어,[CEFR-J A2][NGSL 589],,,,
193,current,adjective,B1,590,내용어,[CEFR-J B1][NGSL 590],,,,
194,century,noun,A2,591,내용어,[CEFR-J A2][NGSL 591],,,,
195,evidence,noun,A2,592,내용어,[CEFR-J A2][NGSL 592],,,,
196,exist,verb,A2,593,내용어,[CEFR-J A2][NGSL 593],,,,
197,similar,adjective,A2,594,내용어,[CEFR-J A2][NGSL 594],,,,
198,former,adjective,B1,599,내용어,[CEFR-J B1][NGSL 599],,,,
199,contact,noun,A2,600,내용어,[CEFR-J A2][NGSL 600],,,,
200,particularly,adverb,B1,601,기능어,[CEFR-J B1][NGSL 601],,,,
201,prepare,verb,A2,604,내용어,[CEFR-J A2][NGSL 604],,,,
202,response,noun,A2,606,내용어,[CEFR-J A2][NGSL 606],,,,
203,voice,noun,A2,607,내용어,[CEFR-J A2][NGSL 607],,,,
204,suppose,verb,B1,610,내용어,[CEFR-J B1][NGSL 610],,,,
205,apply,verb,A2,611,내용어,[CEFR-J A2][NGSL 611],,,,
206,president,noun,B1,612,내용어,[CEFR-J B1][NGSL 612],,,,
207,compare,verb,A2,614,내용어,[CEFR-J A2][NGSL 614],,,,
208,court,noun,A2,615,내용어,[CEFR-J A2][NGSL 615],,,,
209,police,noun,A2,616,내용어,[CEFR-J A2][NGSL 616],,,,
210,knowledge,noun,A2,619,내용어,[CEFR-J A2][NGSL 619],,,,
211,source,noun,A2,623,내용어,[CEFR-J A2][NGSL 623],,,,
212,manage,verb,A2,625,내용어,[CEFR-J A2][NGSL 625],,,,
213,simply,adverb,A2,626,기능어,[CEFR-J A2][NGSL 626],,,,
214,firm,adjective,B1,628,내용어,[CEFR-J B1][NGSL 628],,,,
215,cell,noun,B1,629,내용어,[CEFR-J B1][NGSL 629],,,,
216,attack,noun,A2,632,내용어,[CEFR-J A2][NGSL 632],,,,
217,feature,noun,A2,635,내용어,[CEFR-J A2][NGSL 635],,,,
218,recently,adverb,A2,638,기능어,[CEFR-J A2][NGSL 638],,,,
219,affect,verb,B1,639,내용어,[CEFR-J B1][NGSL 639],,,,
220,recent,adjective,A2,641,내용어,[CEFR-J A2][NGSL 641],,,,
221,relate,verb,B1,642,내용어,[CEFR-J B1][NGSL 642],,,,
222,official,adjective,A2,643,내용어,[CEFR-J A2][NGSL 643],,,,
223,financial,adjective,B1,644,내용어,[CEFR-J B1][NGSL 644],,,,
224,private,adjective,A2,648,내용어,[CEFR-J A2][NGSL 648],,,,
225,pause,noun,B1,649,내용어,[CEFR-J B1][NGSL 649],,,,
226,opinion,noun,A2,656,내용어,[CEFR-J A2][NGSL 656],,,,
227,represent,verb,A2,658,내용어,[CEFR-J A2][NGSL 658],,,,
228,manager,noun,A2,661,내용어,[CEFR-J A2][NGSL 661],,,,
229,international,adjective,A2,662,내용어,[CEFR-J A2][NGSL 662],,,,
230,contain,verb,B1,663,내용어,[CEFR-J B1][NGSL 663],,,,
231,notice,noun,A2,664,내용어,[CEFR-J A2][NGSL 664],,,,
232,wonder,verb,A2,665,내용어,[CEFR-J A2][NGSL 665],,,,
233,nature,noun,A2,666,내용어,[CEFR-J A2][NGSL 666],,,,
234,structure,noun,A2,667,내용어,[CEFR-J A2][NGSL 667],,,,
235,myself,pronoun,A2,669,기능어,[CEFR-J A2][NGSL 669],,,,
236,exactly,adverb,A2,670,기능어,[CEFR-J A2][NGSL 670],,,,
237,plant,noun,A2,671,내용어,[CEFR-J A2][NGSL 671],,,,
238,press,noun,B1,674,내용어,[CEFR-J B1][NGSL 674],,,,
239,whatever,determiner,A2,675,기능어,[CEFR-J A2][NGSL 675],,,,
240,necessary,adjective,A2,676,내용어,[CEFR-J A2][NGSL 676],,,,
241,region,noun,B1,677,내용어,[CEFR-J B1][NGSL 677],,,,
242,growth,noun,B1,678,내용어,[CEFR-J B1][NGSL 678],,,,
243,influence,noun,A2,680,내용어,[CEFR-J A2][NGSL 680],,,,
244,respect,noun,B1,681,내용어,[CEFR-J B1][NGSL 681],,,,
245,various,adjective,B1,682,내용어,[CEFR-J B1][NGSL 682],,,,
246,thus,adverb,B1,684,기능어,[CEFR-J B1][NGSL 684],,,,
247,attempt,noun,A2,686,내용어,[CEFR-J A2][NGSL 686],,,,
248,simple,adjective,A2,688,내용어,[CEFR-J A2][NGSL 688],,,,
249,medium,adjective,B1,689,내용어,[CEFR-J B1][NGSL 689],,,,
250,average,adjective,A2,690,내용어,[CEFR-J A2][NGSL 690],,,,
251,management,noun,B1,692,내용어,[CEFR-J B1][NGSL 692],,,,
252,hit,verb,A2,695,내용어,[CEFR-J A2][NGSL 695],,,,
253,establish,verb,A2,696,내용어,[CEFR-J A2][NGSL 696],,,,
254,indeed,adverb,A2,697,기능어,[CEFR-J A2][NGSL 697],,,,
255,final,adjective,A2,698,내용어,[CEFR-J A2][NGSL 698],,,,
256,economy,noun,B1,699,내용어,[CEFR-J B1][NGSL 699],,,,
257,fit,adjective,A2,700,내용어,[CEFR-J A2][NGSL 700],,,,
258,function,verb,A2,702,내용어,[CEFR-J A2][NGSL 702],,,,
259,image,noun,A2,704,내용어,[CEFR-J A2][NGSL 704],,,,
260,addition,noun,A2,707,내용어,[CEFR-J A2][NGSL 707],,,,
261,determine,verb,B1,708,내용어,[CEFR-J B1][NGSL 708],,,,
262,population,noun,A2,710,내용어,[CEFR-J A2][NGSL 710],,,,
263,fail,verb,A2,711,내용어,[CEFR-J A2][NGSL 711],,,,
264,production,noun,A2,713,내용어,[CEFR-J A2][NGSL 713],,,,
265,comment,noun,B1,716,내용어,[CEFR-J B1][NGSL 716],,,,
266,enter,verb,A2,717,내용어,[CEFR-J A2][NGSL 717],,,,
267,occur,verb,B1,718,내용어,[CEFR-J B1][NGSL 718],,,,
268,significant,adjective,A2,720,내용어,[CEFR-J A2][NGSL 720],,,,
269,drug,noun,A2,721,내용어,[CEFR-J A2][NGSL 721],,,,
270,series,noun,B1,723,내용어,[CEFR-J B1][NGSL 723],,,,
271,direct,adjective,A2,724,내용어,[CEFR-J A2][NGSL 724],,,,
272,success,noun,A2,725,내용어,[CEFR-J A2][NGSL 725],,,,
273,director,noun,A2,727,내용어,[CEFR-J A2][NGSL 727],,,,
274,clearly,adverb,A2,728,기능어,[CEFR-J A2][NGSL 728],,,,
275,lack,noun,A2,729,내용어,[CEFR-J A2][NGSL 729],,,,
276,depend,verb,A2,731,내용어,[CEFR-J A2][NGSL 731],,,,
277,race,noun,B1,732,내용어,[CEFR-J B1][NGSL 732],,,,
278,purpose,noun,A2,735,내용어,[CEFR-J A2][NGSL 735],,,,
279,department,noun,B1,736,내용어,[CEFR-J B1][NGSL 736],,,,
280,gain,noun,B1,737,내용어,[CEFR-J B1][NGSL 737],,,,
281,argue,verb,A2,740,내용어,[CEFR-J A2][NGSL 740],,,,
282,mark,noun,A2,743,내용어,[CEFR-J A2][NGSL 743],,,,
283,achieve,verb,A2,746,내용어,[CEFR-J A2][NGSL 746],,,,
284,prove,verb,B1,748,내용어,[CEFR-J B1][NGSL 748],,,,
285,cent,noun,A2,749,내용어,[CEFR-J A2][NGSL 749],,,,
286,season,noun,B1,750,내용어,[CEFR-J B1][NGSL 750],,,,
287,stuff,noun,A2,752,내용어,[CEFR-J A2][NGSL 752],,,,
288,wide,adjective,A2,753,내용어,[CEFR-J A2][NGSL 753],,,,
289,method,noun,A2,755,내용어,[CEFR-J A2][NGSL 755],,,,
290,analysis,noun,B1,756,내용어,[CEFR-J B1][NGSL 756],,,,
291,election,noun,B1,757,내용어,[CEFR-J B1][NGSL 757],,,,
292,military,adjective,A2,758,내용어,[CEFR-J A2][NGSL 758],,,,
293,discussion,noun,A2,764,내용어,[CEFR-J A2][NGSL 764],,,,
294,challenge,noun,A2,766,내용어,[CEFR-J A2][NGSL 766],,,,
295,nation,noun,A2,767,내용어,[CEFR-J A2][NGSL 767],,,,
296,nearly,adverb,A2,768,기능어,[CEFR-J A2][NGSL 768],,,,
297,statement,noun,A2,769,내용어,[CEFR-J A2][NGSL 769],,,,
298,link,noun,B1,770,내용어,[CEFR-J B1][NGSL 770],,,,
299,despite,preposition,B1,771,기능어,[CEFR-J B1][NGSL 771],,,,
300,advantage,noun,A2,773,내용어,[CEFR-J A2][NGSL 773],,,,
301,marry,verb,A2,775,내용어,[CEFR-J A2][NGSL 775],,,,
302,strike,noun,A2,776,내용어,[CEFR-J A2][NGSL 776],,,,
303,mile,noun,B1,777,내용어,[CEFR-J B1][NGSL 777],,,,
304,seek,verb,A2,778,내용어,[CEFR-J A2][NGSL 778],,,,
305,ability,noun,A2,779,내용어,[CEFR-J A2][NGSL 779],,,,
306,unit,noun,A2,780,내용어,[CEFR-J A2][NGSL 780],,,,
307,agreement,noun,B1,785,내용어,[CEFR-J B1][NGSL 785],,,,
308,release,noun,A2,786,내용어,[CEFR-J A2][NGSL 786],,,,
309,tax,noun,B1,787,내용어,[CEFR-J B1][NGSL 787],,,,
310,solution,noun,A2,788,내용어,[CEFR-J A2][NGSL 788],,,,
311,capital,noun,A2,789,내용어,[CEFR-J A2][NGSL 789],,,,
312,popular,adjective,A2,790,내용어,[CEFR-J A2][NGSL 790],,,,
313,specific,adjective,A2,791,내용어,[CEFR-J A2][NGSL 791],,,,
314,fear,noun,A2,793,내용어,[CEFR-J A2][NGSL 793],,,,
315,aim,noun,B1,794,내용어,[CEFR-J B1][NGSL 794],,,,
316,serious,adjective,B1,796,내용어,[CEFR-J B1][NGSL 796],,,,
317,target,noun,A2,797,내용어,[CEFR-J A2][NGSL 797],,,,
318,degree,noun,A2,798,내용어,[CEFR-J A2][NGSL 798],,,,
319,pull,verb,A2,799,내용어,[CEFR-J A2][NGSL 799],,,,
320,access,noun,B1,802,내용어,[CEFR-J B1][NGSL 802],,,,
321,movement,noun,B1,803,내용어,[CEFR-J B1][NGSL 803],,,,
322,treat,noun,B1,804,내용어,[CEFR-J B1][NGSL 804],,,,
323,loss,noun,B1,806,내용어,[CEFR-J B1][NGSL 806],,,,
324,shall,modal auxiliary,A2,807,기능어,[CEFR-J A2][NGSL 807],,,,
325,modern,adjective,A2,808,내용어,[CEFR-J A2][NGSL 808],,,,
326,pressure,noun,A2,809,내용어,[CEFR-J A2][NGSL 809],,,,
327,treatment,noun,B1,811,내용어,[CEFR-J B1][NGSL 811],,,,
328,supply,noun,B1,813,내용어,[CEFR-J B1][NGSL 813],,,,
329,village,noun,A2,814,내용어,[CEFR-J A2][NGSL 814],,,,
330,worth,adjective,B1,815,내용어,[CEFR-J B1][NGSL 815],,,,
331,natural,adjective,A2,816,내용어,[CEFR-J A2][NGSL 816],,,,
332,express,noun,A2,817,내용어,[CEFR-J A2][NGSL 817],,,,
333,indicate,verb,A2,818,내용어,[CEFR-J A2][NGSL 818],,,,
334,attend,verb,B1,819,내용어,[CEFR-J B1][NGSL 819],,,,
335,score,noun,B1,822,내용어,[CEFR-J B1][NGSL 822],,,,
336,beyond,preposition,A2,825,기능어,[CEFR-J A2][NGSL 825],,,,
337,promise,noun,A2,828,내용어,[CEFR-J A2][NGSL 828],,,,
338,potential,noun,B1,829,내용어,[CEFR-J B1][NGSL 829],,,,
339,trouble,noun,A2,831,내용어,[CEFR-J A2][NGSL 831],,,,
340,relation,noun,B1,832,내용어,[CEFR-J B1][NGSL 832],,,,
341,suffer,verb,B1,837,내용어,[CEFR-J B1][NGSL 837],,,,
342,strategy,noun,A2,838,내용어,[CEFR-J A2][NGSL 838],,,,
343,deep,adverb,A2,839,기능어,[CEFR-J A2][NGSL 839],,,,
344,except,conjunction,A2,840,기능어,[CEFR-J A2][NGSL 840],,,,
345,tend,verb,B1,842,내용어,[CEFR-J B1][NGSL 842],,,,
346,advance,verb,B1,843,내용어,[CEFR-J B1][NGSL 843],,,,
347,network,noun,B1,846,내용어,[CEFR-J B1][NGSL 846],,,,
348,generally,adverb,B1,847,기능어,[CEFR-J B1][NGSL 847],,,,
349,operation,noun,B1,848,내용어,[CEFR-J B1][NGSL 848],,,,
350,avoid,verb,A2,850,내용어,[CEFR-J A2][NGSL 850],,,,
351,task,noun,A2,853,내용어,[CEFR-J A2][NGSL 853],,,,
352,normal,adjective,A2,854,내용어,[CEFR-J A2][NGSL 854],,,,
353,associate,verb,B1,856,내용어,[CEFR-J B1][NGSL 856],,,,
354,positive,adjective,B1,858,내용어,[CEFR-J B1][NGSL 858],,,,
355,option,noun,B1,859,내용어,[CEFR-J B1][NGSL 859],,,,
356,huge,adjective,B1,861,내용어,[CEFR-J B1][NGSL 861],,,,
357,instance,noun,B1,863,내용어,[CEFR-J B1][NGSL 863],,,,
358,style,noun,A2,864,내용어,[CEFR-J A2][NGSL 864],,,,
359,refer,verb,A2,865,내용어,[CEFR-J A2][NGSL 865],,,,
360,assume,verb,B1,869,내용어,[CEFR-J B1][NGSL 869],,,,
361,doubt,noun,A2,873,내용어,[CEFR-J A2][NGSL 873],,,,
362,competition,noun,A2,874,내용어,[CEFR-J A2][NGSL 874],,,,
363,theory,noun,B1,875,내용어,[CEFR-J B1][NGSL 875],,,,
364,propose,verb,B1,876,내용어,[CEFR-J B1][NGSL 876],,,,
365,argument,noun,A2,878,내용어,[CEFR-J A2][NGSL 878],,,,
366,adult,adjective,A2,879,내용어,[CEFR-J A2][NGSL 879],,,,
367,document,noun,B1,881,내용어,[CEFR-J B1][NGSL 881],,,,
368,pattern,noun,B1,882,내용어,[CEFR-J B1][NGSL 882],,,,
369,application,noun,B1,883,내용어,[CEFR-J B1][NGSL 883],,,,
370,obviously,adverb,B1,885,기능어,[CEFR-J B1][NGSL 885],,,,
371,unclear,adjective,B1,886,내용어,[CEFR-J B1][NGSL 886],,,,
372,bill,noun,A2,887,내용어,[CEFR-J A2][NGSL 887],,,,
373,search,noun,A2,888,내용어,[CEFR-J A2][NGSL 888],,,,
374,separate,adjective,A2,889,내용어,[CEFR-J A2][NGSL 889],,,,
375,central,adjective,B1,890,내용어,[CEFR-J B1][NGSL 890],,,,
376,career,noun,B1,891,내용어,[CEFR-J B1][NGSL 891],,,,
377,anyway,adverb,A2,892,기능어,[CEFR-J A2][NGSL 892],,,,
378,throughout,preposition,B1,896,기능어,[CEFR-J B1][NGSL 896],,,,
379,oil,noun,A2,897,내용어,[CEFR-J A2][NGSL 897],,,,
380,protect,verb,B1,902,내용어,[CEFR-J B1][NGSL 902],,,,
381,resource,noun,B1,903,내용어,[CEFR-J B1][NGSL 903],,,,
382,disease,noun,B1,905,내용어,[CEFR-J B1][NGSL 905],,,,
383,balance,noun,B1,906,내용어,[CEFR-J B1][NGSL 906],,,,
384,damage,noun,B1,907,내용어,[CEFR-J B1][NGSL 907],,,,
385,basis,noun,B1,908,내용어,[CEFR-J B1][NGSL 908],,,,
386,author,noun,A2,909,내용어,[CEFR-J A2][NGSL 909],,,,
387,basic,adjective,A2,910,내용어,[CEFR-J A2][NGSL 910],,,,
388,encourage,verb,A2,911,내용어,[CEFR-J A2][NGSL 911],,,,
389,male,noun,A2,913,내용어,[CEFR-J A2][NGSL 913],,,,
390,operate,verb,A2,914,내용어,[CEFR-J A2][NGSL 914],,,,
391,reflect,verb,A2,915,내용어,[CEFR-J A2][NGSL 915],,,,
392,useful,adjective,A2,917,내용어,[CEFR-J A2][NGSL 917],,,,
393,income,noun,B1,919,내용어,[CEFR-J B1][NGSL 919],,,,
394,property,noun,B1,920,내용어,[CEFR-J B1][NGSL 920],,,,
395,previous,adjective,B1,921,내용어,[CEFR-J B1][NGSL 921],,,,
396,earn,verb,A2,925,내용어,[CEFR-J A2][NGSL 925],,,,
397,define,verb,B1,929,내용어,[CEFR-J B1][NGSL 929],,,,
398,conclusion,noun,B1,930,내용어,[CEFR-J B1][NGSL 930],,,,
399,perform,verb,A2,934,내용어,[CEFR-J A2][NGSL 934],,,,
400,professional,adjective,A2,935,내용어,[CEFR-J A2][NGSL 935],,,,
401,debate,noun,A2,937,내용어,[CEFR-J A2][NGSL 937],,,,
402,object,noun,B1,941,내용어,[CEFR-J B1][NGSL 941],,,,
403,maintain,verb,B1,942,내용어,[CEFR-J B1][NGSL 942],,,,
404,credit,noun,A2,943,내용어,[CEFR-J A2][NGSL 943],,,,
405,discover,verb,A2,945,내용어,[CEFR-J A2][NGSL 945],,,,
406,dead,adjective,A2,946,내용어,[CEFR-J A2][NGSL 946],,,,
407,prefer,verb,A2,948,내용어,[CEFR-J A2][NGSL 948],,,,
408,extend,verb,B1,949,내용어,[CEFR-J B1][NGSL 949],,,,
409,possibility,noun,B1,950,내용어,[CEFR-J B1][NGSL 950],,,,
410,direction,noun,A2,951,내용어,[CEFR-J A2][NGSL 951],,,,
411,facility,noun,B1,952,내용어,[CEFR-J B1][NGSL 952],,,,
412,variety,noun,B1,953,내용어,[CEFR-J B1][NGSL 953],,,,
413,daily,adjective,A2,954,내용어,[CEFR-J A2][NGSL 954],,,,
414,screen,noun,A2,956,내용어,[CEFR-J A2][NGSL 956],,,,
415,track,noun,A2,957,내용어,[CEFR-J A2][NGSL 957],,,,
416,completely,adverb,B1,959,기능어,[CEFR-J B1][NGSL 959],,,,
417,female,adjective,A2,960,내용어,[CEFR-J A2][NGSL 960],,,,
418,responsibility,noun,B1,961,내용어,[CEFR-J B1][NGSL 961],,,,
419,original,adjective,A2,962,내용어,[CEFR-J A2][NGSL 962],,,,
420,rock,noun,A2,964,내용어,[CEFR-J A2][NGSL 964],,,,
421,nor,conjunction,B1,966,기능어,[CEFR-J B1][NGSL 966],,,,
422,university,noun,A2,967,내용어,[CEFR-J A2][NGSL 967],,,,
423,easily,adverb,A2,968,기능어,[CEFR-J A2][NGSL 968],,,,
424,agency,noun,A2,969,내용어,[CEFR-J A2][NGSL 969],,,,
425,fix,noun,A2,972,내용어,[CEFR-J A2][NGSL 972],,,,
426,ahead,adverb,A2,973,기능어,[CEFR-J A2][NGSL 973],,,,
427,cross,noun,A2,974,내용어,[CEFR-J A2][NGSL 974],,,,
428,yeah,adverb,A2,975,기능어,[CEFR-J A2][NGSL 975],,,,
429,weight,noun,A2,976,내용어,[CEFR-J A2][NGSL 976],,,,
430,legal,adjective,B1,977,내용어,[CEFR-J B1][NGSL 977],,,,
431,proposal,noun,B1,978,내용어,[CEFR-J B1][NGSL 978],,,,
432,somebody,pronoun,A2,981,기능어,[CEFR-J A2][NGSL 981],,,,
433,pound,noun,B1,982,내용어,[CEFR-J B1][NGSL 982],,,,
434,shape,noun,A2,984,내용어,[CEFR-J A2][NGSL 984],,,,
435,immediately,adverb,B1,986,기능어,[CEFR-J B1][NGSL 986],,,,
436,communication,noun,A2,989,내용어,[CEFR-J A2][NGSL 989],,,,
437,agent,noun,A2,990,내용어,[CEFR-J A2][NGSL 990],,,,
438,traditional,adjective,A2,991,내용어,[CEFR-J A2][NGSL 991],,,,
439,replace,verb,A2,992,내용어,[CEFR-J A2][NGSL 992],,,,
440,herself,pronoun,A2,994,기능어,[CEFR-J A2][NGSL 994],,,,
441,suddenly,adverb,B1,995,기능어,[CEFR-J B1][NGSL 995],,,,
442,generation,noun,A2,996,내용어,[CEFR-J A2][NGSL 996],,,,
443,estimate,verb,B1,997,내용어,[CEFR-J B1][NGSL 997],,,,
444,difficulty,noun,A2,999,내용어,[CEFR-J A2][NGSL 999],,,,
445,shoot,verb,A2,1001,내용어,[CEFR-J A2][NGSL 1001],,,,
446,announce,verb,B1,1002,내용어,[CEFR-J B1][NGSL 1002],,,,
447,unless,conjunction,B1,1003,기능어,[CEFR-J B1][NGSL 1003],,,,
448,independent,adjective,B1,1004,내용어,[CEFR-J B1][NGSL 1004],,,,
449,recommend,verb,B1,1005,내용어,[CEFR-J B1][NGSL 1005],,,,
450,majority,noun,B1,1007,내용어,[CEFR-J B1][NGSL 1007],,,,
451,stick,verb,B1,1008,내용어,[CEFR-J B1][NGSL 1008],,,,
452,request,noun,A2,1009,내용어,[CEFR-J A2][NGSL 1009],,,,
453,none,pronoun,B1,1012,기능어,[CEFR-J B1][NGSL 1012],,,,
454,exchange,noun,A2,1013,내용어,[CEFR-J A2][NGSL 1013],,,,
455,budget,noun,A2,1014,내용어,[CEFR-J A2][NGSL 1014],,,,
456,blood,noun,A2,1016,내용어,[CEFR-J A2][NGSL 1016],,,,
457,appropriate,adjective,A2,1017,내용어,[CEFR-J A2][NGSL 1017],,,,
458,count,verb,A2,1020,내용어,[CEFR-J A2][NGSL 1020],,,,
459,scene,noun,A2,1021,내용어,[CEFR-J A2][NGSL 1021],,,,
460,content,noun,B1,1023,내용어,[CEFR-J B1][NGSL 1023],,,,
461,prevent,verb,A2,1024,내용어,[CEFR-J A2][NGSL 1024],,,,
462,safe,adjective,A2,1025,내용어,[CEFR-J A2][NGSL 1025],,,,
463,invite,verb,A2,1026,내용어,[CEFR-J A2][NGSL 1026],,,,
464,mix,verb,A2,1027,내용어,[CEFR-J A2][NGSL 1027],,,,
465,element,noun,B1,1028,내용어,[CEFR-J B1][NGSL 1028],,,,
466,effective,adjective,B1,1029,내용어,[CEFR-J B1][NGSL 1029],,,,
467,medical,adjective,A2,1031,내용어,[CEFR-J A2][NGSL 1031],,,,
468,admit,verb,A2,1032,내용어,[CEFR-J A2][NGSL 1032],,,,
469,beat,verb,B1,1033,내용어,[CEFR-J B1][NGSL 1033],,,,
470,committee,noun,A2,1036,내용어,[CEFR-J A2][NGSL 1036],,,,
471,aware,adjective,B1,1037,내용어,[CEFR-J B1][NGSL 1037],,,,
472,advice,noun,A2,1038,내용어,[CEFR-J A2][NGSL 1038],,,,
473,handle,noun,A2,1039,내용어,[CEFR-J A2][NGSL 1039],,,,
474,stress,noun,B1,1042,내용어,[CEFR-J B1][NGSL 1042],,,,
475,administration,noun,B1,1044,내용어,[CEFR-J B1][NGSL 1044],,,,
476,complex,adjective,B1,1045,내용어,[CEFR-J B1][NGSL 1045],,,,
477,text,noun,A2,1046,내용어,[CEFR-J A2][NGSL 1046],,,,
478,context,noun,A2,1047,내용어,[CEFR-J A2][NGSL 1047],,,,
479,directly,adverb,B1,1049,기능어,[CEFR-J B1][NGSL 1049],,,,
480,remove,verb,B1,1051,내용어,[CEFR-J B1][NGSL 1051],,,,
481,conduct,noun,B1,1052,내용어,[CEFR-J B1][NGSL 1052],,,,
482,equipment,noun,B1,1053,내용어,[CEFR-J B1][NGSL 1053],,,,
483,otherwise,adverb,B1,1054,기능어,[CEFR-J B1][NGSL 1054],,,,
484,title,noun,A2,1055,내용어,[CEFR-J A2][NGSL 1055],,,,
485,extra,adjective,A2,1056,내용어,[CEFR-J A2][NGSL 1056],,,,
486,sample,noun,A2,1060,내용어,[CEFR-J A2][NGSL 1060],,,,
487,sex,noun,B1,1061,내용어,[CEFR-J B1][NGSL 1061],,,,
488,deliver,verb,B1,1062,내용어,[CEFR-J B1][NGSL 1062],,,,
489,inform,verb,B1,1068,내용어,[CEFR-J B1][NGSL 1068],,,,
490,principle,noun,B1,1069,내용어,[CEFR-J B1][NGSL 1069],,,,
491,appeal,noun,B1,1071,내용어,[CEFR-J B1][NGSL 1071],,,,
492,highly,adverb,B1,1072,기능어,[CEFR-J B1][NGSL 1072],,,,
493,trust,verb,A2,1073,내용어,[CEFR-J A2][NGSL 1073],,,,
494,absolutely,adverb,B1,1076,기능어,[CEFR-J B1][NGSL 1076],,,,
495,flow,noun,B1,1077,내용어,[CEFR-J B1][NGSL 1077],,,,
496,additional,adjective,A2,1079,내용어,[CEFR-J A2][NGSL 1079],,,,
497,responsible,adjective,B1,1080,내용어,[CEFR-J B1][NGSL 1080],,,,
498,hang,verb,B1,1083,내용어,[CEFR-J B1][NGSL 1083],,,,
499,negative,adjective,A2,1084,내용어,[CEFR-J A2][NGSL 1084],,,,
500,relative,adjective,B1,1086,내용어,[CEFR-J B1][NGSL 1086],,,,
501,tour,noun,A2,1087,내용어,[CEFR-J A2][NGSL 1087],,,,
502,alternative,adjective,B1,1088,내용어,[CEFR-J B1][NGSL 1088],,,,
503,software,noun,A2,1089,내용어,[CEFR-J A2][NGSL 1089],,,,
504,attitude,noun,A2,1092,내용어,[CEFR-J A2][NGSL 1092],,,,
505,cheap,adjective,A2,1093,내용어,[CEFR-J A2][NGSL 1093],,,,
506,double,adjective,A2,1094,내용어,[CEFR-J A2][NGSL 1094],,,,
507,observe,verb,B1,1096,내용어,[CEFR-J B1][NGSL 1096],,,,
508,print,verb,A2,1098,내용어,[CEFR-J A2][NGSL 1098],,,,
509,progress,noun,B1,1099,내용어,[CEFR-J B1][NGSL 1099],,,,
510,truth,noun,A2,1100,내용어,[CEFR-J A2][NGSL 1100],,,,
511,nobody,pronoun,A2,1101,기능어,[CEFR-J A2][NGSL 1101],,,,
512,examine,verb,B1,1102,내용어,[CEFR-J B1][NGSL 1102],,,,
513,lay,verb,B1,1103,내용어,[CEFR-J B1][NGSL 1103],,,,
514,speed,noun,A2,1104,내용어,[CEFR-J A2][NGSL 1104],,,,
515,politics,noun,B1,1105,내용어,[CEFR-J B1][NGSL 1105],,,,
516,reply,noun,A2,1106,내용어,[CEFR-J A2][NGSL 1106],,,,
517,display,noun,A2,1107,내용어,[CEFR-J A2][NGSL 1107],,,,
518,transfer,verb,B1,1108,내용어,[CEFR-J B1][NGSL 1108],,,,
519,perfect,adjective,A2,1109,내용어,[CEFR-J A2][NGSL 1109],,,,
520,slightly,adverb,B1,1110,기능어,[CEFR-J B1][NGSL 1110],,,,
521,intend,verb,B1,1112,내용어,[CEFR-J B1][NGSL 1112],,,,
522,respond,verb,B1,1114,내용어,[CEFR-J B1][NGSL 1114],,,,
523,regular,adjective,A2,1117,내용어,[CEFR-J A2][NGSL 1117],,,,
524,physical,adjective,A2,1118,내용어,[CEFR-J A2][NGSL 1118],,,,
525,apart,adverb,A2,1119,기능어,[CEFR-J A2][NGSL 1119],,,,
526,suit,noun,A2,1120,내용어,[CEFR-J A2][NGSL 1120],,,,
527,reveal,verb,A2,1122,내용어,[CEFR-J A2][NGSL 1122],,,,
528,status,noun,B1,1125,내용어,[CEFR-J B1][NGSL 1125],,,,
529,crime,noun,A2,1126,내용어,[CEFR-J A2][NGSL 1126],,,,
530,decline,noun,B1,1127,내용어,[CEFR-J B1][NGSL 1127],,,,
531,launch,verb,B1,1129,내용어,[CEFR-J B1][NGSL 1129],,,,
532,warn,verb,B1,1130,내용어,[CEFR-J B1][NGSL 1130],,,,
533,consumer,noun,B1,1131,내용어,[CEFR-J B1][NGSL 1131],,,,
534,eventually,adverb,B1,1138,기능어,[CEFR-J B1][NGSL 1138],,,,
535,heat,noun,A2,1139,내용어,[CEFR-J A2][NGSL 1139],,,,
536,importance,noun,A2,1142,내용어,[CEFR-J A2][NGSL 1142],,,,
537,distance,noun,B1,1143,내용어,[CEFR-J B1][NGSL 1143],,,,
538,guide,noun,B1,1144,내용어,[CEFR-J B1][NGSL 1144],,,,
539,grant,noun,B1,1145,내용어,[CEFR-J B1][NGSL 1145],,,,
540,pain,noun,B1,1148,내용어,[CEFR-J B1][NGSL 1148],,,,
541,mistake,noun,A2,1150,내용어,[CEFR-J A2][NGSL 1150],,,,
542,ensure,verb,B1,1151,내용어,[CEFR-J B1][NGSL 1151],,,,
543,satisfy,verb,A2,1152,내용어,[CEFR-J A2][NGSL 1152],,,,
544,chief,adjective,B1,1153,내용어,[CEFR-J B1][NGSL 1153],,,,
545,expert,noun,A2,1155,내용어,[CEFR-J A2][NGSL 1155],,,,
546,wave,noun,A2,1156,내용어,[CEFR-J A2][NGSL 1156],,,,
547,south,adjective,A2,1157,내용어,[CEFR-J A2][NGSL 1157],,,,
548,surface,noun,B1,1159,내용어,[CEFR-J B1][NGSL 1159],,,,
549,edge,noun,B1,1162,내용어,[CEFR-J B1][NGSL 1162],,,,
550,audience,noun,A2,1164,내용어,[CEFR-J A2][NGSL 1164],,,,
551,lift,noun,B1,1165,내용어,[CEFR-J B1][NGSL 1165],,,,
552,email,verb,A2,1167,내용어,[CEFR-J A2][NGSL 1167],,,,
553,global,adjective,B1,1168,내용어,[CEFR-J B1][NGSL 1168],,,,
554,struggle,noun,B1,1169,내용어,[CEFR-J B1][NGSL 1169],,,,
555,advertise,verb,B1,1170,내용어,[CEFR-J B1][NGSL 1170],,,,
556,select,adjective,B1,1171,내용어,[CEFR-J B1][NGSL 1171],,,,
557,surround,verb,B1,1172,내용어,[CEFR-J B1][NGSL 1172],,,,
558,extent,noun,B1,1173,내용어,[CEFR-J B1][NGSL 1173],,,,
559,annual,adjective,B1,1175,내용어,[CEFR-J B1][NGSL 1175],,,,
560,fully,adverb,A2,1176,기능어,[CEFR-J A2][NGSL 1176],,,,
561,contrast,noun,A2,1177,내용어,[CEFR-J A2][NGSL 1177],,,,
562,roll,noun,A2,1178,내용어,[CEFR-J A2][NGSL 1178],,,,
563,reality,noun,B1,1179,내용어,[CEFR-J B1][NGSL 1179],,,,
564,photograph,noun,A2,1180,내용어,[CEFR-J A2][NGSL 1180],,,,
565,artist,noun,B1,1181,내용어,[CEFR-J B1][NGSL 1181],,,,
566,conflict,noun,B1,1182,내용어,[CEFR-J B1][NGSL 1182],,,,
567,entire,adjective,B1,1183,내용어,[CEFR-J B1][NGSL 1183],,,,
568,presence,noun,B1,1184,내용어,[CEFR-J B1][NGSL 1184],,,,
569,crowd,noun,A2,1185,내용어,[CEFR-J A2][NGSL 1185],,,,
570,gas,noun,A2,1187,내용어,[CEFR-J A2][NGSL 1187],,,,
571,shift,verb,B1,1188,내용어,[CEFR-J B1][NGSL 1188],,,,
572,net,adjective,A2,1189,내용어,[CEFR-J A2][NGSL 1189],,,,
573,category,noun,B1,1190,내용어,[CEFR-J B1][NGSL 1190],,,,
574,secretary,noun,A2,1191,내용어,[CEFR-J A2][NGSL 1191],,,,
575,quick,adjective,A2,1193,내용어,[CEFR-J A2][NGSL 1193],,,,
576,spread,noun,A2,1195,내용어,[CEFR-J A2][NGSL 1195],,,,
577,nuclear,adjective,B1,1196,내용어,[CEFR-J B1][NGSL 1196],,,,
578,scale,noun,A2,1197,내용어,[CEFR-J A2][NGSL 1197],,,,
579,introduction,noun,B1,1201,내용어,[CEFR-J B1][NGSL 1201],,,,
580,requirement,noun,B1,1202,내용어,[CEFR-J B1][NGSL 1202],,,,
581,north,adjective,A2,1203,내용어,[CEFR-J A2][NGSL 1203],,,,
582,confirm,verb,B1,1204,내용어,[CEFR-J B1][NGSL 1204],,,,
583,senior,adjective,A2,1205,내용어,[CEFR-J A2][NGSL 1205],,,,
584,refuse,noun,B1,1207,내용어,[CEFR-J B1][NGSL 1207],,,,
585,transport,noun,B1,1208,내용어,[CEFR-J B1][NGSL 1208],,,,
586,emerge,verb,B1,1209,내용어,[CEFR-J B1][NGSL 1209],,,,
587,concept,noun,B1,1211,내용어,[CEFR-J B1][NGSL 1211],,,,
588,survive,verb,A2,1216,내용어,[CEFR-J A2][NGSL 1216],,,,
589,flight,noun,A2,1217,내용어,[CEFR-J A2][NGSL 1217],,,,
590,background,noun,A2,1221,내용어,[CEFR-J A2][NGSL 1221],,,,
591,technique,noun,B1,1222,내용어,[CEFR-J B1][NGSL 1222],,,,
592,traffic,noun,A2,1223,내용어,[CEFR-J A2][NGSL 1223],,,,
593,improvement,noun,B1,1224,내용어,[CEFR-J B1][NGSL 1224],,,,
594,consequence,noun,A2,1226,내용어,[CEFR-J A2][NGSL 1226],,,,
595,mass,adjective,B1,1234,내용어,[CEFR-J B1][NGSL 1234],,,,
596,contribute,verb,B1,1236,내용어,[CEFR-J B1][NGSL 1236],,,,
597,failure,noun,B1,1237,내용어,[CEFR-J B1][NGSL 1237],,,,
598,schedule,noun,A2,1238,내용어,[CEFR-J A2][NGSL 1238],,,,
599,speaker,noun,A2,1239,내용어,[CEFR-J A2][NGSL 1239],,,,
600,adopt,verb,B1,1241,내용어,[CEFR-J B1][NGSL 1241],,,,
601,combine,verb,B1,1242,내용어,[CEFR-J B1][NGSL 1242],,,,
602,waste,adjective,B1,1244,내용어,[CEFR-J B1][NGSL 1244],,,,
603,marriage,noun,B1,1246,내용어,[CEFR-J B1][NGSL 1246],,,,
604,equal,adjective,B1,1252,내용어,[CEFR-J B1][NGSL 1252],,,,
605,expression,noun,A2,1253,내용어,[CEFR-J A2][NGSL 1253],,,,
606,plus,preposition,A2,1254,기능어,[CEFR-J A2][NGSL 1254],,,,
607,extremely,adverb,A2,1255,기능어,[CEFR-J A2][NGSL 1255],,,,
608,commercial,adjective,B1,1258,내용어,[CEFR-J B1][NGSL 1258],,,,
609,duty,noun,B1,1260,내용어,[CEFR-J B1][NGSL 1260],,,,
610,strength,noun,A2,1261,내용어,[CEFR-J A2][NGSL 1261],,,,
611,connect,verb,B1,1262,내용어,[CEFR-J B1][NGSL 1262],,,,
612,cultural,adjective,B1,1263,내용어,[CEFR-J B1][NGSL 1263],,,,
613,arrange,verb,B1,1264,내용어,[CEFR-J B1][NGSL 1264],,,,
614,unfortunately,adverb,A2,1267,기능어,[CEFR-J A2][NGSL 1267],,,,
615,brief,adjective,B1,1268,내용어,[CEFR-J B1][NGSL 1268],,,,
616,demonstrate,verb,B1,1270,내용어,[CEFR-J B1][NGSL 1270],,,,
617,contribution,noun,B1,1271,내용어,[CEFR-J B1][NGSL 1271],,,,
618,appreciate,verb,A2,1272,내용어,[CEFR-J A2][NGSL 1272],,,,
619,chapter,noun,A2,1273,내용어,[CEFR-J A2][NGSL 1273],,,,
620,secret,noun,A2,1274,내용어,[CEFR-J A2][NGSL 1274],,,,
621,apparently,adverb,A2,1275,기능어,[CEFR-J A2][NGSL 1275],,,,
622,novel,noun,A2,1276,내용어,[CEFR-J A2][NGSL 1276],,,,
623,union,noun,B1,1277,내용어,[CEFR-J B1][NGSL 1277],,,,
624,burn,noun,A2,1278,내용어,[CEFR-J A2][NGSL 1278],,,,
625,trend,noun,B1,1279,내용어,[CEFR-J B1][NGSL 1279],,,,
626,initial,noun,B1,1280,내용어,[CEFR-J B1][NGSL 1280],,,,
627,critical,adjective,B1,1283,내용어,[CEFR-J B1][NGSL 1283],,,,
628,gather,verb,A2,1284,내용어,[CEFR-J A2][NGSL 1284],,,,
629,mostly,adverb,A2,1285,기능어,[CEFR-J A2][NGSL 1285],,,,
630,earth,noun,A2,1286,내용어,[CEFR-J A2][NGSL 1286],,,,
631,essential,adjective,B1,1288,내용어,[CEFR-J B1][NGSL 1288],,,,
632,desire,noun,B1,1289,내용어,[CEFR-J B1][NGSL 1289],,,,
633,promote,verb,B1,1290,내용어,[CEFR-J B1][NGSL 1290],,,,
634,currently,adverb,B1,1291,기능어,[CEFR-J B1][NGSL 1291],,,,
635,path,noun,A2,1293,내용어,[CEFR-J A2][NGSL 1293],,,,
636,attract,verb,B1,1296,내용어,[CEFR-J B1][NGSL 1296],,,,
637,engage,verb,B1,1297,내용어,[CEFR-J B1][NGSL 1297],,,,
638,powerful,adjective,A2,1298,내용어,[CEFR-J A2][NGSL 1298],,,,
639,crisis,noun,B1,1300,내용어,[CEFR-J B1][NGSL 1300],,,,
640,settle,verb,B1,1301,내용어,[CEFR-J B1][NGSL 1301],,,,
641,aid,noun,B1,1303,내용어,[CEFR-J B1][NGSL 1303],,,,
642,twice,adverb,A2,1306,기능어,[CEFR-J A2][NGSL 1306],,,,
643,fresh,adjective,A2,1307,내용어,[CEFR-J A2][NGSL 1307],,,,
644,delay,noun,A2,1308,내용어,[CEFR-J A2][NGSL 1308],,,,
645,safety,noun,B1,1309,내용어,[CEFR-J B1][NGSL 1309],,,,
646,insurance,noun,B1,1312,내용어,[CEFR-J B1][NGSL 1312],,,,
647,divide,verb,A2,1314,내용어,[CEFR-J A2][NGSL 1314],,,,
648,length,noun,B1,1315,내용어,[CEFR-J B1][NGSL 1315],,,,
649,investigation,noun,B1,1316,내용어,[CEFR-J B1][NGSL 1316],,,,
650,package,noun,B1,1317,내용어,[CEFR-J B1][NGSL 1317],,,,
651,somewhere,adverb,A2,1318,기능어,[CEFR-J A2][NGSL 1318],,,,
652,expand,verb,B1,1319,내용어,[CEFR-J B1][NGSL 1319],,,,
653,commit,verb,B1,1320,내용어,[CEFR-J B1][NGSL 1320],,,,
654,obvious,adjective,B1,1321,내용어,[CEFR-J B1][NGSL 1321],,,,
655,weapon,noun,B1,1323,내용어,[CEFR-J B1][NGSL 1323],,,,
656,relatively,adverb,B1,1324,기능어,[CEFR-J B1][NGSL 1324],,,,
657,host,noun,A2,1325,내용어,[CEFR-J A2][NGSL 1325],,,,
658,district,noun,B1,1327,내용어,[CEFR-J B1][NGSL 1327],,,,
659,broad,adjective,B1,1328,내용어,[CEFR-J B1][NGSL 1328],,,,
660,tire,verb,B1,1329,내용어,[CEFR-J B1][NGSL 1329],,,,
661,spirit,noun,B1,1331,내용어,[CEFR-J B1][NGSL 1331],,,,
662,battle,noun,B1,1335,내용어,[CEFR-J B1][NGSL 1335],,,,
663,tradition,noun,A2,1336,내용어,[CEFR-J A2][NGSL 1336],,,,
664,cash,noun,A2,1337,내용어,[CEFR-J A2][NGSL 1337],,,,
665,hardly,adverb,A2,1338,기능어,[CEFR-J A2][NGSL 1338],,,,
666,award,noun,A2,1339,내용어,[CEFR-J A2][NGSL 1339],,,,
667,experiment,noun,B1,1341,내용어,[CEFR-J B1][NGSL 1341],,,,
668,consideration,noun,B1,1342,내용어,[CEFR-J B1][NGSL 1342],,,,
669,possibly,adverb,A2,1345,기능어,[CEFR-J A2][NGSL 1345],,,,
670,threat,noun,B1,1346,내용어,[CEFR-J B1][NGSL 1346],,,,
671,accident,noun,A2,1347,내용어,[CEFR-J A2][NGSL 1347],,,,
672,impossible,adjective,A2,1348,내용어,[CEFR-J A2][NGSL 1348],,,,
673,enable,verb,B1,1350,내용어,[CEFR-J B1][NGSL 1350],,,,
674,active,adjective,B1,1352,내용어,[CEFR-J B1][NGSL 1352],,,,
675,conclude,verb,B1,1353,내용어,[CEFR-J B1][NGSL 1353],,,,
676,religious,adjective,B1,1354,내용어,[CEFR-J B1][NGSL 1354],,,,
677,cancer,noun,B1,1355,내용어,[CEFR-J B1][NGSL 1355],,,,
678,convince,verb,B1,1356,내용어,[CEFR-J B1][NGSL 1356],,,,
679,vary,verb,B1,1357,내용어,[CEFR-J B1][NGSL 1357],,,,
680,environmental,adjective,B1,1358,내용어,[CEFR-J B1][NGSL 1358],,,,
681,volume,noun,B1,1362,내용어,[CEFR-J B1][NGSL 1362],,,,
682,location,noun,B1,1363,내용어,[CEFR-J B1][NGSL 1363],,,,
683,invest,verb,B1,1364,내용어,[CEFR-J B1][NGSL 1364],,,,
684,proceed,verb,B1,1365,내용어,[CEFR-J B1][NGSL 1365],,,,
685,tape,noun,A2,1369,내용어,[CEFR-J A2][NGSL 1369],,,,
686,opposite,adjective,A2,1371,내용어,[CEFR-J A2][NGSL 1371],,,,
687,murder,noun,A2,1374,내용어,[CEFR-J A2][NGSL 1374],,,,
688,monitor,noun,B1,1375,내용어,[CEFR-J B1][NGSL 1375],,,,
689,soldier,noun,A2,1376,내용어,[CEFR-J A2][NGSL 1376],,,,
690,finance,verb,B1,1377,내용어,[CEFR-J B1][NGSL 1377],,,,
691,hate,verb,A2,1378,내용어,[CEFR-J A2][NGSL 1378],,,,
692,shock,noun,A2,1381,내용어,[CEFR-J A2][NGSL 1381],,,,
693,comfortable,adjective,A2,1382,내용어,[CEFR-J A2][NGSL 1382],,,,
694,usual,adjective,A2,1383,내용어,[CEFR-J A2][NGSL 1383],,,,
695,pack,noun,A2,1385,내용어,[CEFR-J A2][NGSL 1385],,,,
696,recall,verb,B1,1386,내용어,[CEFR-J B1][NGSL 1386],,,,
697,wine,noun,A2,1387,내용어,[CEFR-J A2][NGSL 1387],,,,
698,cycle,noun,B1,1392,내용어,[CEFR-J B1][NGSL 1392],,,,
699,totally,adverb,B1,1394,기능어,[CEFR-J B1][NGSL 1394],,,,
700,museum,noun,A2,1395,내용어,[CEFR-J A2][NGSL 1395],,,,
701,visitor,noun,A2,1396,내용어,[CEFR-J A2][NGSL 1396],,,,
702,freedom,noun,A2,1397,내용어,[CEFR-J A2][NGSL 1397],,,,
703,construction,noun,B1,1398,내용어,[CEFR-J B1][NGSL 1398],,,,
704,objective,noun,B1,1400,내용어,[CEFR-J B1][NGSL 1400],,,,
705,moreover,adverb,B1,1401,기능어,[CEFR-J B1][NGSL 1401],,,,
706,historical,adjective,B1,1403,내용어,[CEFR-J B1][NGSL 1403],,,,
707,oppose,verb,A2,1404,내용어,[CEFR-J A2][NGSL 1404],,,,
708,branch,noun,A2,1405,내용어,[CEFR-J A2][NGSL 1405],,,,
709,vehicle,noun,B1,1406,내용어,[CEFR-J B1][NGSL 1406],,,,
710,belong,verb,A2,1410,내용어,[CEFR-J A2][NGSL 1410],,,,
711,taste,noun,B1,1411,내용어,[CEFR-J B1][NGSL 1411],,,,
712,fashion,noun,A2,1413,내용어,[CEFR-J A2][NGSL 1413],,,,
713,danger,noun,A2,1414,내용어,[CEFR-J A2][NGSL 1414],,,,
714,bomb,noun,B1,1415,내용어,[CEFR-J B1][NGSL 1415],,,,
715,army,noun,B1,1416,내용어,[CEFR-J B1][NGSL 1416],,,,
716,dangerous,adjective,A2,1417,내용어,[CEFR-J A2][NGSL 1417],,,,
717,decrease,noun,B1,1418,내용어,[CEFR-J B1][NGSL 1418],,,,
718,council,noun,B1,1420,내용어,[CEFR-J B1][NGSL 1420],,,,
719,editor,noun,A2,1421,내용어,[CEFR-J A2][NGSL 1421],,,,
720,normally,adverb,B1,1422,기능어,[CEFR-J B1][NGSL 1422],,,,
721,generate,verb,B1,1424,내용어,[CEFR-J B1][NGSL 1424],,,,
722,delivery,noun,B1,1426,내용어,[CEFR-J B1][NGSL 1426],,,,
723,deny,verb,B1,1427,내용어,[CEFR-J B1][NGSL 1427],,,,
724,basically,adverb,A2,1433,기능어,[CEFR-J A2][NGSL 1433],,,,
725,violence,noun,B1,1434,내용어,[CEFR-J B1][NGSL 1434],,,,
726,mainly,adverb,A2,1436,기능어,[CEFR-J A2][NGSL 1436],,,,
727,manner,noun,A2,1439,내용어,[CEFR-J A2][NGSL 1439],,,,
728,gun,noun,A2,1440,내용어,[CEFR-J A2][NGSL 1440],,,,
729,square,adjective,A2,1441,내용어,[CEFR-J A2][NGSL 1441],,,,
730,occasion,noun,B1,1442,내용어,[CEFR-J B1][NGSL 1442],,,,
731,familiar,adjective,A2,1443,내용어,[CEFR-J A2][NGSL 1443],,,,
732,ignore,verb,B1,1444,내용어,[CEFR-J B1][NGSL 1444],,,,
733,destroy,verb,A2,1445,내용어,[CEFR-J A2][NGSL 1445],,,,
734,affair,noun,A2,1446,내용어,[CEFR-J A2][NGSL 1446],,,,
735,civil,adjective,B1,1447,내용어,[CEFR-J B1][NGSL 1447],,,,
736,locate,verb,B1,1448,내용어,[CEFR-J B1][NGSL 1448],,,,
737,citizen,noun,A2,1449,내용어,[CEFR-J A2][NGSL 1449],,,,
738,temperature,noun,A2,1450,내용어,[CEFR-J A2][NGSL 1450],,,,
739,load,noun,A2,1453,내용어,[CEFR-J A2][NGSL 1453],,,,
740,belief,noun,B1,1454,내용어,[CEFR-J B1][NGSL 1454],,,,
741,remind,verb,A2,1457,내용어,[CEFR-J A2][NGSL 1457],,,,
742,arrangement,noun,B1,1458,내용어,[CEFR-J B1][NGSL 1458],,,,
743,skin,noun,B1,1459,내용어,[CEFR-J B1][NGSL 1459],,,,
744,prison,noun,B1,1460,내용어,[CEFR-J B1][NGSL 1460],,,,
745,switch,noun,B1,1461,내용어,[CEFR-J B1][NGSL 1461],,,,
746,acquire,verb,B1,1462,내용어,[CEFR-J B1][NGSL 1462],,,,
747,fairly,adverb,A2,1464,기능어,[CEFR-J A2][NGSL 1464],,,,
748,wood,noun,A2,1465,내용어,[CEFR-J A2][NGSL 1465],,,,
749,participate,verb,B1,1466,내용어,[CEFR-J B1][NGSL 1466],,,,
750,tear,noun,A2,1468,내용어,[CEFR-J A2][NGSL 1468],,,,
751,representative,noun,B1,1469,내용어,[CEFR-J B1][NGSL 1469],,,,
752,capacity,noun,B1,1470,내용어,[CEFR-J B1][NGSL 1470],,,,
753,border,noun,B1,1471,내용어,[CEFR-J B1][NGSL 1471],,,,
754,ad,noun,B1,1476,내용어,[CEFR-J B1][NGSL 1476],,,,
755,fee,noun,A2,1477,내용어,[CEFR-J A2][NGSL 1477],,,,
756,regulation,noun,B1,1479,내용어,[CEFR-J B1][NGSL 1479],,,,
757,escape,noun,A2,1480,내용어,[CEFR-J A2][NGSL 1480],,,,
758,studio,noun,B1,1481,내용어,[CEFR-J B1][NGSL 1481],,,,
759,proper,adjective,A2,1482,내용어,[CEFR-J A2][NGSL 1482],,,,
760,relax,verb,A2,1483,내용어,[CEFR-J A2][NGSL 1483],,,,
761,tourist,noun,A2,1484,내용어,[CEFR-J A2][NGSL 1484],,,,
762,afford,verb,B1,1486,내용어,[CEFR-J B1][NGSL 1486],,,,
763,lawyer,noun,A2,1487,내용어,[CEFR-J A2][NGSL 1487],,,,
764,suspect,noun,B1,1488,내용어,[CEFR-J B1][NGSL 1488],,,,
765,description,noun,A2,1490,내용어,[CEFR-J A2][NGSL 1490],,,,
766,confidence,noun,B1,1491,내용어,[CEFR-J B1][NGSL 1491],,,,
767,industrial,adjective,B1,1492,내용어,[CEFR-J B1][NGSL 1492],,,,
768,complain,verb,A2,1493,내용어,[CEFR-J A2][NGSL 1493],,,,
769,error,noun,A2,1495,내용어,[CEFR-J A2][NGSL 1495],,,,
770,arrest,noun,B1,1496,내용어,[CEFR-J B1][NGSL 1496],,,,
771,register,noun,B1,1498,내용어,[CEFR-J B1][NGSL 1498],,,,
772,signal,noun,B1,1500,내용어,[CEFR-J B1][NGSL 1500],,,,
773,finger,noun,B1,1501,내용어,[CEFR-J B1][NGSL 1501],,,,
774,explore,verb,A2,1503,내용어,[CEFR-J A2][NGSL 1503],,,,
775,leadership,noun,B1,1504,내용어,[CEFR-J B1][NGSL 1504],,,,
776,commitment,noun,A2,1505,내용어,[CEFR-J A2][NGSL 1505],,,,
777,frame,noun,A2,1509,내용어,[CEFR-J A2][NGSL 1509],,,,
778,slowly,adverb,A2,1510,기능어,[CEFR-J A2][NGSL 1510],,,,
779,bond,noun,B1,1511,내용어,[CEFR-J B1][NGSL 1511],,,,
780,hire,verb,B1,1512,내용어,[CEFR-J B1][NGSL 1512],,,,
781,tie,noun,A2,1514,내용어,[CEFR-J A2][NGSL 1514],,,,
782,internal,adjective,B1,1515,내용어,[CEFR-J B1][NGSL 1515],,,,
783,chain,noun,A2,1516,내용어,[CEFR-J A2][NGSL 1516],,,,
784,literature,noun,B1,1517,내용어,[CEFR-J B1][NGSL 1517],,,,
785,victim,noun,B1,1518,내용어,[CEFR-J B1][NGSL 1518],,,,
786,secure,adjective,B1,1521,내용어,[CEFR-J B1][NGSL 1521],,,,
787,device,noun,B1,1523,내용어,[CEFR-J B1][NGSL 1523],,,,
788,forest,noun,A2,1525,내용어,[CEFR-J A2][NGSL 1525],,,,
789,root,noun,A2,1527,내용어,[CEFR-J A2][NGSL 1527],,,,
790,expense,noun,B1,1529,내용어,[CEFR-J B1][NGSL 1529],,,,
791,channel,noun,B1,1530,내용어,[CEFR-J B1][NGSL 1530],,,,
792,rank,noun,B1,1533,내용어,[CEFR-J B1][NGSL 1533],,,,
793,typical,adjective,B1,1534,내용어,[CEFR-J B1][NGSL 1534],,,,
794,west,adjective,A2,1535,내용어,[CEFR-J A2][NGSL 1535],,,,
795,resident,adjective,B1,1537,내용어,[CEFR-J B1][NGSL 1537],,,,
796,concentrate,verb,A2,1539,내용어,[CEFR-J A2][NGSL 1539],,,,
797,plenty,noun,A2,1540,내용어,[CEFR-J A2][NGSL 1540],,,,
798,entirely,adverb,B1,1542,기능어,[CEFR-J B1][NGSL 1542],,,,
799,strongly,adverb,A2,1543,기능어,[CEFR-J A2][NGSL 1543],,,,
800,consist,verb,A2,1545,내용어,[CEFR-J A2][NGSL 1545],,,,
801,graduate,verb,A2,1546,내용어,[CEFR-J A2][NGSL 1546],,,,
802,brand,noun,A2,1547,내용어,[CEFR-J A2][NGSL 1547],,,,
803,moral,noun,B1,1548,내용어,[CEFR-J B1][NGSL 1548],,,,
804,insist,verb,B1,1549,내용어,[CEFR-J B1][NGSL 1549],,,,
805,combination,noun,B1,1550,내용어,[CEFR-J B1][NGSL 1550],,,,
806,principal,adjective,A2,1553,내용어,[CEFR-J A2][NGSL 1553],,,,
807,definitely,adverb,B1,1555,기능어,[CEFR-J B1][NGSL 1555],,,,
808,session,noun,B1,1556,내용어,[CEFR-J B1][NGSL 1556],,,,
809,nevertheless,adverb,B1,1558,기능어,[CEFR-J B1][NGSL 1558],,,,
810,predict,verb,A2,1559,내용어,[CEFR-J A2][NGSL 1559],,,,
811,protection,noun,B1,1561,내용어,[CEFR-J B1][NGSL 1561],,,,
812,largely,adverb,B1,1562,기능어,[CEFR-J B1][NGSL 1562],,,,
813,rent,noun,A2,1564,내용어,[CEFR-J A2][NGSL 1564],,,,
814,shot,noun,A2,1565,내용어,[CEFR-J A2][NGSL 1565],,,,
815,appearance,noun,A2,1566,내용어,[CEFR-J A2][NGSL 1566],,,,
816,reasonable,adjective,B1,1567,내용어,[CEFR-J B1][NGSL 1567],,,,
817,guarantee,noun,B1,1568,내용어,[CEFR-J B1][NGSL 1568],,,,
818,till,preposition,A2,1569,기능어,[CEFR-J A2][NGSL 1569],,,,
819,approve,verb,B1,1573,내용어,[CEFR-J B1][NGSL 1573],,,,
820,definition,noun,B1,1575,내용어,[CEFR-J B1][NGSL 1575],,,,
821,atmosphere,noun,B1,1577,내용어,[CEFR-J B1][NGSL 1577],,,,
822,comparison,noun,B1,1579,내용어,[CEFR-J B1][NGSL 1579],,,,
823,characteristic,noun,B1,1580,내용어,[CEFR-J B1][NGSL 1580],,,,
824,rely,verb,B1,1582,내용어,[CEFR-J B1][NGSL 1582],,,,
825,narrow,adjective,B1,1583,내용어,[CEFR-J B1][NGSL 1583],,,,
826,succeed,verb,A2,1584,내용어,[CEFR-J A2][NGSL 1584],,,,
827,identity,noun,B1,1585,내용어,[CEFR-J B1][NGSL 1585],,,,
828,permit,verb,B1,1587,내용어,[CEFR-J B1][NGSL 1587],,,,
829,seriously,adverb,A2,1588,기능어,[CEFR-J A2][NGSL 1588],,,,
830,wild,adjective,A2,1589,내용어,[CEFR-J A2][NGSL 1589],,,,
831,empty,adjective,A2,1590,내용어,[CEFR-J A2][NGSL 1590],,,,
832,unique,adjective,B1,1592,내용어,[CEFR-J B1][NGSL 1592],,,,
833,association,noun,A2,1593,내용어,[CEFR-J A2][NGSL 1593],,,,
834,instrument,noun,A2,1594,내용어,[CEFR-J A2][NGSL 1594],,,,
835,practical,adjective,B1,1596,내용어,[CEFR-J B1][NGSL 1596],,,,
836,soft,adjective,A2,1599,내용어,[CEFR-J A2][NGSL 1599],,,,
837,youth,noun,A2,1601,내용어,[CEFR-J A2][NGSL 1601],,,,
838,lock,noun,A2,1602,내용어,[CEFR-J A2][NGSL 1602],,,,
839,fuel,noun,B1,1603,내용어,[CEFR-J B1][NGSL 1603],,,,
840,employment,noun,B1,1605,내용어,[CEFR-J B1][NGSL 1605],,,,
841,breath,noun,B1,1609,내용어,[CEFR-J B1][NGSL 1609],,,,
842,increasingly,adverb,B1,1610,기능어,[CEFR-J B1][NGSL 1610],,,,
843,ourselves,pronoun,A2,1613,기능어,[CEFR-J A2][NGSL 1613],,,,
844,sheet,noun,B1,1614,내용어,[CEFR-J B1][NGSL 1614],,,,
845,engine,noun,B1,1615,내용어,[CEFR-J B1][NGSL 1615],,,,
846,notion,noun,B1,1617,내용어,[CEFR-J B1][NGSL 1617],,,,
847,conservative,adjective,B1,1618,내용어,[CEFR-J B1][NGSL 1618],,,,
848,journey,noun,A2,1619,내용어,[CEFR-J A2][NGSL 1619],,,,
849,opposition,noun,B1,1620,내용어,[CEFR-J B1][NGSL 1620],,,,
850,debt,noun,B1,1622,내용어,[CEFR-J B1][NGSL 1622],,,,
851,blame,verb,A2,1625,내용어,[CEFR-J A2][NGSL 1625],,,,
852,explanation,noun,A2,1626,내용어,[CEFR-J A2][NGSL 1626],,,,
853,arise,verb,B1,1627,내용어,[CEFR-J B1][NGSL 1627],,,,
854,musical,adjective,A2,1628,내용어,[CEFR-J A2][NGSL 1628],,,,
855,recover,verb,B1,1629,내용어,[CEFR-J B1][NGSL 1629],,,,
856,stretch,verb,B1,1631,내용어,[CEFR-J B1][NGSL 1631],,,,
857,declare,verb,B1,1632,내용어,[CEFR-J B1][NGSL 1632],,,,
858,retire,verb,A2,1633,내용어,[CEFR-J A2][NGSL 1633],,,,
859,tiny,adjective,B1,1634,내용어,[CEFR-J B1][NGSL 1634],,,,
860,suitable,adjective,A2,1636,내용어,[CEFR-J A2][NGSL 1636],,,,
861,native,adjective,A2,1637,내용어,[CEFR-J A2][NGSL 1637],,,,
862,witness,verb,B1,1640,내용어,[CEFR-J B1][NGSL 1640],,,,
863,researcher,noun,B1,1643,내용어,[CEFR-J B1][NGSL 1643],,,,
864,ordinary,adjective,B1,1644,내용어,[CEFR-J B1][NGSL 1644],,,,
865,selection,noun,B1,1645,내용어,[CEFR-J B1][NGSL 1645],,,,
866,anywhere,adverb,A2,1646,기능어,[CEFR-J A2][NGSL 1646],,,,
867,mental,adjective,B1,1647,내용어,[CEFR-J B1][NGSL 1647],,,,
868,participant,noun,B1,1648,내용어,[CEFR-J B1][NGSL 1648],,,,
869,vision,noun,B1,1649,내용어,[CEFR-J B1][NGSL 1649],,,,
870,personality,noun,A2,1650,내용어,[CEFR-J A2][NGSL 1650],,,,
871,entry,noun,B1,1653,내용어,[CEFR-J B1][NGSL 1653],,,,
872,fellow,noun,B1,1654,내용어,[CEFR-J B1][NGSL 1654],,,,
873,chemical,adjective,A2,1655,내용어,[CEFR-J A2][NGSL 1655],,,,
874,capture,noun,B1,1656,내용어,[CEFR-J B1][NGSL 1656],,,,
875,tip,noun,A2,1657,내용어,[CEFR-J A2][NGSL 1657],,,,
876,discount,noun,B1,1658,내용어,[CEFR-J B1][NGSL 1658],,,,
877,chairman,noun,A2,1660,내용어,[CEFR-J A2][NGSL 1660],,,,
878,proportion,noun,B1,1661,내용어,[CEFR-J B1][NGSL 1661],,,,
879,disappear,verb,A2,1663,내용어,[CEFR-J A2][NGSL 1663],,,,
880,shout,noun,A2,1664,내용어,[CEFR-J A2][NGSL 1664],,,,
881,considerable,adjective,B1,1669,내용어,[CEFR-J B1][NGSL 1669],,,,
882,instruction,noun,B1,1670,내용어,[CEFR-J B1][NGSL 1670],,,,
883,intelligence,noun,A2,1671,내용어,[CEFR-J A2][NGSL 1671],,,,
884,folk,noun,B1,1673,내용어,[CEFR-J B1][NGSL 1673],,,,
885,surely,adverb,B1,1674,기능어,[CEFR-J B1][NGSL 1674],,,,
886,guard,noun,A2,1675,내용어,[CEFR-J A2][NGSL 1675],,,,
887,presentation,noun,B1,1679,내용어,[CEFR-J B1][NGSL 1679],,,,
888,joint,adjective,B1,1680,내용어,[CEFR-J B1][NGSL 1680],,,,
889,compete,verb,B1,1681,내용어,[CEFR-J B1][NGSL 1681],,,,
890,weak,adjective,A2,1683,내용어,[CEFR-J A2][NGSL 1683],,,,
891,reduction,noun,B1,1685,내용어,[CEFR-J B1][NGSL 1685],,,,
892,reserve,noun,B1,1686,내용어,[CEFR-J B1][NGSL 1686],,,,
893,complaint,noun,A2,1687,내용어,[CEFR-J A2][NGSL 1687],,,,
894,bore,verb,B1,1688,내용어,[CEFR-J B1][NGSL 1688],,,,
895,mission,noun,B1,1689,내용어,[CEFR-J B1][NGSL 1689],,,,
896,somehow,adverb,B1,1690,기능어,[CEFR-J B1][NGSL 1690],,,,
897,tone,noun,A2,1691,내용어,[CEFR-J A2][NGSL 1691],,,,
898,passenger,noun,A2,1693,내용어,[CEFR-J A2][NGSL 1693],,,,
899,justice,noun,B1,1694,내용어,[CEFR-J B1][NGSL 1694],,,,
900,rush,noun,A2,1697,내용어,[CEFR-J A2][NGSL 1697],,,,
901,formal,adjective,B1,1698,내용어,[CEFR-J B1][NGSL 1698],,,,
902,religion,noun,B1,1699,내용어,[CEFR-J B1][NGSL 1699],,,,
903,reject,verb,B1,1701,내용어,[CEFR-J B1][NGSL 1701],,,,
904,latter,adverb,A2,1702,기능어,[CEFR-J A2][NGSL 1702],,,,
905,plate,noun,A2,1703,내용어,[CEFR-J A2][NGSL 1703],,,,
906,steal,verb,A2,1705,내용어,[CEFR-J A2][NGSL 1705],,,,
907,protest,noun,B1,1706,내용어,[CEFR-J B1][NGSL 1706],,,,
908,frequently,adverb,B1,1709,기능어,[CEFR-J B1][NGSL 1709],,,,
909,helpful,adjective,A2,1711,내용어,[CEFR-J A2][NGSL 1711],,,,
910,command,noun,B1,1712,내용어,[CEFR-J B1][NGSL 1712],,,,
911,attractive,adjective,A2,1713,내용어,[CEFR-J A2][NGSL 1713],,,,
912,impression,noun,B1,1715,내용어,[CEFR-J B1][NGSL 1715],,,,
913,unable,adjective,B1,1716,내용어,[CEFR-J B1][NGSL 1716],,,,
914,joke,noun,A2,1717,내용어,[CEFR-J A2][NGSL 1717],,,,
915,column,noun,A2,1719,내용어,[CEFR-J A2][NGSL 1719],,,,
916,electronic,adjective,B1,1720,내용어,[CEFR-J B1][NGSL 1720],,,,
917,criminal,noun,B1,1722,내용어,[CEFR-J B1][NGSL 1722],,,,
918,besides,adverb,A2,1723,기능어,[CEFR-J A2][NGSL 1723],,,,
919,properly,adverb,B1,1724,기능어,[CEFR-J B1][NGSL 1724],,,,
920,ancient,adjective,A2,1725,내용어,[CEFR-J A2][NGSL 1725],,,,
921,coast,noun,A2,1726,내용어,[CEFR-J A2][NGSL 1726],,,,
922,ill,adjective,A2,1727,내용어,[CEFR-J A2][NGSL 1727],,,,
923,closely,adverb,B1,1729,기능어,[CEFR-J B1][NGSL 1729],,,,
924,via,preposition,B1,1732,기능어,[CEFR-J B1][NGSL 1732],,,,
925,county,noun,B1,1734,내용어,[CEFR-J B1][NGSL 1734],,,,
926,unlike,adjective,A2,1735,내용어,[CEFR-J A2][NGSL 1735],,,,
927,assistant,adjective,A2,1737,내용어,[CEFR-J A2][NGSL 1737],,,,
928,chart,noun,A2,1739,내용어,[CEFR-J A2][NGSL 1739],,,,
929,attach,verb,B1,1740,내용어,[CEFR-J B1][NGSL 1740],,,,
930,advise,verb,A2,1743,내용어,[CEFR-J A2][NGSL 1743],,,,
931,household,noun,B1,1744,내용어,[CEFR-J B1][NGSL 1744],,,,
932,acknowledge,verb,B1,1745,내용어,[CEFR-J B1][NGSL 1745],,,,
933,reward,noun,B1,1746,내용어,[CEFR-J B1][NGSL 1746],,,,
934,east,adjective,A2,1747,내용어,[CEFR-J A2][NGSL 1747],,,,
935,academic,adjective,B1,1749,내용어,[CEFR-J B1][NGSL 1749],,,,
936,meanwhile,adverb,B1,1751,기능어,[CEFR-J B1][NGSL 1751],,,,
937,furthermore,adverb,B1,1752,기능어,[CEFR-J B1][NGSL 1752],,,,
938,accuse,verb,B1,1753,내용어,[CEFR-J B1][NGSL 1753],,,,
939,scientific,adjective,A2,1754,내용어,[CEFR-J A2][NGSL 1754],,,,
940,absence,noun,B1,1756,내용어,[CEFR-J B1][NGSL 1756],,,,
941,construct,verb,B1,1757,내용어,[CEFR-J B1][NGSL 1757],,,,
942,remark,verb,B1,1758,내용어,[CEFR-J B1][NGSL 1758],,,,
943,professor,noun,B1,1760,내용어,[CEFR-J B1][NGSL 1760],,,,
944,rare,adjective,B1,1761,내용어,[CEFR-J B1][NGSL 1761],,,,
945,intention,noun,B1,1762,내용어,[CEFR-J B1][NGSL 1762],,,,
946,dozen,determiner,B1,1763,기능어,[CEFR-J B1][NGSL 1763],,,,
947,settlement,noun,B1,1764,내용어,[CEFR-J B1][NGSL 1764],,,,
948,gap,noun,B1,1765,내용어,[CEFR-J B1][NGSL 1765],,,,
949,widely,adverb,A2,1766,기능어,[CEFR-J A2][NGSL 1766],,,,
950,minimum,adjective,B1,1767,내용어,[CEFR-J B1][NGSL 1767],,,,
951,northern,adjective,B1,1768,내용어,[CEFR-J B1][NGSL 1768],,,,
952,equally,adverb,B1,1770,기능어,[CEFR-J B1][NGSL 1770],,,,
953,expose,verb,B1,1771,내용어,[CEFR-J B1][NGSL 1771],,,,
954,alive,adjective,A2,1772,내용어,[CEFR-J A2][NGSL 1772],,,,
955,shut,verb,A2,1773,내용어,[CEFR-J A2][NGSL 1773],,,,
956,victory,noun,B1,1774,내용어,[CEFR-J B1][NGSL 1774],,,,
957,resolve,verb,B1,1775,내용어,[CEFR-J B1][NGSL 1775],,,,
958,critic,noun,B1,1776,내용어,[CEFR-J B1][NGSL 1776],,,,
959,enormous,adjective,A2,1778,내용어,[CEFR-J A2][NGSL 1778],,,,
960,permanent,adjective,B1,1780,내용어,[CEFR-J B1][NGSL 1780],,,,
961,emotion,noun,B1,1781,내용어,[CEFR-J B1][NGSL 1781],,,,
962,pursue,verb,A2,1782,내용어,[CEFR-J A2][NGSL 1782],,,,
963,urge,noun,B1,1784,내용어,[CEFR-J B1][NGSL 1784],,,,
964,enemy,noun,B1,1785,내용어,[CEFR-J B1][NGSL 1785],,,,
965,appoint,verb,B1,1786,내용어,[CEFR-J B1][NGSL 1786],,,,
966,talent,noun,A2,1788,내용어,[CEFR-J A2][NGSL 1788],,,,
967,online,adjective,A2,1792,내용어,[CEFR-J A2][NGSL 1792],,,,
968,phrase,noun,B1,1793,내용어,[CEFR-J B1][NGSL 1793],,,,
969,pilot,noun,A2,1794,내용어,[CEFR-J A2][NGSL 1794],,,,
970,stable,adjective,B1,1795,내용어,[CEFR-J B1][NGSL 1795],,,,
971,merely,adverb,B1,1796,기능어,[CEFR-J B1][NGSL 1796],,,,
972,communicate,verb,A2,1798,내용어,[CEFR-J A2][NGSL 1798],,,,
973,injury,noun,B1,1799,내용어,[CEFR-J B1][NGSL 1799],,,,
974,vast,adjective,B1,1800,내용어,[CEFR-J B1][NGSL 1800],,,,
975,exhibition,noun,A2,1801,내용어,[CEFR-J A2][NGSL 1801],,,,
976,producer,noun,B1,1802,내용어,[CEFR-J B1][NGSL 1802],,,,
977,regional,adjective,B1,1803,내용어,[CEFR-J B1][NGSL 1803],,,,
978,immediate,adjective,B1,1804,내용어,[CEFR-J B1][NGSL 1804],,,,
979,incident,noun,B1,1805,내용어,[CEFR-J B1][NGSL 1805],,,,
980,childhood,noun,A2,1806,내용어,[CEFR-J A2][NGSL 1806],,,,
981,slip,noun,B1,1808,내용어,[CEFR-J B1][NGSL 1808],,,,
982,accompany,verb,B1,1809,내용어,[CEFR-J B1][NGSL 1809],,,,
983,politician,noun,B1,1810,내용어,[CEFR-J B1][NGSL 1810],,,,
984,knock,noun,A2,1812,내용어,[CEFR-J A2][NGSL 1812],,,,
985,seed,noun,A2,1813,내용어,[CEFR-J A2][NGSL 1813],,,,
986,temporary,adjective,B1,1818,내용어,[CEFR-J B1][NGSL 1818],,,,
987,lake,noun,A2,1820,내용어,[CEFR-J A2][NGSL 1820],,,,
988,qualify,verb,B1,1821,내용어,[CEFR-J B1][NGSL 1821],,,,
989,competitive,adjective,B1,1822,내용어,[CEFR-J B1][NGSL 1822],,,,
990,truly,adverb,A2,1823,기능어,[CEFR-J A2][NGSL 1823],,,,
991,emotional,adjective,B1,1829,내용어,[CEFR-J B1][NGSL 1829],,,,
992,metal,noun,A2,1832,내용어,[CEFR-J A2][NGSL 1832],,,,
993,existence,noun,B1,1833,내용어,[CEFR-J B1][NGSL 1833],,,,
994,appointment,noun,A2,1837,내용어,[CEFR-J A2][NGSL 1837],,,,
995,maximum,adjective,B1,1839,내용어,[CEFR-J B1][NGSL 1839],,,,
996,elsewhere,adverb,A2,1841,기능어,[CEFR-J A2][NGSL 1841],,,,
997,bother,verb,A2,1842,내용어,[CEFR-J A2][NGSL 1842],,,,
998,sharp,adjective,B1,1844,내용어,[CEFR-J B1][NGSL 1844],,,,
999,diet,noun,A2,1845,내용어,[CEFR-J A2][NGSL 1845],,,,
1000,plastic,adjective,A2,1848,내용어,[CEFR-J A2][NGSL 1848],,,,
1001,complicate,verb,B1,1849,내용어,[CEFR-J B1][NGSL 1849],,,,
1002,disappoint,verb,B1,1851,내용어,[CEFR-J B1][NGSL 1851],,,,
1003,boss,noun,A2,1852,내용어,[CEFR-J A2][NGSL 1852],,,,
1004,freeze,verb,A2,1854,내용어,[CEFR-J A2][NGSL 1854],,,,
1005,extreme,adjective,B1,1855,내용어,[CEFR-J B1][NGSL 1855],,,,
1006,passage,noun,A2,1856,내용어,[CEFR-J A2][NGSL 1856],,,,
1007,reputation,noun,B1,1857,내용어,[CEFR-J B1][NGSL 1857],,,,
1008,forth,adverb,B1,1858,기능어,[CEFR-J B1][NGSL 1858],,,,
1009,negotiation,noun,B1,1859,내용어,[CEFR-J B1][NGSL 1859],,,,
1010,democracy,noun,B1,1862,내용어,[CEFR-J B1][NGSL 1862],,,,
1011,crash,noun,B1,1865,내용어,[CEFR-J B1][NGSL 1865],,,,
1012,observation,noun,B1,1866,내용어,[CEFR-J B1][NGSL 1866],,,,
1013,concentration,noun,B1,1868,내용어,[CEFR-J B1][NGSL 1868],,,,
1014,deserve,verb,B1,1870,내용어,[CEFR-J B1][NGSL 1870],,,,
1015,unusual,adjective,A2,1871,내용어,[CEFR-J A2][NGSL 1871],,,,
1016,defend,verb,B1,1872,내용어,[CEFR-J B1][NGSL 1872],,,,
1017,classic,adjective,A2,1873,내용어,[CEFR-J A2][NGSL 1873],,,,
1018,interaction,noun,B1,1875,내용어,[CEFR-J B1][NGSL 1875],,,,
1019,repair,noun,A2,1876,내용어,[CEFR-J A2][NGSL 1876],,,,
1020,collapse,noun,B1,1877,내용어,[CEFR-J B1][NGSL 1877],,,,
1021,abroad,adverb,A2,1881,기능어,[CEFR-J A2][NGSL 1881],,,,
1022,soul,noun,B1,1882,내용어,[CEFR-J B1][NGSL 1882],,,,
1023,capable,adjective,B1,1883,내용어,[CEFR-J B1][NGSL 1883],,,,
1024,defeat,verb,B1,1884,내용어,[CEFR-J B1][NGSL 1884],,,,
1025,perfectly,adverb,A2,1886,기능어,[CEFR-J A2][NGSL 1886],,,,
1026,proud,adjective,B1,1888,내용어,[CEFR-J B1][NGSL 1888],,,,
1027,emergency,noun,A2,1889,내용어,[CEFR-J A2][NGSL 1889],,,,
1028,educational,adjective,A2,1890,내용어,[CEFR-J A2][NGSL 1890],,,,
1029,distinguish,verb,B1,1891,내용어,[CEFR-J B1][NGSL 1891],,,,
1030,substantial,adjective,B1,1892,내용어,[CEFR-J B1][NGSL 1892],,,,
1031,nearby,adjective,B1,1893,내용어,[CEFR-J B1][NGSL 1893],,,,
1032,slide,noun,A2,1895,내용어,[CEFR-J A2][NGSL 1895],,,,
1033,valuable,adjective,B1,1896,내용어,[CEFR-J B1][NGSL 1896],,,,
1034,personally,adverb,B1,1897,기능어,[CEFR-J B1][NGSL 1897],,,,
1035,breast,noun,B1,1898,내용어,[CEFR-J B1][NGSL 1898],,,,
1036,approximately,adverb,B1,1900,기능어,[CEFR-J B1][NGSL 1900],,,,
1037,highlight,verb,B1,1902,내용어,[CEFR-J B1][NGSL 1902],,,,
1038,climate,noun,B1,1904,내용어,[CEFR-J B1][NGSL 1904],,,,
1039,winner,noun,A2,1909,내용어,[CEFR-J A2][NGSL 1909],,,,
1040,encounter,noun,B1,1910,내용어,[CEFR-J B1][NGSL 1910],,,,
1041,partly,adverb,A2,1914,기능어,[CEFR-J A2][NGSL 1914],,,,
1042,confuse,verb,A2,1917,내용어,[CEFR-J A2][NGSL 1917],,,,
1043,southern,adjective,B1,1918,내용어,[CEFR-J B1][NGSL 1918],,,,
1044,beauty,noun,A2,1920,내용어,[CEFR-J A2][NGSL 1920],,,,
1045,massive,adjective,B1,1921,내용어,[CEFR-J B1][NGSL 1921],,,,
1046,calculate,verb,B1,1923,내용어,[CEFR-J B1][NGSL 1923],,,,
1047,mathematics,noun,B1,1925,내용어,[CEFR-J B1][NGSL 1925],,,,
1048,upper,adjective,B1,1926,내용어,[CEFR-J B1][NGSL 1926],,,,
1049,occupy,verb,B1,1928,내용어,[CEFR-J B1][NGSL 1928],,,,
1050,outline,verb,B1,1929,내용어,[CEFR-J B1][NGSL 1929],,,,
1051,sufficient,adjective,B1,1930,내용어,[CEFR-J B1][NGSL 1930],,,,
1052,update,verb,B1,1931,내용어,[CEFR-J B1][NGSL 1931],,,,
1053,preserve,verb,B1,1933,내용어,[CEFR-J B1][NGSL 1933],,,,
1054,split,adjective,A2,1934,내용어,[CEFR-J A2][NGSL 1934],,,,
1055,illness,noun,B1,1936,내용어,[CEFR-J B1][NGSL 1936],,,,
1056,journalist,noun,B1,1937,내용어,[CEFR-J B1][NGSL 1937],,,,
1057,sudden,adjective,A2,1938,내용어,[CEFR-J A2][NGSL 1938],,,,
1058,advertisement,noun,A2,1939,내용어,[CEFR-J A2][NGSL 1939],,,,
1059,aside,adverb,B1,1942,기능어,[CEFR-J B1][NGSL 1942],,,,
1060,comfort,noun,B1,1943,내용어,[CEFR-J B1][NGSL 1943],,,,
1061,severe,adjective,B1,1945,내용어,[CEFR-J B1][NGSL 1945],,,,
1062,gene,noun,B1,1946,내용어,[CEFR-J B1][NGSL 1946],,,,
1063,primarily,adverb,B1,1952,기능어,[CEFR-J B1][NGSL 1952],,,,
1064,bet,verb,B1,1956,내용어,[CEFR-J B1][NGSL 1956],,,,
1065,retain,verb,B1,1957,내용어,[CEFR-J B1][NGSL 1957],,,,
1066,sequence,noun,B1,1958,내용어,[CEFR-J B1][NGSL 1958],,,,
1067,plain,adjective,B1,1959,내용어,[CEFR-J B1][NGSL 1959],,,,
1068,volunteer,verb,B1,1960,내용어,[CEFR-J B1][NGSL 1960],,,,
1069,calm,adjective,B1,1962,내용어,[CEFR-J B1][NGSL 1962],,,,
1070,abandon,verb,B1,1963,내용어,[CEFR-J B1][NGSL 1963],,,,
1071,examination,noun,B1,1964,내용어,[CEFR-J B1][NGSL 1964],,,,
1072,silence,noun,A2,1965,내용어,[CEFR-J A2][NGSL 1965],,,,
1073,rapidly,adverb,B1,1966,기능어,[CEFR-J B1][NGSL 1966],,,,
1074,efficient,adjective,B1,1967,내용어,[CEFR-J B1][NGSL 1967],,,,
1075,delight,noun,B1,1969,내용어,[CEFR-J B1][NGSL 1969],,,,
1076,lean,adjective,B1,1972,내용어,[CEFR-J B1][NGSL 1972],,,,
1077,dramatic,adjective,B1,1973,내용어,[CEFR-J B1][NGSL 1973],,,,
1078,differ,verb,B1,1974,내용어,[CEFR-J B1][NGSL 1974],,,,
1079,grateful,adjective,A2,1975,내용어,[CEFR-J A2][NGSL 1975],,,,
1080,distribute,verb,B1,1978,내용어,[CEFR-J B1][NGSL 1978],,,,
1081,derive,verb,B1,1980,내용어,[CEFR-J B1][NGSL 1980],,,,
1082,unemployment,noun,B1,1982,내용어,[CEFR-J B1][NGSL 1982],,,,
1083,crop,noun,B1,1984,내용어,[CEFR-J B1][NGSL 1984],,,,
1084,minority,noun,B1,1985,내용어,[CEFR-J B1][NGSL 1985],,,,
1085,origin,noun,B1,1986,내용어,[CEFR-J B1][NGSL 1986],,,,
1086,gentleman,noun,B1,1988,내용어,[CEFR-J B1][NGSL 1988],,,,
1087,landscape,noun,A2,1990,내용어,[CEFR-J A2][NGSL 1990],,,,
1088,educate,verb,B1,1991,내용어,[CEFR-J B1][NGSL 1991],,,,
1089,fault,noun,A2,1993,내용어,[CEFR-J A2][NGSL 1993],,,,
1090,minor,adjective,B1,1995,내용어,[CEFR-J B1][NGSL 1995],,,,
1091,hunt,noun,B1,1996,내용어,[CEFR-J B1][NGSL 1996],,,,
1092,storm,noun,A2,1997,내용어,[CEFR-J A2][NGSL 1997],,,,
1093,achievement,noun,B1,1999,내용어,[CEFR-J B1][NGSL 1999],,,,
1094,negotiate,verb,B1,2000,내용어,[CEFR-J B1][NGSL 2000],,,,
1095,prize,noun,B1,2003,내용어,[CEFR-J B1][NGSL 2003],,,,
1096,typically,adverb,B1,2004,기능어,[CEFR-J B1][NGSL 2004],,,,
1097,wing,noun,B1,2007,내용어,[CEFR-J B1][NGSL 2007],,,,
1098,laughter,noun,B1,2009,내용어,[CEFR-J B1][NGSL 2009],,,,
1099,deeply,adverb,A2,2010,기능어,[CEFR-J A2][NGSL 2010],,,,
1100,electricity,noun,B1,2012,내용어,[CEFR-J B1][NGSL 2012],,,,
1101,assistance,noun,B1,2013,내용어,[CEFR-J B1][NGSL 2013],,,,
1102,roof,noun,A2,2014,내용어,[CEFR-J A2][NGSL 2014],,,,
1103,proof,noun,B1,2019,내용어,[CEFR-J B1][NGSL 2019],,,,
1104,soil,verb,B1,2020,내용어,[CEFR-J B1][NGSL 2020],,,,
1105,layer,noun,B1,2022,내용어,[CEFR-J B1][NGSL 2022],,,,
1106,upset,adjective,A2,2023,내용어,[CEFR-J A2][NGSL 2023],,,,
1107,preparation,noun,B1,2026,내용어,[CEFR-J B1][NGSL 2026],,,,
1108,agenda,noun,B1,2028,내용어,[CEFR-J B1][NGSL 2028],,,,
1109,emphasis,noun,B1,2029,내용어,[CEFR-J B1][NGSL 2029],,,,
1110,edition,noun,B1,2030,내용어,[CEFR-J B1][NGSL 2030],,,,
1111,silver,adjective,A2,2031,내용어,[CEFR-J A2][NGSL 2031],,,,
1112,entertainment,noun,A2,2032,내용어,[CEFR-J A2][NGSL 2032],,,,
1113,honest,adjective,B1,2033,내용어,[CEFR-J B1][NGSL 2033],,,,
1114,retail,noun,B1,2035,내용어,[CEFR-J B1][NGSL 2035],,,,
1115,wire,noun,B1,2036,내용어,[CEFR-J B1][NGSL 2036],,,,
1116,unlikely,adjective,B1,2037,내용어,[CEFR-J B1][NGSL 2037],,,,
1117,gay,adjective,B1,2038,내용어,[CEFR-J B1][NGSL 2038],,,,
1118,slight,noun,B1,2040,내용어,[CEFR-J B1][NGSL 2040],,,,
1119,unknown,adjective,A2,2041,내용어,[CEFR-J A2][NGSL 2041],,,,
1120,zone,noun,A2,2043,내용어,[CEFR-J A2][NGSL 2043],,,,
1121,restrict,verb,B1,2044,내용어,[CEFR-J B1][NGSL 2044],,,,
1122,trace,noun,B1,2045,내용어,[CEFR-J B1][NGSL 2045],,,,
1123,inch,noun,A2,2046,내용어,[CEFR-J A2][NGSL 2046],,,,
1124,solid,adjective,B1,2048,내용어,[CEFR-J B1][NGSL 2048],,,,
1125,elderly,adjective,A2,2050,내용어,[CEFR-J A2][NGSL 2050],,,,
1126,owe,verb,B1,2051,내용어,[CEFR-J B1][NGSL 2051],,,,
1127,governor,noun,B1,2052,내용어,[CEFR-J B1][NGSL 2052],,,,
1128,uniform,adjective,A2,2053,내용어,[CEFR-J A2][NGSL 2053],,,,
1129,port,noun,B1,2054,내용어,[CEFR-J B1][NGSL 2054],,,,
1130,arrival,noun,B1,2056,내용어,[CEFR-J B1][NGSL 2056],,,,
1131,gate,noun,A2,2058,내용어,[CEFR-J A2][NGSL 2058],,,,
1132,beer,noun,A2,2060,내용어,[CEFR-J A2][NGSL 2060],,,,
1133,specialist,noun,B1,2061,내용어,[CEFR-J B1][NGSL 2061],,,,
1134,mood,noun,A2,2064,내용어,[CEFR-J A2][NGSL 2064],,,,
1135,episode,noun,A2,2065,내용어,[CEFR-J A2][NGSL 2065],,,,
1136,numerous,adjective,B1,2067,내용어,[CEFR-J B1][NGSL 2067],,,,
1137,symptom,noun,B1,2069,내용어,[CEFR-J B1][NGSL 2069],,,,
1138,era,noun,B1,2071,내용어,[CEFR-J B1][NGSL 2071],,,,
1139,tension,noun,B1,2073,내용어,[CEFR-J B1][NGSL 2073],,,,
1140,nervous,adjective,A2,2076,내용어,[CEFR-J A2][NGSL 2076],,,,
1141,prisoner,noun,B1,2079,내용어,[CEFR-J B1][NGSL 2079],,,,
1142,eliminate,verb,B1,2080,내용어,[CEFR-J B1][NGSL 2080],,,,
1143,wet,adjective,A2,2082,내용어,[CEFR-J A2][NGSL 2082],,,,
1144,string,noun,A2,2087,내용어,[CEFR-J A2][NGSL 2087],,,,
1145,persuade,verb,B1,2089,내용어,[CEFR-J B1][NGSL 2089],,,,
1146,inspire,verb,B1,2090,내용어,[CEFR-J B1][NGSL 2090],,,,
1147,phenomenon,noun,B1,2094,내용어,[CEFR-J B1][NGSL 2094],,,,
1148,pupil,noun,B1,2095,내용어,[CEFR-J B1][NGSL 2095],,,,
1149,assist,verb,B1,2097,내용어,[CEFR-J B1][NGSL 2097],,,,
1150,restore,verb,B1,2098,내용어,[CEFR-J B1][NGSL 2098],,,,
1151,formula,noun,B1,2099,내용어,[CEFR-J B1][NGSL 2099],,,,
1152,routine,noun,B1,2102,내용어,[CEFR-J B1][NGSL 2102],,,,
1153,sink,noun,A2,2103,내용어,[CEFR-J A2][NGSL 2103],,,,
1154,stare,verb,B1,2104,내용어,[CEFR-J B1][NGSL 2104],,,,
1155,anymore,adverb,A2,2105,기능어,[CEFR-J A2][NGSL 2105],,,,
1156,hero,noun,A2,2106,내용어,[CEFR-J A2][NGSL 2106],,,,
1157,supporter,noun,B1,2107,내용어,[CEFR-J B1][NGSL 2107],,,,
1158,steady,adjective,B1,2109,내용어,[CEFR-J B1][NGSL 2109],,,,
1159,disaster,noun,B1,2115,내용어,[CEFR-J B1][NGSL 2115],,,,
1160,pace,noun,B1,2116,내용어,[CEFR-J B1][NGSL 2116],,,,
1161,heavily,adverb,A2,2117,기능어,[CEFR-J A2][NGSL 2117],,,,
1162,terrorist,adjective,A2,2119,내용어,[CEFR-J A2][NGSL 2119],,,,
1163,fascinate,verb,B1,2122,내용어,[CEFR-J B1][NGSL 2122],,,,
1164,whenever,adverb,B1,2125,기능어,[CEFR-J B1][NGSL 2125],,,,
1165,depression,noun,B1,2126,내용어,[CEFR-J B1][NGSL 2126],,,,
1166,guilty,adjective,B1,2127,내용어,[CEFR-J B1][NGSL 2127],,,,
1167,distinction,noun,B1,2130,내용어,[CEFR-J B1][NGSL 2130],,,,
1168,satisfaction,noun,B1,2131,내용어,[CEFR-J B1][NGSL 2131],,,,
1169,pour,verb,A2,2133,내용어,[CEFR-J A2][NGSL 2133],,,,
1170,anger,noun,B1,2138,내용어,[CEFR-J B1][NGSL 2138],,,,
1171,pub,noun,B1,2139,내용어,[CEFR-J B1][NGSL 2139],,,,
1172,naturally,adverb,B1,2141,기능어,[CEFR-J B1][NGSL 2141],,,,
1173,currency,noun,B1,2142,내용어,[CEFR-J B1][NGSL 2142],,,,
1174,initially,adverb,B1,2144,기능어,[CEFR-J B1][NGSL 2144],,,,
1175,stream,noun,B1,2146,내용어,[CEFR-J B1][NGSL 2146],,,,
1176,rarely,adverb,B1,2147,기능어,[CEFR-J B1][NGSL 2147],,,,
1177,height,noun,B1,2148,내용어,[CEFR-J B1][NGSL 2148],,,,
1178,apparent,adjective,B1,2149,내용어,[CEFR-J B1][NGSL 2149],,,,
1179,constantly,adverb,B1,2152,기능어,[CEFR-J B1][NGSL 2152],,,,
1180,muscle,noun,B1,2153,내용어,[CEFR-J B1][NGSL 2153],,,,
1181,scare,verb,B1,2154,내용어,[CEFR-J B1][NGSL 2154],,,,
1182,badly,adverb,A2,2155,기능어,[CEFR-J A2][NGSL 2155],,,,
1183,essay,noun,A2,2159,내용어,[CEFR-J A2][NGSL 2159],,,,
1184,scream,noun,A2,2160,내용어,[CEFR-J A2][NGSL 2160],,,,
1185,furniture,noun,A2,2164,내용어,[CEFR-J A2][NGSL 2164],,,,
1186,symbol,noun,A2,2165,내용어,[CEFR-J A2][NGSL 2165],,,,
1187,apartment,noun,A2,2166,내용어,[CEFR-J A2][NGSL 2166],,,,
1188,demonstration,noun,B1,2167,내용어,[CEFR-J B1][NGSL 2167],,,,
1189,platform,noun,B1,2169,내용어,[CEFR-J B1][NGSL 2169],,,,
1190,steel,noun,B1,2170,내용어,[CEFR-J B1][NGSL 2170],,,,
1191,transform,verb,B1,2172,내용어,[CEFR-J B1][NGSL 2172],,,,
1192,wound,noun,B1,2173,내용어,[CEFR-J B1][NGSL 2173],,,,
1193,foundation,noun,B1,2175,내용어,[CEFR-J B1][NGSL 2175],,,,
1194,designer,noun,B1,2176,내용어,[CEFR-J B1][NGSL 2176],,,,
1195,strain,noun,B1,2177,내용어,[CEFR-J B1][NGSL 2177],,,,
1196,trail,noun,B1,2181,내용어,[CEFR-J B1][NGSL 2181],,,,
1197,trap,noun,A2,2182,내용어,[CEFR-J A2][NGSL 2182],,,,
1198,loose,adjective,A2,2183,내용어,[CEFR-J A2][NGSL 2183],,,,
1199,wealth,noun,A2,2185,내용어,[CEFR-J A2][NGSL 2185],,,,
1200,gradually,adverb,A2,2186,기능어,[CEFR-J A2][NGSL 2186],,,,
1201,tank,noun,B1,2187,내용어,[CEFR-J B1][NGSL 2187],,,,
1202,remarkable,adjective,B1,2189,내용어,[CEFR-J B1][NGSL 2189],,,,
1203,tune,noun,A2,2190,내용어,[CEFR-J A2][NGSL 2190],,,,
1204,invitation,noun,B1,2192,내용어,[CEFR-J B1][NGSL 2192],,,,
1205,frighten,verb,A2,2194,내용어,[CEFR-J A2][NGSL 2194],,,,
1206,breed,verb,B1,2196,내용어,[CEFR-J B1][NGSL 2196],,,,
1207,extraordinary,adjective,B1,2197,내용어,[CEFR-J B1][NGSL 2197],,,,
1208,brilliant,adjective,A2,2198,내용어,[CEFR-J A2][NGSL 2198],,,,
1209,stem,verb,B1,2200,내용어,[CEFR-J B1][NGSL 2200],,,,
1210,mirror,noun,A2,2203,내용어,[CEFR-J A2][NGSL 2203],,,,
1211,awful,adjective,A2,2204,내용어,[CEFR-J A2][NGSL 2204],,,,
1212,adjust,verb,A2,2206,내용어,[CEFR-J A2][NGSL 2206],,,,
1213,creative,adjective,A2,2207,내용어,[CEFR-J A2][NGSL 2207],,,,
1214,nowadays,adverb,A2,2208,기능어,[CEFR-J A2][NGSL 2208],,,,
1215,agricultural,adjective,B1,2210,내용어,[CEFR-J B1][NGSL 2210],,,,
1216,competitor,noun,B1,2211,내용어,[CEFR-J B1][NGSL 2211],,,,
1217,alcohol,noun,B1,2212,내용어,[CEFR-J B1][NGSL 2212],,,,
1218,van,noun,B1,2215,내용어,[CEFR-J B1][NGSL 2215],,,,
1219,confident,adjective,A2,2216,내용어,[CEFR-J A2][NGSL 2216],,,,
1220,planet,noun,A2,2217,내용어,[CEFR-J A2][NGSL 2217],,,,
1221,curve,noun,B1,2218,내용어,[CEFR-J B1][NGSL 2218],,,,
1222,overcome,verb,B1,2220,내용어,[CEFR-J B1][NGSL 2220],,,,
1223,web,noun,A2,2221,내용어,[CEFR-J A2][NGSL 2221],,,,
1224,depth,noun,B1,2222,내용어,[CEFR-J B1][NGSL 2222],,,,
1225,entrance,noun,A2,2223,내용어,[CEFR-J A2][NGSL 2223],,,,
1226,log,noun,B1,2224,내용어,[CEFR-J B1][NGSL 2224],,,,
1227,giant,adjective,B1,2225,내용어,[CEFR-J B1][NGSL 2225],,,,
1228,independence,noun,A2,2231,내용어,[CEFR-J A2][NGSL 2231],,,,
1229,inner,adjective,A2,2233,내용어,[CEFR-J A2][NGSL 2233],,,,
1230,harm,verb,A2,2234,내용어,[CEFR-J A2][NGSL 2234],,,,
1231,shadow,noun,A2,2237,내용어,[CEFR-J A2][NGSL 2237],,,,
1232,strip,noun,B1,2238,내용어,[CEFR-J B1][NGSL 2238],,,,
1233,smooth,adjective,A2,2239,내용어,[CEFR-J A2][NGSL 2239],,,,
1234,impress,verb,A2,2241,내용어,[CEFR-J A2][NGSL 2241],,,,
1235,exam,noun,A2,2242,내용어,[CEFR-J A2][NGSL 2242],,,,
1236,vice,adjective,B1,2243,내용어,[CEFR-J B1][NGSL 2243],,,,
1237,similarly,adverb,B1,2245,기능어,[CEFR-J B1][NGSL 2245],,,,
1238,behave,verb,B1,2246,내용어,[CEFR-J B1][NGSL 2246],,,,
1239,loud,adjective,B1,2247,내용어,[CEFR-J B1][NGSL 2247],,,,
1240,infection,noun,B1,2250,내용어,[CEFR-J B1][NGSL 2250],,,,
1241,efficiency,noun,B1,2252,내용어,[CEFR-J B1][NGSL 2252],,,,
1242,regularly,adverb,A2,2255,기능어,[CEFR-J A2][NGSL 2255],,,,
1243,resort,noun,B1,2256,내용어,[CEFR-J B1][NGSL 2256],,,,
1244,iron,noun,B1,2257,내용어,[CEFR-J B1][NGSL 2257],,,,
1245,broadcast,noun,B1,2258,내용어,[CEFR-J B1][NGSL 2258],,,,
1246,membership,noun,B1,2259,내용어,[CEFR-J B1][NGSL 2259],,,,
1247,blind,adjective,B1,2261,내용어,[CEFR-J B1][NGSL 2261],,,,
1248,pure,adjective,B1,2262,내용어,[CEFR-J B1][NGSL 2262],,,,
1249,quantity,noun,B1,2265,내용어,[CEFR-J B1][NGSL 2265],,,,
1250,bend,verb,A2,2266,내용어,[CEFR-J A2][NGSL 2266],,,,
1251,briefly,adverb,B1,2268,기능어,[CEFR-J B1][NGSL 2268],,,,
1252,alarm,noun,A2,2269,내용어,[CEFR-J A2][NGSL 2269],,,,
1253,disturb,verb,A2,2270,내용어,[CEFR-J A2][NGSL 2270],,,,
1254,flood,noun,A2,2272,내용어,[CEFR-J A2][NGSL 2272],,,,
1255,poverty,noun,B1,2273,내용어,[CEFR-J B1][NGSL 2273],,,,
1256,crazy,adjective,A2,2274,내용어,[CEFR-J A2][NGSL 2274],,,,
1257,newly,adverb,B1,2276,기능어,[CEFR-J B1][NGSL 2276],,,,
1258,gender,noun,A2,2278,내용어,[CEFR-J A2][NGSL 2278],,,,
1259,sponsor,noun,B1,2279,내용어,[CEFR-J B1][NGSL 2279],,,,
1260,boot,noun,B1,2280,내용어,[CEFR-J B1][NGSL 2280],,,,
1261,accurate,adjective,B1,2281,내용어,[CEFR-J B1][NGSL 2281],,,,
1262,dealer,noun,B1,2282,내용어,[CEFR-J B1][NGSL 2282],,,,
1263,burden,noun,B1,2284,내용어,[CEFR-J B1][NGSL 2284],,,,
1264,desert,noun,A2,2285,내용어,[CEFR-J A2][NGSL 2285],,,,
1265,occasionally,adverb,B1,2287,기능어,[CEFR-J B1][NGSL 2287],,,,
1266,discovery,noun,B1,2290,내용어,[CEFR-J B1][NGSL 2290],,,,
1267,frequency,noun,B1,2293,내용어,[CEFR-J B1][NGSL 2293],,,,
1268,tap,noun,A2,2295,내용어,[CEFR-J A2][NGSL 2295],,,,
1269,philosophy,noun,B1,2296,내용어,[CEFR-J B1][NGSL 2296],,,,
1270,lip,noun,A2,2297,내용어,[CEFR-J A2][NGSL 2297],,,,
1271,approval,noun,B1,2300,내용어,[CEFR-J B1][NGSL 2300],,,,
1272,grab,verb,B1,2301,내용어,[CEFR-J B1][NGSL 2301],,,,
1273,lend,verb,A2,2303,내용어,[CEFR-J A2][NGSL 2303],,,,
1274,digital,adjective,B1,2307,내용어,[CEFR-J B1][NGSL 2307],,,,
1275,translate,verb,B1,2308,내용어,[CEFR-J B1][NGSL 2308],,,,
1276,deposit,noun,B1,2311,내용어,[CEFR-J B1][NGSL 2311],,,,
1277,pleasant,adjective,A2,2312,내용어,[CEFR-J A2][NGSL 2312],,,,
1278,overseas,adverb,A2,2313,기능어,[CEFR-J A2][NGSL 2313],,,,
1279,establishment,noun,B1,2315,내용어,[CEFR-J B1][NGSL 2315],,,,
1280,summary,noun,A2,2316,내용어,[CEFR-J A2][NGSL 2316],,,,
1281,rough,adjective,B1,2317,내용어,[CEFR-J B1][NGSL 2317],,,,
1282,recovery,noun,B1,2319,내용어,[CEFR-J B1][NGSL 2319],,,,
1283,exact,adjective,B1,2325,내용어,[CEFR-J B1][NGSL 2325],,,,
1284,drag,verb,B1,2330,내용어,[CEFR-J B1][NGSL 2330],,,,
1285,mount,noun,B1,2331,내용어,[CEFR-J B1][NGSL 2331],,,,
1286,wrap,noun,B1,2332,내용어,[CEFR-J B1][NGSL 2332],,,,
1287,dependent,adjective,B1,2334,내용어,[CEFR-J B1][NGSL 2334],,,,
1288,angle,noun,B1,2336,내용어,[CEFR-J B1][NGSL 2336],,,,
1289,anxiety,noun,B1,2338,내용어,[CEFR-J B1][NGSL 2338],,,,
1290,virus,noun,B1,2339,내용어,[CEFR-J B1][NGSL 2339],,,,
1291,teenager,noun,A2,2344,내용어,[CEFR-J A2][NGSL 2344],,,,
1292,admire,verb,A2,2345,내용어,[CEFR-J A2][NGSL 2345],,,,
1293,moderate,adjective,B1,2346,내용어,[CEFR-J B1][NGSL 2346],,,,
1294,surgery,noun,B1,2347,내용어,[CEFR-J B1][NGSL 2347],,,,
1295,significance,noun,B1,2349,내용어,[CEFR-J B1][NGSL 2349],,,,
1296,illegal,adjective,A2,2351,내용어,[CEFR-J A2][NGSL 2351],,,,
1297,charity,noun,B1,2352,내용어,[CEFR-J B1][NGSL 2352],,,,
1298,cigarette,noun,A2,2354,내용어,[CEFR-J A2][NGSL 2354],,,,
1299,constitute,verb,B1,2355,내용어,[CEFR-J B1][NGSL 2355],,,,
1300,historian,noun,B1,2358,내용어,[CEFR-J B1][NGSL 2358],,,,
1301,visual,adjective,B1,2360,내용어,[CEFR-J B1][NGSL 2360],,,,
1302,stupid,adjective,B1,2361,내용어,[CEFR-J B1][NGSL 2361],,,,
1303,twin,noun,B1,2364,내용어,[CEFR-J B1][NGSL 2364],,,,
1304,eastern,adjective,B1,2366,내용어,[CEFR-J B1][NGSL 2366],,,,
1305,forecast,noun,B1,2367,내용어,[CEFR-J B1][NGSL 2367],,,,
1306,custom,noun,A2,2369,내용어,[CEFR-J A2][NGSL 2369],,,,
1307,adapt,verb,B1,2370,내용어,[CEFR-J B1][NGSL 2370],,,,
1308,sand,noun,B1,2371,내용어,[CEFR-J B1][NGSL 2371],,,,
1309,charm,noun,B1,2374,내용어,[CEFR-J B1][NGSL 2374],,,,
1310,react,verb,B1,2375,내용어,[CEFR-J B1][NGSL 2375],,,,
1311,lecture,noun,B1,2376,내용어,[CEFR-J B1][NGSL 2376],,,,
1312,compound,noun,B1,2378,내용어,[CEFR-J B1][NGSL 2378],,,,
1313,rescue,noun,B1,2379,내용어,[CEFR-J B1][NGSL 2379],,,,
1314,mess,noun,B1,2380,내용어,[CEFR-J B1][NGSL 2380],,,,
1315,preference,noun,B1,2381,내용어,[CEFR-J B1][NGSL 2381],,,,
1316,league,noun,B1,2384,내용어,[CEFR-J B1][NGSL 2384],,,,
1317,rapid,adjective,B1,2387,내용어,[CEFR-J B1][NGSL 2387],,,,
1318,cancel,verb,B1,2388,내용어,[CEFR-J B1][NGSL 2388],,,,
1319,regret,verb,A2,2389,내용어,[CEFR-J A2][NGSL 2389],,,,
1320,beneath,preposition,B1,2392,기능어,[CEFR-J B1][NGSL 2392],,,,
1321,resist,verb,B1,2394,내용어,[CEFR-J B1][NGSL 2394],,,,
1322,absolute,adjective,B1,2396,내용어,[CEFR-J B1][NGSL 2396],,,,
1323,dare,verb,B1,2399,내용어,[CEFR-J B1][NGSL 2399],,,,
1324,rid,verb,B1,2401,내용어,[CEFR-J B1][NGSL 2401],,,,
1325,ruin,verb,A2,2403,내용어,[CEFR-J A2][NGSL 2403],,,,
1326,bury,verb,A2,2404,내용어,[CEFR-J A2][NGSL 2404],,,,
1327,tendency,noun,B1,2406,내용어,[CEFR-J B1][NGSL 2406],,,,
1328,frequent,adjective,B1,2407,내용어,[CEFR-J B1][NGSL 2407],,,,
1329,motor,noun,B1,2408,내용어,[CEFR-J B1][NGSL 2408],,,,
1330,survival,noun,B1,2409,내용어,[CEFR-J B1][NGSL 2409],,,,
1331,counter,verb,B1,2410,내용어,[CEFR-J B1][NGSL 2410],,,,
1332,possess,verb,B1,2411,내용어,[CEFR-J B1][NGSL 2411],,,,
1333,permission,noun,A2,2412,내용어,[CEFR-J A2][NGSL 2412],,,,
1334,valley,noun,A2,2413,내용어,[CEFR-J A2][NGSL 2413],,,,
1335,float,noun,A2,2414,내용어,[CEFR-J A2][NGSL 2414],,,,
1336,mad,adjective,A2,2415,내용어,[CEFR-J A2][NGSL 2415],,,,
1337,greatly,adverb,A2,2416,기능어,[CEFR-J A2][NGSL 2416],,,,
1338,visible,adjective,B1,2417,내용어,[CEFR-J B1][NGSL 2417],,,,
1339,electric,adjective,A2,2418,내용어,[CEFR-J A2][NGSL 2418],,,,
1340,impressive,adjective,B1,2419,내용어,[CEFR-J B1][NGSL 2419],,,,
1341,awareness,noun,B1,2421,내용어,[CEFR-J B1][NGSL 2421],,,,
1342,violent,adjective,A2,2422,내용어,[CEFR-J A2][NGSL 2422],,,,
1343,slave,noun,A2,2423,내용어,[CEFR-J A2][NGSL 2423],,,,
1344,architecture,noun,A2,2425,내용어,[CEFR-J A2][NGSL 2425],,,,
1345,acceptable,adjective,A2,2426,내용어,[CEFR-J A2][NGSL 2426],,,,
1346,journal,noun,B1,2427,내용어,[CEFR-J B1][NGSL 2427],,,,
1347,coal,noun,B1,2428,내용어,[CEFR-J B1][NGSL 2428],,,,
1348,measurement,noun,B1,2429,내용어,[CEFR-J B1][NGSL 2429],,,,
1349,successfully,adverb,A2,2431,기능어,[CEFR-J A2][NGSL 2431],,,,
1350,burst,verb,B1,2434,내용어,[CEFR-J B1][NGSL 2434],,,,
1351,buyer,noun,B1,2436,내용어,[CEFR-J B1][NGSL 2436],,,,
1352,mutual,adjective,B1,2437,내용어,[CEFR-J B1][NGSL 2437],,,,
1353,rail,noun,B1,2438,내용어,[CEFR-J B1][NGSL 2438],,,,
1354,motivate,verb,B1,2439,내용어,[CEFR-J B1][NGSL 2439],,,,
1355,laboratory,noun,B1,2440,내용어,[CEFR-J B1][NGSL 2440],,,,
1356,promotion,noun,B1,2442,내용어,[CEFR-J B1][NGSL 2442],,,,
1357,passion,noun,B1,2443,내용어,[CEFR-J B1][NGSL 2443],,,,
1358,champion,noun,B1,2444,내용어,[CEFR-J B1][NGSL 2444],,,,
1359,dust,noun,A2,2446,내용어,[CEFR-J A2][NGSL 2446],,,,
1360,dedicate,verb,B1,2447,내용어,[CEFR-J B1][NGSL 2447],,,,
1361,roughly,adverb,A2,2448,기능어,[CEFR-J A2][NGSL 2448],,,,
1362,compromise,noun,B1,2453,내용어,[CEFR-J B1][NGSL 2453],,,,
1363,accomplish,verb,B1,2454,내용어,[CEFR-J B1][NGSL 2454],,,,
1364,weakness,noun,B1,2455,내용어,[CEFR-J B1][NGSL 2455],,,,
1365,announcement,noun,B1,2456,내용어,[CEFR-J B1][NGSL 2456],,,,
1366,salt,noun,A2,2457,내용어,[CEFR-J A2][NGSL 2457],,,,
1367,glance,noun,B1,2458,내용어,[CEFR-J B1][NGSL 2458],,,,
1368,embarrass,verb,B1,2462,내용어,[CEFR-J B1][NGSL 2462],,,,
1369,gallery,noun,A2,2463,내용어,[CEFR-J A2][NGSL 2463],,,,
1370,genetic,adjective,B1,2464,내용어,[CEFR-J B1][NGSL 2464],,,,
1371,aggressive,adjective,B1,2465,내용어,[CEFR-J B1][NGSL 2465],,,,
1372,chest,noun,A2,2466,내용어,[CEFR-J A2][NGSL 2466],,,,
1373,format,noun,B1,2467,내용어,[CEFR-J B1][NGSL 2467],,,,
1374,literary,adjective,B1,2468,내용어,[CEFR-J B1][NGSL 2468],,,,
1375,govern,verb,B1,2469,내용어,[CEFR-J B1][NGSL 2469],,,,
1376,praise,noun,B1,2471,내용어,[CEFR-J B1][NGSL 2471],,,,
1377,silent,adjective,B1,2472,내용어,[CEFR-J B1][NGSL 2472],,,,
1378,pump,noun,B1,2473,내용어,[CEFR-J B1][NGSL 2473],,,,
1379,publisher,noun,B1,2474,내용어,[CEFR-J B1][NGSL 2474],,,,
1380,golf,noun,A2,2476,내용어,[CEFR-J A2][NGSL 2476],,,,
1381,classical,adjective,B1,2478,내용어,[CEFR-J B1][NGSL 2478],,,,
1382,weigh,verb,A2,2479,내용어,[CEFR-J A2][NGSL 2479],,,,
1383,modify,verb,B1,2482,내용어,[CEFR-J B1][NGSL 2482],,,,
1384,flash,adjective,B1,2483,내용어,[CEFR-J B1][NGSL 2483],,,,
1385,friendship,noun,A2,2484,내용어,[CEFR-J A2][NGSL 2484],,,,
1386,profession,noun,B1,2485,내용어,[CEFR-J B1][NGSL 2485],,,,
1387,gesture,noun,B1,2488,내용어,[CEFR-J B1][NGSL 2488],,,,
1388,entertain,verb,B1,2489,내용어,[CEFR-J B1][NGSL 2489],,,,
1389,fantastic,adjective,A2,2490,내용어,[CEFR-J A2][NGSL 2490],,,,
1390,assign,verb,B1,2491,내용어,[CEFR-J B1][NGSL 2491],,,,
1391,historic,adjective,B1,2493,내용어,[CEFR-J B1][NGSL 2493],,,,
1392,injure,verb,A2,2494,내용어,[CEFR-J A2][NGSL 2494],,,,
1393,remote,adjective,A2,2495,내용어,[CEFR-J A2][NGSL 2495],,,,
1394,twist,noun,B1,2498,내용어,[CEFR-J B1][NGSL 2498],,,,
1395,imagination,noun,A2,2500,내용어,[CEFR-J A2][NGSL 2500],,,,
1396,disagree,verb,A2,2501,내용어,[CEFR-J A2][NGSL 2501],,,,
1397,insight,noun,B1,2503,내용어,[CEFR-J B1][NGSL 2503],,,,
1398,forever,adverb,A2,2505,기능어,[CEFR-J A2][NGSL 2505],,,,
1399,joy,noun,A2,2508,내용어,[CEFR-J A2][NGSL 2508],,,,
1400,pregnant,adjective,B1,2509,내용어,[CEFR-J B1][NGSL 2509],,,,
1401,reliable,adjective,B1,2510,내용어,[CEFR-J B1][NGSL 2510],,,,
1402,poet,noun,B1,2512,내용어,[CEFR-J B1][NGSL 2512],,,,
1403,fortune,noun,A2,2513,내용어,[CEFR-J A2][NGSL 2513],,,,
1404,ceremony,noun,B1,2514,내용어,[CEFR-J B1][NGSL 2514],,,,
1405,pile,noun,A2,2515,내용어,[CEFR-J A2][NGSL 2515],,,,
1406,automatically,adverb,A2,2518,기능어,[CEFR-J A2][NGSL 2518],,,,
1407,scholar,noun,B1,2519,내용어,[CEFR-J B1][NGSL 2519],,,,
1408,psychological,adjective,B1,2520,내용어,[CEFR-J B1][NGSL 2520],,,,
1409,creature,noun,A2,2523,내용어,[CEFR-J A2][NGSL 2523],,,,
1410,fancy,adjective,A2,2529,내용어,[CEFR-J A2][NGSL 2529],,,,
1411,poetry,noun,B1,2530,내용어,[CEFR-J B1][NGSL 2530],,,,
1412,chat,verb,A2,2531,내용어,[CEFR-J A2][NGSL 2531],,,,
1413,sake,noun,A2,2534,내용어,[CEFR-J A2][NGSL 2534],,,,
1414,possession,noun,B1,2538,내용어,[CEFR-J B1][NGSL 2538],,,,
1415,curious,adjective,B1,2540,내용어,[CEFR-J B1][NGSL 2540],,,,
1416,wooden,adjective,A2,2541,내용어,[CEFR-J A2][NGSL 2541],,,,
1417,boom,noun,B1,2542,내용어,[CEFR-J B1][NGSL 2542],,,,
1418,tale,noun,B1,2543,내용어,[CEFR-J B1][NGSL 2543],,,,
1419,democratic,adjective,B1,2544,내용어,[CEFR-J B1][NGSL 2544],,,,
1420,maintenance,noun,B1,2545,내용어,[CEFR-J B1][NGSL 2545],,,,
1421,consequently,adverb,B1,2546,기능어,[CEFR-J B1][NGSL 2546],,,,
1422,pot,noun,B1,2547,내용어,[CEFR-J B1][NGSL 2547],,,,
1423,strengthen,verb,B1,2549,내용어,[CEFR-J B1][NGSL 2549],,,,
1424,fold,noun,B1,2552,내용어,[CEFR-J B1][NGSL 2552],,,,
1425,bin,noun,B1,2553,내용어,[CEFR-J B1][NGSL 2553],,,,
1426,undergo,verb,B1,2554,내용어,[CEFR-J B1][NGSL 2554],,,,
1427,scope,noun,B1,2556,내용어,[CEFR-J B1][NGSL 2556],,,,
1428,pretend,verb,A2,2557,내용어,[CEFR-J A2][NGSL 2557],,,,
1429,pride,noun,A2,2560,내용어,[CEFR-J A2][NGSL 2560],,,,
1430,intense,adjective,B1,2561,내용어,[CEFR-J B1][NGSL 2561],,,,
1431,craft,noun,B1,2564,내용어,[CEFR-J B1][NGSL 2564],,,,
1432,shell,noun,A2,2567,내용어,[CEFR-J A2][NGSL 2567],,,,
1433,limitation,noun,B1,2571,내용어,[CEFR-J B1][NGSL 2571],,,,
1434,wise,adjective,A2,2574,내용어,[CEFR-J A2][NGSL 2574],,,,
1435,compose,verb,B1,2576,내용어,[CEFR-J B1][NGSL 2576],,,,
1436,shelter,noun,B1,2578,내용어,[CEFR-J B1][NGSL 2578],,,,
1437,mere,adjective,B1,2579,내용어,[CEFR-J B1][NGSL 2579],,,,
1438,trigger,noun,B1,2583,내용어,[CEFR-J B1][NGSL 2583],,,,
1439,pipe,noun,B1,2584,내용어,[CEFR-J B1][NGSL 2584],,,,
1440,destruction,noun,B1,2585,내용어,[CEFR-J B1][NGSL 2585],,,,
1441,magic,adjective,A2,2589,내용어,[CEFR-J A2][NGSL 2589],,,,
1442,mystery,noun,A2,2590,내용어,[CEFR-J A2][NGSL 2590],,,,
1443,ski,noun,A2,2591,내용어,[CEFR-J A2][NGSL 2591],,,,
1444,whisper,noun,B1,2592,내용어,[CEFR-J B1][NGSL 2592],,,,
1445,menu,noun,A2,2594,내용어,[CEFR-J A2][NGSL 2594],,,,
1446,bless,verb,B1,2598,내용어,[CEFR-J B1][NGSL 2598],,,,
1447,airline,noun,B1,2599,내용어,[CEFR-J B1][NGSL 2599],,,,
1448,composition,noun,B1,2605,내용어,[CEFR-J B1][NGSL 2605],,,,
1449,coin,noun,A2,2606,내용어,[CEFR-J A2][NGSL 2606],,,,
1450,scan,noun,B1,2608,내용어,[CEFR-J B1][NGSL 2608],,,,
1451,bunch,noun,B1,2609,내용어,[CEFR-J B1][NGSL 2609],,,,
1452,racial,adjective,B1,2610,내용어,[CEFR-J B1][NGSL 2610],,,,
1453,hopefully,adverb,B1,2612,기능어,[CEFR-J B1][NGSL 2612],,,,
1454,trick,noun,A2,2614,내용어,[CEFR-J A2][NGSL 2614],,,,
1455,maker,noun,A2,2616,내용어,[CEFR-J A2][NGSL 2616],,,,
1456,belt,noun,A2,2619,내용어,[CEFR-J A2][NGSL 2619],,,,
1457,narrative,adjective,B1,2621,내용어,[CEFR-J B1][NGSL 2621],,,,
1458,tissue,noun,B1,2622,내용어,[CEFR-J B1][NGSL 2622],,,,
1459,barely,adverb,B1,2623,기능어,[CEFR-J B1][NGSL 2623],,,,
1460,invent,verb,A2,2624,내용어,[CEFR-J A2][NGSL 2624],,,,
1461,tourism,noun,B1,2625,내용어,[CEFR-J B1][NGSL 2625],,,,
1462,pro,noun,A2,2626,내용어,[CEFR-J A2][NGSL 2626],,,,
1463,stair,noun,A2,2627,내용어,[CEFR-J A2][NGSL 2627],,,,
1464,hesitate,verb,B1,2628,내용어,[CEFR-J B1][NGSL 2628],,,,
1465,shine,verb,A2,2629,내용어,[CEFR-J A2][NGSL 2629],,,,
1466,motivation,noun,B1,2630,내용어,[CEFR-J B1][NGSL 2630],,,,
1467,romantic,adjective,A2,2631,내용어,[CEFR-J A2][NGSL 2631],,,,
1468,firmly,adverb,B1,2632,기능어,[CEFR-J B1][NGSL 2632],,,,
1469,stomach,noun,A2,2634,내용어,[CEFR-J A2][NGSL 2634],,,,
1470,nowhere,adverb,B1,2635,기능어,[CEFR-J B1][NGSL 2635],,,,
1471,championship,noun,A2,2637,내용어,[CEFR-J A2][NGSL 2637],,,,
1472,excess,noun,B1,2640,내용어,[CEFR-J B1][NGSL 2640],,,,
1473,surprisingly,adverb,B1,2643,기능어,[CEFR-J B1][NGSL 2643],,,,
1474,differently,adverb,A2,2647,기능어,[CEFR-J A2][NGSL 2647],,,,
1475,continuous,adjective,B1,2649,내용어,[CEFR-J B1][NGSL 2649],,,,
1476,golden,adjective,A2,2650,내용어,[CEFR-J A2][NGSL 2650],,,,
1477,stamp,noun,A2,2651,내용어,[CEFR-J A2][NGSL 2651],,,,
1478,envelope,noun,A2,2653,내용어,[CEFR-J A2][NGSL 2653],,,,
1479,consume,verb,B1,2656,내용어,[CEFR-J B1][NGSL 2656],,,,
1480,luxury,noun,B1,2657,내용어,[CEFR-J B1][NGSL 2657],,,,
1481,weekly,adjective,A2,2658,내용어,[CEFR-J A2][NGSL 2658],,,,
1482,wherever,conjunction,B1,2659,기능어,[CEFR-J B1][NGSL 2659],,,,
1483,bite,noun,A2,2660,내용어,[CEFR-J A2][NGSL 2660],,,,
1484,printer,noun,A2,2661,내용어,[CEFR-J A2][NGSL 2661],,,,
1485,anxious,adjective,A2,2663,내용어,[CEFR-J A2][NGSL 2663],,,,
1486,adventure,noun,A2,2664,내용어,[CEFR-J A2][NGSL 2664],,,,
1487,fence,noun,A2,2665,내용어,[CEFR-J A2][NGSL 2665],,,,
1488,attraction,noun,B1,2667,내용어,[CEFR-J B1][NGSL 2667],,,,
1489,ocean,noun,B1,2668,내용어,[CEFR-J B1][NGSL 2668],,,,
1490,quietly,adverb,A2,2669,기능어,[CEFR-J A2][NGSL 2669],,,,
1491,castle,noun,A2,2670,내용어,[CEFR-J A2][NGSL 2670],,,,
1492,reflection,noun,B1,2672,내용어,[CEFR-J B1][NGSL 2672],,,,
1493,determination,noun,B1,2674,내용어,[CEFR-J B1][NGSL 2674],,,,
1494,altogether,adverb,B1,2675,기능어,[CEFR-J B1][NGSL 2675],,,,
1495,fiction,noun,A2,2676,내용어,[CEFR-J A2][NGSL 2676],,,,
1496,carpet,noun,B1,2677,내용어,[CEFR-J B1][NGSL 2677],,,,
1497,confusion,noun,B1,2679,내용어,[CEFR-J B1][NGSL 2679],,,,
1498,logic,noun,B1,2681,내용어,[CEFR-J B1][NGSL 2681],,,,
1499,controversial,adjective,B1,2682,내용어,[CEFR-J B1][NGSL 2682],,,,
1500,raw,adjective,A2,2683,내용어,[CEFR-J A2][NGSL 2683],,,,
1501,revise,verb,B1,2685,내용어,[CEFR-J B1][NGSL 2685],,,,
1502,liquid,adjective,B1,2689,내용어,[CEFR-J B1][NGSL 2689],,,,
1503,panic,noun,A2,2690,내용어,[CEFR-J A2][NGSL 2690],,,,
1504,slope,noun,B1,2693,내용어,[CEFR-J B1][NGSL 2693],,,,
1505,happiness,noun,A2,2694,내용어,[CEFR-J A2][NGSL 2694],,,,
1506,vessel,noun,B1,2696,내용어,[CEFR-J B1][NGSL 2696],,,,
1507,verb,noun,A2,2697,내용어,[CEFR-J A2][NGSL 2697],,,,
1508,silly,adjective,A2,2699,내용어,[CEFR-J A2][NGSL 2699],,,,
1509,transportation,noun,B1,2700,내용어,[CEFR-J B1][NGSL 2700],,,,
1510,comedy,noun,B1,2702,내용어,[CEFR-J B1][NGSL 2702],,,,
1511,chase,noun,B1,2703,내용어,[CEFR-J B1][NGSL 2703],,,,
1512,storage,noun,B1,2704,내용어,[CEFR-J B1][NGSL 2704],,,,
1513,universe,noun,B1,2705,내용어,[CEFR-J B1][NGSL 2705],,,,
1514,horrible,adjective,B1,2706,내용어,[CEFR-J B1][NGSL 2706],,,,
1515,lover,noun,A2,2708,내용어,[CEFR-J A2][NGSL 2708],,,,
1516,portrait,noun,A2,2710,내용어,[CEFR-J A2][NGSL 2710],,,,
1517,innocent,adjective,B1,2711,내용어,[CEFR-J B1][NGSL 2711],,,,
1518,substitute,noun,B1,2712,내용어,[CEFR-J B1][NGSL 2712],,,,
1519,filter,noun,B1,2716,내용어,[CEFR-J B1][NGSL 2716],,,,
1520,abstract,adjective,B1,2718,내용어,[CEFR-J B1][NGSL 2718],,,,
1521,tent,noun,B1,2719,내용어,[CEFR-J B1][NGSL 2719],,,,
1522,precise,adjective,A2,2720,내용어,[CEFR-J A2][NGSL 2720],,,,
1523,distant,adjective,B1,2721,내용어,[CEFR-J B1][NGSL 2721],,,,
1524,stranger,noun,A2,2722,내용어,[CEFR-J A2][NGSL 2722],,,,
1525,shade,noun,A2,2723,내용어,[CEFR-J A2][NGSL 2723],,,,
1526,leap,verb,B1,2727,내용어,[CEFR-J B1][NGSL 2727],,,,
1527,probability,noun,B1,2729,내용어,[CEFR-J B1][NGSL 2729],,,,
1528,leather,noun,A2,2730,내용어,[CEFR-J A2][NGSL 2730],,,,
1529,uncertainty,noun,B1,2731,내용어,[CEFR-J B1][NGSL 2731],,,,
1530,swear,verb,B1,2732,내용어,[CEFR-J B1][NGSL 2732],,,,
1531,shore,noun,A2,2734,내용어,[CEFR-J A2][NGSL 2734],,,,
1532,monthly,adjective,B1,2735,내용어,[CEFR-J B1][NGSL 2735],,,,
1533,stir,verb,B1,2737,내용어,[CEFR-J B1][NGSL 2737],,,,
1534,excitement,noun,B1,2738,내용어,[CEFR-J B1][NGSL 2738],,,,
1535,sigh,noun,B1,2739,내용어,[CEFR-J B1][NGSL 2739],,,,
1536,slice,noun,A2,2743,내용어,[CEFR-J A2][NGSL 2743],,,,
1537,wander,verb,A2,2744,내용어,[CEFR-J A2][NGSL 2744],,,,
1538,empire,noun,B1,2745,내용어,[CEFR-J B1][NGSL 2745],,,,
1539,gentle,adjective,A2,2747,내용어,[CEFR-J A2][NGSL 2747],,,,
1540,pale,adjective,B1,2754,내용어,[CEFR-J B1][NGSL 2754],,,,
1541,athlete,noun,A2,2756,내용어,[CEFR-J A2][NGSL 2756],,,,
1542,organic,adjective,B1,2757,내용어,[CEFR-J B1][NGSL 2757],,,,
1543,tongue,noun,B1,2758,내용어,[CEFR-J B1][NGSL 2758],,,,
1544,server,noun,B1,2759,내용어,[CEFR-J B1][NGSL 2759],,,,
1545,fool,noun,A2,2761,내용어,[CEFR-J A2][NGSL 2761],,,,
1546,unite,verb,B1,2763,내용어,[CEFR-J B1][NGSL 2763],,,,
1547,weird,adjective,B1,2767,내용어,[CEFR-J B1][NGSL 2767],,,,
1548,fade,verb,B1,2769,내용어,[CEFR-J B1][NGSL 2769],,,,
1549,cough,verb,B1,2770,내용어,[CEFR-J B1][NGSL 2770],,,,
1550,royal,adjective,A2,2772,내용어,[CEFR-J A2][NGSL 2772],,,,
1551,curtain,noun,B1,2774,내용어,[CEFR-J B1][NGSL 2774],,,,
1552,mayor,noun,B1,2775,내용어,[CEFR-J B1][NGSL 2775],,,,
1553,darkness,noun,B1,2776,내용어,[CEFR-J B1][NGSL 2776],,,,
1554,tournament,noun,B1,2778,내용어,[CEFR-J B1][NGSL 2778],,,,
1555,registration,noun,B1,2779,내용어,[CEFR-J B1][NGSL 2779],,,,
1556,fragment,noun,B1,2780,내용어,[CEFR-J B1][NGSL 2780],,,,
1557,cheek,noun,A2,2788,내용어,[CEFR-J A2][NGSL 2788],,,,
1558,attachment,noun,B1,2789,내용어,[CEFR-J B1][NGSL 2789],,,,
1559,noun,noun,A2,2792,내용어,[CEFR-J A2][NGSL 2792],,,,
1560,fortunate,adjective,B1,2793,내용어,[CEFR-J B1][NGSL 2793],,,,
1561,alright,adjective,A2,2794,내용어,[CEFR-J A2][NGSL 2794],,,,
1562,hunger,noun,B1,2797,내용어,[CEFR-J B1][NGSL 2797],,,,
1563,ashamed,adjective,B1,2799,내용어,[CEFR-J B1][NGSL 2799],,,,
1564,thirst,verb,B1,2801,내용어,[CEFR-J B1][NGSL 2801],,,,
