No,단어,뜻,출처태그,NGSL순위,레벨,장면화등급,배정챕터(안),갈래,장면(안),수능확장태그,中,日,검수(O/X/교체어)
1,adventure,모험,[NGSL:2667] [1200원본] [초등800제외],2667,★★,[반추상],ch1 바다와 항해,바다와 항해,,,,,O
2,bay,만,[NGSL밖] [1200원본] [초등800제외],,★★★,[구체],ch1 바다와 항해,바다와 항해,,,,,O
3,bubble,거품,[NGSL밖] [1200원본] [초등800제외],,★★★,[구체],ch1 바다와 항해,바다와 항해,,,,,X(초등)
4,cape,곶,[NGSL밖] [1200원본] [초등800제외],,★★★,[구체],ch1 바다와 항해,바다와 항해,,,,,O
5,channel,물길·해협,[NGSL:1532] [1200원본] [초등800제외],1532,★★,[구체],ch1 바다와 항해,바다와 항해,,,,,O
6,coast,해안,[NGSL:1728] [1200원본] [초등800제외],1728,★★,[구체],ch1 바다와 항해,바다와 항해,,,,,O
7,current,물살·해류,[NGSL:590] [1200원본] [초등800제외],590,★,[반추상],ch1 바다와 항해,바다와 항해,,,,,O
8,deck,갑판,[NGSL밖] [1200원본] [초등800제외],,★★★,[구체],ch1 바다와 항해,바다와 항해,,,,,O
9,dive,잠수하다,[NGSL밖] [1200원본] [초등800제외],,★★★,[반추상],ch1 바다와 항해,바다와 항해,,,,,O
10,float,뜨다,[NGSL:2416] [1200원본] [초등800제외],2416,★★,[반추상],ch1 바다와 항해,바다와 항해,,,,,X(초등)
11,flood,밀려들다·홍수,[NGSL:2274] [1200원본] [초등800제외],2274,★★,[반추상],ch1 바다와 항해,바다와 항해,,,,,O
12,flow,흐르다,[NGSL:1079] [1200원본] [초등800제외],1079,★★,[반추상],ch1 바다와 항해,바다와 항해,,,,,O
13,navy,해군,[NGSL밖] [1200원본] [초등800제외],,★★★,[반추상],ch1 바다와 항해,바다와 항해,,,,,O
14,ocean,대양,[NGSL:2671] [1200원본] [초등800제외],2671,★★,[구체],ch1 바다와 항해,바다와 항해,,,,,X(초등)
15,port,항구,[NGSL:2056] [1200원본] [초등800제외],2056,★★,[구체],ch1 바다와 항해,바다와 항해,,,,,O
16,rise,솟아오르다,[NGSL:462] [1200원본] [초등800제외],462,★,[반추상],ch1 바다와 항해,바다와 항해,,,,,X(초등)
17,row,노를 젓다,[NGSL:1602] [1200원본] [초등800제외],1602,★★,[반추상],ch1 바다와 항해,바다와 항해,,,,,O
18,sail,돛·항해하다,[NGSL:2116] [1200원본] [초등800제외],2116,★★,[구체],ch1 바다와 항해,바다와 항해,,,,,O
19,seal,바다표범,[NGSL:2322] [1200원본] [초등800제외],2322,★★,[구체],ch1 바다와 항해,바다와 항해,,,,,O
20,shell,껍데기,[NGSL:2570] [1200원본] [초등800제외],2570,★★,[구체],ch1 바다와 항해,바다와 항해,,,,,X(초등)
21,shore,물가,[NGSL:2737] [1200원본] [초등800제외],2737,★★,[구체],ch1 바다와 항해,바다와 항해,,,,,O
22,sink,가라앉다,[NGSL:2105] [1200원본] [초등800제외],2105,★★,[반추상],ch1 바다와 항해,바다와 항해,,,,,X(초등)
23,spray,물보라·뿜다,[NGSL밖] [1200원본] [초등800제외],,★★★,[반추상],ch1 바다와 항해,바다와 항해,,,,,O
24,stream,시내·흐름,[NGSL:2148] [1200원본] [초등800제외],2148,★★,[구체],ch1 바다와 항해,바다와 항해,,,,,O
25,surface,수면·표면,[NGSL:1161] [1200원본] [초등800제외],1161,★★,[구체],ch1 바다와 항해,바다와 항해,,,,,O
26,tide,조수,[NGSL밖] [1200원본] [초등800제외],,★★★,[반추상],ch1 바다와 항해,바다와 항해,,,,,O
27,wave,파도,[NGSL:1158] [1200원본] [초등800제외],1158,★★,[구체],ch1 바다와 항해,바다와 항해,,,,,X(초등)
28,whale,고래,[NGSL밖] [1200원본] [초등800제외],,★★★,[구체],ch1 바다와 항해,바다와 항해,,,,,O
29,cliff,절벽,[NGSL밖] [1200원본] [초등800제외],,★★★,[구체],ch2 땅과 하늘,땅과 물길,,,,,O
30,countryside,시골,[NGSL밖] [1200원본] [초등800제외],,★★★,[구체],ch2 땅과 하늘,땅과 물길,,,,,O
31,county,군(행정구역),[NGSL:1736] [1200원본] [초등800제외],1736,★★,[추상],ch2 땅과 하늘,땅과 물길,,,,,X(고등)
32,desert,사막,[NGSL:2287] [1200원본] [초등800제외],2287,★★,[구체],ch2 땅과 하늘,땅과 물길,,,,,O
33,dirt,흙·먼지,[NGSL밖] [1200원본] [초등800제외],,★★★,[구체],ch2 땅과 하늘,땅과 물길,,,,,O
34,district,구역,[NGSL:1329] [1200원본] [초등800제외],1329,★★,[추상],ch2 땅과 하늘,땅과 물길,,,,,X(추상)
35,dust,먼지,[NGSL:2448] [1200원본] [초등800제외],2448,★★,[구체],ch2 땅과 하늘,땅과 물길,,,,,O
36,edge,가장자리,[NGSL:1164] [1200원본] [초등800제외],1164,★★,[반추상],ch2 땅과 하늘,땅과 물길,,,,,O
37,highway,큰길·고속도로,[NGSL밖] [1200원본] [초등800제외],,★★★,[구체],ch2 땅과 하늘,땅과 물길,,,,,O
38,lane,좁은 길,[NGSL밖] [1200원본] [초등800제외],,★★★,[구체],ch2 땅과 하늘,땅과 물길,,,,,O
39,mount,산·오르다,[NGSL:2333] [1200원본] [초등800제외],2333,★★,[구체],ch2 땅과 하늘,땅과 물길,,,,,O
40,mud,진흙,[NGSL밖] [1200원본] [초등800제외],,★★★,[구체],ch2 땅과 하늘,땅과 물길,,,,,O
41,path,오솔길,[NGSL:1295] [1200원본] [초등800제외],1295,★★,[구체],ch2 땅과 하늘,땅과 물길,,,,,O
42,pile,더미·쌓다,[NGSL:2518] [1200원본] [초등800제외],2518,★★,[구체],ch2 땅과 하늘,땅과 물길,,,,,O
43,pole,기둥·극,[NGSL밖] [1200원본] [초등800제외],,★★★,[구체],ch2 땅과 하늘,땅과 물길,,,,,O
44,pollute,오염시키다,[NGSL밖] [1200원본] [초등800제외],,★★★,[반추상],ch2 땅과 하늘,땅과 물길,,,,,O
45,region,지역,[NGSL:677] [1200원본] [초등800제외],677,★,[추상],ch2 땅과 하늘,땅과 물길,,,,,X(추상)
46,route,길·노선,[NGSL:1410] [1200원본] [초등800제외],1410,★★,[반추상],ch2 땅과 하늘,땅과 물길,,,,,O
47,site,터·현장,[NGSL:494] [1200원본] [초등800제외],494,★,[반추상],ch2 땅과 하늘,땅과 물길,,,,,O
48,soil,흙,[NGSL:2022] [1200원본] [초등800제외],2022,★★,[구체],ch2 땅과 하늘,땅과 물길,,,,,O
49,spot,점·자리,[NGSL:1138] [1200원본] [초등800제외],1138,★★,[반추상],ch2 땅과 하늘,땅과 물길,,,,,O
50,tower,탑,[NGSL:2324] [1200원본] [초등800제외],2324,★★,[구체],ch2 땅과 하늘,땅과 물길,,,,,O
51,valley,골짜기,[NGSL:2415] [1200원본] [초등800제외],2415,★★,[구체],ch2 땅과 하늘,땅과 물길,,,,,O
52,bloom,꽃피다,[NGSL밖] [1200원본] [초등800제외],,★★★,[반추상],ch2 땅과 하늘,식물과 나무,,,,,O
53,branch,가지,[NGSL:1407] [1200원본] [초등800제외],1407,★★,[구체],ch2 땅과 하늘,식물과 나무,,,,,X(초등)
54,bush,덤불,[NGSL밖] [1200원본] [초등800제외],,★★★,[구체],ch2 땅과 하늘,식물과 나무,,,,,O
55,fur,털,[NGSL밖] [1200원본] [초등800제외],,★★★,[구체],ch2 땅과 하늘,식물과 나무,,,,,O
56,grace,우아함,[NGSL밖] [1200원본] [초등800제외],,★★★,[추상],ch2 땅과 하늘,식물과 나무,,,,,X(고등)
57,lawn,잔디밭,[NGSL밖] [1200원본] [초등800제외],,★★★,[구체],ch2 땅과 하늘,식물과 나무,,,,,O
58,log,통나무,[NGSL:2226] [1200원본] [초등800제외],2226,★★,[구체],ch2 땅과 하늘,식물과 나무,,,,,O
59,oak,참나무,[NGSL밖] [1200원본] [초등800제외],,★★★,[구체],ch2 땅과 하늘,식물과 나무,,,,,O
60,root,뿌리,[NGSL:1529] [1200원본] [초등800제외],1529,★★,[구체],ch2 땅과 하늘,식물과 나무,,,,,O
61,seed,씨앗,[NGSL:1815] [1200원본] [초등800제외],1815,★★,[구체],ch2 땅과 하늘,식물과 나무,,,,,X(초등)
62,trunk,줄기·몸통,[NGSL밖] [1200원본] [초등800제외],,★★★,[구체],ch2 땅과 하늘,식물과 나무,,,,,O
63,wool,양털,[NGSL밖] [1200원본] [초등800제외],,★★★,[구체],ch2 땅과 하늘,식물과 나무,,,,,O
64,ant,개미,[NGSL밖] [1200원본] [초등800제외],,★★★,[구체],ch2 땅과 하늘,동물,,,,,X(초등)
65,bark,나무껍질·짖다,[NGSL밖] [1200원본] [초등800제외],,★★★,[구체],ch2 땅과 하늘,동물,,,,,O
66,bug,벌레,[NGSL밖] [1200원본] [초등800제외],,★★★,[구체],ch2 땅과 하늘,동물,,,,,X(초등)
67,cage,우리,[NGSL밖] [1200원본] [초등800제외],,★★★,[구체],ch2 땅과 하늘,동물,,,,,O
68,feed,먹이를 주다,[NGSL:1149] [1200원본] [초등800제외],1149,★★,[반추상],ch2 땅과 하늘,동물,,,,,X(초등)
69,frog,개구리,[NGSL밖] [1200원본] [초등800제외],,★★★,[구체],ch2 땅과 하늘,동물,,,,,X(초등)
70,giraffe,기린,[NGSL밖] [1200원본] [초등800제외],,★★★,[구체],ch2 땅과 하늘,동물,,,,,O
71,lamb,새끼 양,[NGSL밖] [1200원본] [초등800제외],,★★★,[구체],ch2 땅과 하늘,동물,,,,,O
72,nest,둥지,[NGSL밖] [1200원본] [초등800제외],,★★★,[구체],ch2 땅과 하늘,동물,,,,,O
73,pet,반려동물,[NGSL밖] [1200원본] [초등800제외],,★★★,[구체],ch2 땅과 하늘,동물,,,,,X(초등)
74,rat,쥐,[NGSL:2712] [1200원본] [초등800제외],2712,★★,[구체],ch2 땅과 하늘,동물,,,,,O
75,snake,뱀,[NGSL밖] [1200원본] [초등800제외],,★★★,[구체],ch2 땅과 하늘,동물,,,,,X(초등)
76,species,종(種),[NGSL:2598] [1200원본] [초등800제외],2598,★★,[추상],ch2 땅과 하늘,동물,,,,,X(고등)
77,wild,야생의,[NGSL:1591] [1200원본] [초등800제외],1591,★★,[반추상],ch2 땅과 하늘,동물,,,,,O
78,zebra,얼룩말,[NGSL밖] [1200원본] [초등800제외],,★★★,[구체],ch2 땅과 하늘,동물,,,,,O
79,atmosphere,대기·분위기,[NGSL:1579] [1200원본] [초등800제외],1579,★★,[추상],ch2 땅과 하늘,하늘과 날씨,,,,,X(고등)
80,climate,기후,[NGSL:1906] [1200원본] [초등800제외],1906,★★,[추상],ch2 땅과 하늘,하늘과 날씨,,,,,X(추상)
81,dawn,새벽,[NGSL밖] [1200원본] [초등800제외],,★★★,[반추상],ch2 땅과 하늘,하늘과 날씨,,,,,O
82,flame,불꽃,[NGSL밖] [1200원본] [초등800제외],,★★★,[구체],ch2 땅과 하늘,하늘과 날씨,,,,,O
83,flash,번쩍임,[NGSL:2485] [1200원본] [초등800제외],2485,★★,[반추상],ch2 땅과 하늘,하늘과 날씨,,,,,O
84,fog,안개,[NGSL밖] [1200원본] [초등800제외],,★★★,[구체],ch2 땅과 하늘,하늘과 날씨,,,,,O
85,freeze,얼다,[NGSL:1856] [1200원본] [초등800제외],1856,★★,[반추상],ch2 땅과 하늘,하늘과 날씨,,,,,O
86,heaven,하늘·천국,[NGSL밖] [1200원본] [초등800제외],,★★★,[추상],ch2 땅과 하늘,하늘과 날씨,,,,,X(추상)
87,melt,녹다,[NGSL밖] [1200원본] [초등800제외],,★★★,[반추상],ch2 땅과 하늘,하늘과 날씨,,,,,O
88,noon,정오,[NGSL밖] [1200원본] [초등800제외],,★★★,[추상],ch2 땅과 하늘,하늘과 날씨,,,,,X(초등)
89,planet,행성,[NGSL:2219] [1200원본] [초등800제외],2219,★★,[구체],ch2 땅과 하늘,하늘과 날씨,,,,,O
90,shade,그늘,[NGSL:2726] [1200원본] [초등800제외],2726,★★,[반추상],ch2 땅과 하늘,하늘과 날씨,,,,,O
91,shadow,그림자,[NGSL:2239] [1200원본] [초등800제외],2239,★★,[구체],ch2 땅과 하늘,하늘과 날씨,,,,,O
92,shine,빛나다,[NGSL:2632] [1200원본] [초등800제외],2632,★★,[반추상],ch2 땅과 하늘,하늘과 날씨,,,,,X(초등)
93,temperature,온도,[NGSL:1452] [1200원본] [초등800제외],1452,★★,[추상],ch2 땅과 하늘,하늘과 날씨,,,,,X(추상)
94,cinema,영화관,[NGSL밖] [1200원본] [초등800제외],,★★★,[구체],ch3 도시와 이동,도시의 건물,,,,,O
95,museum,박물관,[NGSL:1397] [1200원본] [초등800제외],1397,★★,[구체],ch3 도시와 이동,도시의 건물,,,,,O
96,opera,오페라극장,[NGSL:2461] [1200원본] [초등800제외],2461,★★,[구체],ch3 도시와 이동,도시의 건물,,,,,O
97,palace,궁전,[NGSL밖] [1200원본] [초등800제외],,★★★,[구체],ch3 도시와 이동,도시의 건물,,,,,O
98,prison,교도소,[NGSL:1462] [1200원본] [초등800제외],1462,★★,[구체],ch3 도시와 이동,도시의 건물,,,,,O
99,pub,술집,[NGSL:2141] [1200원본] [초등800제외],2141,★★,[구체],ch3 도시와 이동,도시의 건물,,,,,O
100,studio,작업실,[NGSL:1483] [1200원본] [초등800제외],1483,★★,[구체],ch3 도시와 이동,도시의 건물,,,,,O
101,theater,,[NGSL:1393] [1200원본] [초등800제외],1393,★★,,ch3 도시와 이동,도시의 건물,,,,,
102,university,,[NGSL:968] [1200원본] [초등800제외],968,★,,ch3 도시와 이동,도시의 건물,,,,,
103,airline,,[NGSL:2602] [1200원본] [초등800제외],2602,★★,,ch3 도시와 이동,타고 가기,,,,,
104,brake,,[NGSL밖] [1200원본] [초등800제외],,★★★,,ch3 도시와 이동,타고 가기,,,,,
105,cart,,[NGSL밖] [1200원본] [초등800제외],,★★★,,ch3 도시와 이동,타고 가기,,,,,
106,cycle,,[NGSL:1394] [1200원본] [초등800제외],1394,★★,,ch3 도시와 이동,타고 가기,,,,,
107,exit,,[NGSL밖] [1200원본] [초등800제외],,★★★,,ch3 도시와 이동,타고 가기,,,,,
108,flight,,[NGSL:1219] [1200원본] [초등800제외],1219,★★,,ch3 도시와 이동,타고 가기,,,,,
109,gear,,[NGSL:2513] [1200원본] [초등800제외],2513,★★,,ch3 도시와 이동,타고 가기,,,,,
110,guide,,[NGSL:1146] [1200원본] [초등800제외],1146,★★,,ch3 도시와 이동,타고 가기,,,,,
111,helicopter,,[NGSL밖] [1200원본] [초등800제외],,★★★,,ch3 도시와 이동,타고 가기,,,,,
112,journey,,[NGSL:1621] [1200원본] [초등800제외],1621,★★,,ch3 도시와 이동,타고 가기,,,,,
113,motor,,[NGSL:2410] [1200원본] [초등800제외],2410,★★,,ch3 도시와 이동,타고 가기,,,,,
114,parade,,[NGSL밖] [1200원본] [초등800제외],,★★★,,ch3 도시와 이동,타고 가기,,,,,
115,rail,,[NGSL:2440] [1200원본] [초등800제외],2440,★★,,ch3 도시와 이동,타고 가기,,,,,
116,tour,,[NGSL:1089] [1200원본] [초등800제외],1089,★★,,ch3 도시와 이동,타고 가기,,,,,
117,traffic,,[NGSL:1225] [1200원본] [초등800제외],1225,★★,,ch3 도시와 이동,타고 가기,,,,,
118,transport,,[NGSL:1210] [1200원본] [초등800제외],1210,★★,,ch3 도시와 이동,타고 가기,,,,,
119,van,,[NGSL:2217] [1200원본] [초등800제외],2217,★★,,ch3 도시와 이동,타고 가기,,,,,
120,vehicle,,[NGSL:1408] [1200원본] [초등800제외],1408,★★,,ch3 도시와 이동,타고 가기,,,,,
121,wheel,,[NGSL:1985] [1200원본] [초등800제외],1985,★★,,ch3 도시와 이동,타고 가기,,,,,
122,bar,,[NGSL:837] [1200원본] [초등800제외],837,★,,ch4 집과 살림,살림 도구,,,,,
123,bin,,[NGSL:2556] [1200원본] [초등800제외],2556,★★,,ch4 집과 살림,살림 도구,,,,,
124,blanket,,[NGSL밖] [1200원본] [초등800제외],,★★★,,ch4 집과 살림,살림 도구,,,,,
125,boot,,[NGSL:2282] [1200원본] [초등800제외],2282,★★,,ch4 집과 살림,살림 도구,,,,,
126,cable,,[NGSL:2076] [1200원본] [초등800제외],2076,★★,,ch4 집과 살림,살림 도구,,,,,
127,carpet,,[NGSL:2680] [1200원본] [초등800제외],2680,★★,,ch4 집과 살림,살림 도구,,,,,
128,chain,,[NGSL:1518] [1200원본] [초등800제외],1518,★★,,ch4 집과 살림,살림 도구,,,,,
129,clip,,[NGSL밖] [1200원본] [초등800제외],,★★★,,ch4 집과 살림,살림 도구,,,,,
130,dump,,[NGSL밖] [1200원본] [초등800제외],,★★★,,ch4 집과 살림,살림 도구,,,,,
131,furniture,,[NGSL:2166] [1200원본] [초등800제외],2166,★★,,ch4 집과 살림,살림 도구,,,,,
132,iron,,[NGSL:2259] [1200원본] [초등800제외],2259,★★,,ch4 집과 살림,살림 도구,,,,,
133,lid,,[NGSL밖] [1200원본] [초등800제외],,★★★,,ch4 집과 살림,살림 도구,,,,,
134,lock,,[NGSL:1604] [1200원본] [초등800제외],1604,★★,,ch4 집과 살림,살림 도구,,,,,
135,mess,,[NGSL:2382] [1200원본] [초등800제외],2382,★★,,ch4 집과 살림,살림 도구,,,,,
136,microwave,,[NGSL밖] [1200원본] [초등800제외],,★★★,,ch4 집과 살림,살림 도구,,,,,
137,oven,,[NGSL밖] [1200원본] [초등800제외],,★★★,,ch4 집과 살림,살림 도구,,,,,
138,rope,,[NGSL밖] [1200원본] [초등800제외],,★★★,,ch4 집과 살림,살림 도구,,,,,
139,string,,[NGSL:2089] [1200원본] [초등800제외],2089,★★,,ch4 집과 살림,살림 도구,,,,,
140,tank,,[NGSL:2189] [1200원본] [초등800제외],2189,★★,,ch4 집과 살림,살림 도구,,,,,
141,tap,,[NGSL:2297] [1200원본] [초등800제외],2297,★★,,ch4 집과 살림,살림 도구,,,,,
142,towel,,[NGSL밖] [1200원본] [초등800제외],,★★★,,ch4 집과 살림,살림 도구,,,,,
143,tray,,[NGSL밖] [1200원본] [초등800제외],,★★★,,ch4 집과 살림,살림 도구,,,,,
144,wire,,[NGSL:2038] [1200원본] [초등800제외],2038,★★,,ch4 집과 살림,살림 도구,,,,,
145,brick,,[NGSL밖] [1200원본] [초등800제외],,★★★,,ch4 집과 살림,집의 구조,,,,,
146,cottage,,[NGSL밖] [1200원본] [초등800제외],,★★★,,ch4 집과 살림,집의 구조,,,,,
147,fence,,[NGSL:2668] [1200원본] [초등800제외],2668,★★,,ch4 집과 살림,집의 구조,,,,,
148,frame,,[NGSL:1511] [1200원본] [초등800제외],1511,★★,,ch4 집과 살림,집의 구조,,,,,
149,garage,,[NGSL밖] [1200원본] [초등800제외],,★★★,,ch4 집과 살림,집의 구조,,,,,
150,livingroom,,[NGSL밖] [1200원본] [초등800제외],,★★★,,ch4 집과 살림,집의 구조,,,,,
151,shelf,,[NGSL:2538] [1200원본] [초등800제외],2538,★★,,ch4 집과 살림,집의 구조,,,,,
152,stairs,,[NGSL밖] [1200원본] [초등800제외],,★★★,,ch4 집과 살림,집의 구조,,,,,
153,toilet,,[NGSL밖] [1200원본] [초등800제외],,★★★,,ch4 집과 살림,집의 구조,,,,,
154,villa,,[NGSL밖] [1200원본] [초등800제외],,★★★,,ch4 집과 살림,집의 구조,,,,,
155,bare,,[NGSL밖] [1200원본] [초등800제외],,★★★,,ch4 집과 살림,옷과 몸치장,,,,,
156,blonde,,[NGSL밖] [1200원본] [초등800제외],,★★★,,ch4 집과 살림,옷과 몸치장,,,,,
157,cotton,,[NGSL밖] [1200원본] [초등800제외],,★★★,,ch4 집과 살림,옷과 몸치장,,,,,
158,curl,,[NGSL밖] [1200원본] [초등800제외],,★★★,,ch4 집과 살림,옷과 몸치장,,,,,
159,fit,,[NGSL:700] [1200원본] [초등800제외],700,★,,ch4 집과 살림,옷과 몸치장,,,,,
160,jeans,,[NGSL밖] [1200원본] [초등800제외],,★★★,,ch4 집과 살림,옷과 몸치장,,,,,
161,mask,,[NGSL밖] [1200원본] [초등800제외],,★★★,,ch4 집과 살림,옷과 몸치장,,,,,
162,scarf,,[NGSL밖] [1200원본] [초등800제외],,★★★,,ch4 집과 살림,옷과 몸치장,,,,,
163,shave,,[NGSL밖] [1200원본] [초등800제외],,★★★,,ch4 집과 살림,옷과 몸치장,,,,,
164,suit,,[NGSL:1122] [1200원본] [초등800제외],1122,★★,,ch4 집과 살림,옷과 몸치장,,,,,
165,uniform,,[NGSL:2055] [1200원본] [초등800제외],2055,★★,,ch4 집과 살림,옷과 몸치장,,,,,
166,bacon,,[NGSL밖] [1200원본] [초등800제외],,★★★,,ch5 먹고 마시기,먹을 것,,,,,
167,bean,,[NGSL밖] [1200원본] [초등800제외],,★★★,,ch5 먹고 마시기,먹을 것,,,,,
168,bitter,,[NGSL밖] [1200원본] [초등800제외],,★★★,,ch5 먹고 마시기,먹을 것,,,,,
169,chip,,[NGSL:1910] [1200원본] [초등800제외],1910,★★,,ch5 먹고 마시기,먹을 것,,,,,
170,crisp,,[NGSL밖] [1200원본] [초등800제외],,★★★,,ch5 먹고 마시기,먹을 것,,,,,
171,diet,,[NGSL:1847] [1200원본] [초등800제외],1847,★★,,ch5 먹고 마시기,먹을 것,,,,,
172,honey,,[NGSL밖] [1200원본] [초등800제외],,★★★,,ch5 먹고 마시기,먹을 것,,,,,
173,hunger,,[NGSL:2804] [1200원본] [초등800제외],2804,★★,,ch5 먹고 마시기,먹을 것,,,,,
174,lemon,,[NGSL밖] [1200원본] [초등800제외],,★★★,,ch5 먹고 마시기,먹을 것,,,,,
175,meal,,[NGSL:1250] [1200원본] [초등800제외],1250,★★,,ch5 먹고 마시기,먹을 것,,,,,
176,mushroom,,[NGSL밖] [1200원본] [초등800제외],,★★★,,ch5 먹고 마시기,먹을 것,,,,,
177,nut,,[NGSL밖] [1200원본] [초등800제외],,★★★,,ch5 먹고 마시기,먹을 것,,,,,
178,pepper,,[NGSL밖] [1200원본] [초등800제외],,★★★,,ch5 먹고 마시기,먹을 것,,,,,
179,pie,,[NGSL밖] [1200원본] [초등800제외],,★★★,,ch5 먹고 마시기,먹을 것,,,,,
180,pork,,[NGSL밖] [1200원본] [초등800제외],,★★★,,ch5 먹고 마시기,먹을 것,,,,,
181,powder,,[NGSL밖] [1200원본] [초등800제외],,★★★,,ch5 먹고 마시기,먹을 것,,,,,
182,snack,,[NGSL밖] [1200원본] [초등800제외],,★★★,,ch5 먹고 마시기,먹을 것,,,,,
183,sour,,[NGSL밖] [1200원본] [초등800제외],,★★★,,ch5 먹고 마시기,먹을 것,,,,,
184,toast,,[NGSL밖] [1200원본] [초등800제외],,★★★,,ch5 먹고 마시기,먹을 것,,,,,
185,alcohol,,[NGSL:2214] [1200원본] [초등800제외],2214,★★,,ch5 먹고 마시기,부엌과 조리,,,,,
186,beer,,[NGSL:2062] [1200원본] [초등800제외],2062,★★,,ch5 먹고 마시기,부엌과 조리,,,,,
187,boil,,[NGSL밖] [1200원본] [초등800제외],,★★★,,ch5 먹고 마시기,부엌과 조리,,,,,
188,chop,,[NGSL밖] [1200원본] [초등800제외],,★★★,,ch5 먹고 마시기,부엌과 조리,,,,,
189,cigarette,,[NGSL:2356] [1200원본] [초등800제외],2356,★★,,ch5 먹고 마시기,부엌과 조리,,,,,
190,consume,,[NGSL:2659] [1200원본] [초등800제외],2659,★★,,ch5 먹고 마시기,부엌과 조리,,,,,
191,fry,,[NGSL밖] [1200원본] [초등800제외],,★★★,,ch5 먹고 마시기,부엌과 조리,,,,,
192,grocery,,[NGSL밖] [1200원본] [초등800제외],,★★★,,ch5 먹고 마시기,부엌과 조리,,,,,
193,menu,,[NGSL:2597] [1200원본] [초등800제외],2597,★★,,ch5 먹고 마시기,부엌과 조리,,,,,
194,mix,,[NGSL:1029] [1200원본] [초등800제외],1029,★★,,ch5 먹고 마시기,부엌과 조리,,,,,
195,pan,,[NGSL밖] [1200원본] [초등800제외],,★★★,,ch5 먹고 마시기,부엌과 조리,,,,,
196,plate,,[NGSL:1705] [1200원본] [초등800제외],1705,★★,,ch5 먹고 마시기,부엌과 조리,,,,,
197,pot,,[NGSL:2550] [1200원본] [초등800제외],2550,★★,,ch5 먹고 마시기,부엌과 조리,,,,,
198,pour,,[NGSL:2135] [1200원본] [초등800제외],2135,★★,,ch5 먹고 마시기,부엌과 조리,,,,,
199,recipe,,[NGSL밖] [1200원본] [초등800제외],,★★★,,ch5 먹고 마시기,부엌과 조리,,,,,
200,sauce,,[NGSL밖] [1200원본] [초등800제외],,★★★,,ch5 먹고 마시기,부엌과 조리,,,,,
201,automatic,,[NGSL밖] [1200원본] [초등800제외],,★★★,,ch6 도구와 기계,기계와 도구,,,,,
202,battery,,[NGSL밖] [1200원본] [초등800제외],,★★★,,ch6 도구와 기계,기계와 도구,,,,,
203,click,,[NGSL:2514] [1200원본] [초등800제외],2514,★★,,ch6 도구와 기계,기계와 도구,,,,,
204,coal,,[NGSL:2430] [1200원본] [초등800제외],2430,★★,,ch6 도구와 기계,기계와 도구,,,,,
205,code,,[NGSL:1346] [1200원본] [초등800제외],1346,★★,,ch6 도구와 기계,기계와 도구,,,,,
206,disc,,[NGSL밖] [1200원본] [초등800제외],,★★★,,ch6 도구와 기계,기계와 도구,,,,,
207,electric,,[NGSL:2420] [1200원본] [초등800제외],2420,★★,,ch6 도구와 기계,기계와 도구,,,,,
208,element,,[NGSL:1030] [1200원본] [초등800제외],1030,★★,,ch6 도구와 기계,기계와 도구,,,,,
209,glue,,[NGSL밖] [1200원본] [초등800제외],,★★★,,ch6 도구와 기계,기계와 도구,,,,,
210,instrument,,[NGSL:1596] [1200원본] [초등800제외],1596,★★,,ch6 도구와 기계,기계와 도구,,,,,
211,label,,[NGSL:1528] [1200원본] [초등800제외],1528,★★,,ch6 도구와 기계,기계와 도구,,,,,
212,machine,,[NGSL:745] [1200원본] [초등800제외],745,★,,ch6 도구와 기계,기계와 도구,,,,,
213,metal,,[NGSL:1834] [1200원본] [초등800제외],1834,★★,,ch6 도구와 기계,기계와 도구,,,,,
214,monitor,,[NGSL:1377] [1200원본] [초등800제외],1377,★★,,ch6 도구와 기계,기계와 도구,,,,,
215,net,,[NGSL:1191] [1200원본] [초등800제외],1191,★★,,ch6 도구와 기계,기계와 도구,,,,,
216,pump,,[NGSL:2475] [1200원본] [초등800제외],2475,★★,,ch6 도구와 기계,기계와 도구,,,,,
217,screen,,[NGSL:957] [1200원본] [초등800제외],957,★,,ch6 도구와 기계,기계와 도구,,,,,
218,steel,,[NGSL:2172] [1200원본] [초등800제외],2172,★★,,ch6 도구와 기계,기계와 도구,,,,,
219,technology,,[NGSL:563] [1200원본] [초등800제외],563,★,,ch6 도구와 기계,기계와 도구,,,,,
220,tin,,[NGSL밖] [1200원본] [초등800제외],,★★★,,ch6 도구와 기계,기계와 도구,,,,,
221,tool,,[NGSL:1227] [1200원본] [초등800제외],1227,★★,,ch6 도구와 기계,기계와 도구,,,,,
222,arrange,,[NGSL:1266] [1200원본] [초등800제외],1266,★★,,ch6 도구와 기계,만들고 고치기,,,,,
223,attach,,[NGSL:1742] [1200원본] [초등800제외],1742,★★,,ch6 도구와 기계,만들고 고치기,,,,,
224,bend,,[NGSL:2268] [1200원본] [초등800제외],2268,★★,,ch6 도구와 기계,만들고 고치기,,,,,
225,bind,,[NGSL:1411] [1200원본] [초등800제외],1411,★★,,ch6 도구와 기계,만들고 고치기,,,,,
226,block,,[NGSL:1020] [1200원본] [초등800제외],1020,★★,,ch6 도구와 기계,만들고 고치기,,,,,
227,burst,,[NGSL:2436] [1200원본] [초등800제외],2436,★★,,ch6 도구와 기계,만들고 고치기,,,,,
228,combine,,[NGSL:1244] [1200원본] [초등800제외],1244,★★,,ch6 도구와 기계,만들고 고치기,,,,,
229,connect,,[NGSL:1264] [1200원본] [초등800제외],1264,★★,,ch6 도구와 기계,만들고 고치기,,,,,
230,crack,,[NGSL:2068] [1200원본] [초등800제외],2068,★★,,ch6 도구와 기계,만들고 고치기,,,,,
231,crash,,[NGSL:1867] [1200원본] [초등800제외],1867,★★,,ch6 도구와 기계,만들고 고치기,,,,,
232,create,,[NGSL:386] [1200원본] [초등800제외],386,★,,ch6 도구와 기계,만들고 고치기,,,,,
233,damage,,[NGSL:908] [1200원본] [초등800제외],908,★,,ch6 도구와 기계,만들고 고치기,,,,,
234,decorate,,[NGSL밖] [1200원본] [초등800제외],,★★★,,ch6 도구와 기계,만들고 고치기,,,,,
235,destroy,,[NGSL:1447] [1200원본] [초등800제외],1447,★★,,ch6 도구와 기계,만들고 고치기,,,,,
236,develop,,[NGSL:350] [1200원본] [초등800제외],350,★,,ch6 도구와 기계,만들고 고치기,,,,,
237,direct,,[NGSL:724] [1200원본] [초등800제외],724,★,,ch6 도구와 기계,만들고 고치기,,,,,
238,divide,,[NGSL:1316] [1200원본] [초등800제외],1316,★★,,ch6 도구와 기계,만들고 고치기,,,,,
239,establish,,[NGSL:696] [1200원본] [초등800제외],696,★,,ch6 도구와 기계,만들고 고치기,,,,,
240,fold,,[NGSL:2555] [1200원본] [초등800제외],2555,★★,,ch6 도구와 기계,만들고 고치기,,,,,
241,found,,[NGSL:2807] [1200원본] [초등800제외],2807,★★,,ch6 도구와 기계,만들고 고치기,,,,,
242,invent,,[NGSL:2627] [1200원본] [초등800제외],2627,★★,,ch6 도구와 기계,만들고 고치기,,,,,
243,link,,[NGSL:770] [1200원본] [초등800제외],770,★,,ch6 도구와 기계,만들고 고치기,,,,,
244,object,,[NGSL:942] [1200원본] [초등800제외],942,★,,ch6 도구와 기계,만들고 고치기,,,,,
245,produce,,[NGSL:417] [1200원본] [초등800제외],417,★,,ch6 도구와 기계,만들고 고치기,,,,,
246,remove,,[NGSL:1053] [1200원본] [초등800제외],1053,★★,,ch6 도구와 기계,만들고 고치기,,,,,
247,repair,,[NGSL:1878] [1200원본] [초등800제외],1878,★★,,ch6 도구와 기계,만들고 고치기,,,,,
248,replace,,[NGSL:994] [1200원본] [초등800제외],994,★,,ch6 도구와 기계,만들고 고치기,,,,,
249,ruin,,[NGSL:2405] [1200원본] [초등800제외],2405,★★,,ch6 도구와 기계,만들고 고치기,,,,,
250,sew,,[NGSL밖] [1200원본] [초등800제외],,★★★,,ch6 도구와 기계,만들고 고치기,,,,,
251,smash,,[NGSL밖] [1200원본] [초등800제외],,★★★,,ch6 도구와 기계,만들고 고치기,,,,,
252,snap,,[NGSL:2731] [1200원본] [초등800제외],2731,★★,,ch6 도구와 기계,만들고 고치기,,,,,
253,spoil,,[NGSL밖] [1200원본] [초등800제외],,★★★,,ch6 도구와 기계,만들고 고치기,,,,,
254,grab,,[NGSL:2303] [1200원본] [초등800제외],2303,★★,,ch6 도구와 기계,손으로 하는 것,,,,,
255,lift,,[NGSL:1167] [1200원본] [초등800제외],1167,★★,,ch6 도구와 기계,손으로 하는 것,,,,,
256,load,,[NGSL:1455] [1200원본] [초등800제외],1455,★★,,ch6 도구와 기계,손으로 하는 것,,,,,
257,pack,,[NGSL:1387] [1200원본] [초등800제외],1387,★★,,ch6 도구와 기계,손으로 하는 것,,,,,
258,pitch,,[NGSL:2057] [1200원본] [초등800제외],2057,★★,,ch6 도구와 기계,손으로 하는 것,,,,,
259,press,,[NGSL:674] [1200원본] [초등800제외],674,★,,ch6 도구와 기계,손으로 하는 것,,,,,
260,punch,,[NGSL밖] [1200원본] [초등800제외],,★★★,,ch6 도구와 기계,손으로 하는 것,,,,,
261,rub,,[NGSL밖] [1200원본] [초등800제외],,★★★,,ch6 도구와 기계,손으로 하는 것,,,,,
262,scratch,,[NGSL밖] [1200원본] [초등800제외],,★★★,,ch6 도구와 기계,손으로 하는 것,,,,,
263,stir,,[NGSL:2740] [1200원본] [초등800제외],2740,★★,,ch6 도구와 기계,손으로 하는 것,,,,,
264,sweep,,[NGSL:2136] [1200원본] [초등800제외],2136,★★,,ch6 도구와 기계,손으로 하는 것,,,,,
265,twist,,[NGSL:2500] [1200원본] [초등800제외],2500,★★,,ch6 도구와 기계,손으로 하는 것,,,,,
266,wipe,,[NGSL:2770] [1200원본] [초등800제외],2770,★★,,ch6 도구와 기계,손으로 하는 것,,,,,
267,wrap,,[NGSL:2334] [1200원본] [초등800제외],2334,★★,,ch6 도구와 기계,손으로 하는 것,,,,,
268,blind,,[NGSL:2263] [1200원본] [초등800제외],2263,★★,,ch7 몸과 감각,몸과 감각,,,,,
269,brain,,[NGSL:1235] [1200원본] [초등800제외],1235,★★,,ch7 몸과 감각,몸과 감각,,,,,
270,breast,,[NGSL:1900] [1200원본] [초등800제외],1900,★★,,ch7 몸과 감각,몸과 감각,,,,,
271,breath,,[NGSL:1611] [1200원본] [초등800제외],1611,★★,,ch7 몸과 감각,몸과 감각,,,,,
272,breathe,,[NGSL:1914] [1200원본] [초등800제외],1914,★★,,ch7 몸과 감각,몸과 감각,,,,,
273,cell,,[NGSL:629] [1200원본] [초등800제외],629,★,,ch7 몸과 감각,몸과 감각,,,,,
274,cheek,,[NGSL:2793] [1200원본] [초등800제외],2793,★★,,ch7 몸과 감각,몸과 감각,,,,,
275,chest,,[NGSL:2468] [1200원본] [초등800제외],2468,★★,,ch7 몸과 감각,몸과 감각,,,,,
276,chew,,[NGSL밖] [1200원본] [초등800제외],,★★★,,ch7 몸과 감각,몸과 감각,,,,,
277,cough,,[NGSL:2774] [1200원본] [초등800제외],2774,★★,,ch7 몸과 감각,몸과 감각,,,,,
278,glance,,[NGSL:2460] [1200원본] [초등800제외],2460,★★,,ch7 몸과 감각,몸과 감각,,,,,
279,height,,[NGSL:2150] [1200원본] [초등800제외],2150,★★,,ch7 몸과 감각,몸과 감각,,,,,
280,jaw,,[NGSL밖] [1200원본] [초등800제외],,★★★,,ch7 몸과 감각,몸과 감각,,,,,
281,muscle,,[NGSL:2155] [1200원본] [초등800제외],2155,★★,,ch7 몸과 감각,몸과 감각,,,,,
282,nail,,[NGSL밖] [1200원본] [초등800제외],,★★★,,ch7 몸과 감각,몸과 감각,,,,,
283,nerve,,[NGSL:2676] [1200원본] [초등800제외],2676,★★,,ch7 몸과 감각,몸과 감각,,,,,
284,stare,,[NGSL:2106] [1200원본] [초등800제외],2106,★★,,ch7 몸과 감각,몸과 감각,,,,,
285,stomach,,[NGSL:2637] [1200원본] [초등800제외],2637,★★,,ch7 몸과 감각,몸과 감각,,,,,
286,swallow,,[NGSL밖] [1200원본] [초등800제외],,★★★,,ch7 몸과 감각,몸과 감각,,,,,
287,tear,,[NGSL:1470] [1200원본] [초등800제외],1470,★★,,ch7 몸과 감각,몸과 감각,,,,,
288,throat,,[NGSL:2504] [1200원본] [초등800제외],2504,★★,,ch7 몸과 감각,몸과 감각,,,,,
289,toe,,[NGSL밖] [1200원본] [초등800제외],,★★★,,ch7 몸과 감각,몸과 감각,,,,,
290,tongue,,[NGSL:2761] [1200원본] [초등800제외],2761,★★,,ch7 몸과 감각,몸과 감각,,,,,
291,bite,,[NGSL:2663] [1200원본] [초등800제외],2663,★★,,ch7 몸과 감각,몸 전체로 하는 것,,,,,
292,bounce,,[NGSL밖] [1200원본] [초등800제외],,★★★,,ch7 몸과 감각,몸 전체로 하는 것,,,,,
293,bow,,[NGSL밖] [1200원본] [초등800제외],,★★★,,ch7 몸과 감각,몸 전체로 하는 것,,,,,
294,bump,,[NGSL밖] [1200원본] [초등800제외],,★★★,,ch7 몸과 감각,몸 전체로 하는 것,,,,,
295,chase,,[NGSL:2706] [1200원본] [초등800제외],2706,★★,,ch7 몸과 감각,몸 전체로 하는 것,,,,,
296,crawl,,[NGSL밖] [1200원본] [초등800제외],,★★★,,ch7 몸과 감각,몸 전체로 하는 것,,,,,
297,dig,,[NGSL:2331] [1200원본] [초등800제외],2331,★★,,ch7 몸과 감각,몸 전체로 하는 것,,,,,
298,drag,,[NGSL:2332] [1200원본] [초등800제외],2332,★★,,ch7 몸과 감각,몸 전체로 하는 것,,,,,
299,gesture,,[NGSL:2490] [1200원본] [초등800제외],2490,★★,,ch7 몸과 감각,몸 전체로 하는 것,,,,,
300,hug,,[NGSL밖] [1200원본] [초등800제외],,★★★,,ch7 몸과 감각,몸 전체로 하는 것,,,,,
301,lay,,[NGSL:1105] [1200원본] [초등800제외],1105,★★,,ch7 몸과 감각,몸 전체로 하는 것,,,,,
302,lean,,[NGSL:1974] [1200원본] [초등800제외],1974,★★,,ch7 몸과 감각,몸 전체로 하는 것,,,,,
303,leap,,[NGSL:2730] [1200원본] [초등800제외],2730,★★,,ch7 몸과 감각,몸 전체로 하는 것,,,,,
304,motion,,[NGSL:1848] [1200원본] [초등800제외],1848,★★,,ch7 몸과 감각,몸 전체로 하는 것,,,,,
305,raise,,[NGSL:486] [1200원본] [초등800제외],486,★,,ch7 몸과 감각,몸 전체로 하는 것,,,,,
306,rush,,[NGSL:1699] [1200원본] [초등800제외],1699,★★,,ch7 몸과 감각,몸 전체로 하는 것,,,,,
307,shake,,[NGSL:1474] [1200원본] [초등800제외],1474,★★,,ch7 몸과 감각,몸 전체로 하는 것,,,,,
308,slip,,[NGSL:1810] [1200원본] [초등800제외],1810,★★,,ch7 몸과 감각,몸 전체로 하는 것,,,,,
309,spin,,[NGSL:2328] [1200원본] [초등800제외],2328,★★,,ch7 몸과 감각,몸 전체로 하는 것,,,,,
310,stretch,,[NGSL:1633] [1200원본] [초등800제외],1633,★★,,ch7 몸과 감각,몸 전체로 하는 것,,,,,
311,alive,,[NGSL:1774] [1200원본] [초등800제외],1774,★★,,ch7 몸과 감각,몸과 마음의 상태,,,,,
312,asleep,,[NGSL밖] [1200원본] [초등800제외],,★★★,,ch7 몸과 감각,몸과 마음의 상태,,,,,
313,awake,,[NGSL밖] [1200원본] [초등800제외],,★★★,,ch7 몸과 감각,몸과 마음의 상태,,,,,
314,aware,,[NGSL:1039] [1200원본] [초등800제외],1039,★★,,ch7 몸과 감각,몸과 마음의 상태,,,,,
315,drug,,[NGSL:721] [1200원본] [초등800제외],721,★,,ch7 몸과 감각,몸과 마음의 상태,,,,,
316,emotion,,[NGSL:1783] [1200원본] [초등800제외],1783,★★,,ch7 몸과 감각,몸과 마음의 상태,,,,,
317,exhaust,,[NGSL:2669] [1200원본] [초등800제외],2669,★★,,ch7 몸과 감각,몸과 마음의 상태,,,,,
318,exist,,[NGSL:593] [1200원본] [초등800제외],593,★,,ch7 몸과 감각,몸과 마음의 상태,,,,,
319,faint,,[NGSL밖] [1200원본] [초등800제외],,★★★,,ch7 몸과 감각,몸과 마음의 상태,,,,,
320,fever,,[NGSL밖] [1200원본] [초등800제외],,★★★,,ch7 몸과 감각,몸과 마음의 상태,,,,,
321,health,,[NGSL:475] [1200원본] [초등800제외],475,★,,ch7 몸과 감각,몸과 마음의 상태,,,,,
322,injure,,[NGSL:2496] [1200원본] [초등800제외],2496,★★,,ch7 몸과 감각,몸과 마음의 상태,,,,,
323,medical,,[NGSL:1033] [1200원본] [초등800제외],1033,★★,,ch7 몸과 감각,몸과 마음의 상태,,,,,
324,medicine,,[NGSL:1761] [1200원본] [초등800제외],1761,★★,,ch7 몸과 감각,몸과 마음의 상태,,,,,
325,mental,,[NGSL:1649] [1200원본] [초등800제외],1649,★★,,ch7 몸과 감각,몸과 마음의 상태,,,,,
326,mood,,[NGSL:2066] [1200원본] [초등800제외],2066,★★,,ch7 몸과 감각,몸과 마음의 상태,,,,,
327,pain,,[NGSL:1150] [1200원본] [초등800제외],1150,★★,,ch7 몸과 감각,몸과 마음의 상태,,,,,
328,patient,,[NGSL:589] [1200원본] [초등800제외],589,★,,ch7 몸과 감각,몸과 마음의 상태,,,,,
329,physical,,[NGSL:1120] [1200원본] [초등800제외],1120,★★,,ch7 몸과 감각,몸과 마음의 상태,,,,,
330,poison,,[NGSL밖] [1200원본] [초등800제외],,★★★,,ch7 몸과 감각,몸과 마음의 상태,,,,,
331,pregnant,,[NGSL:2511] [1200원본] [초등800제외],2511,★★,,ch7 몸과 감각,몸과 마음의 상태,,,,,
332,presence,,[NGSL:1186] [1200원본] [초등800제외],1186,★★,,ch7 몸과 감각,몸과 마음의 상태,,,,,
333,self,,[NGSL:1833] [1200원본] [초등800제외],1833,★★,,ch7 몸과 감각,몸과 마음의 상태,,,,,
334,sense,,[NGSL:412] [1200원본] [초등800제외],412,★,,ch7 몸과 감각,몸과 마음의 상태,,,,,
335,soul,,[NGSL:1884] [1200원본] [초등800제외],1884,★★,,ch7 몸과 감각,몸과 마음의 상태,,,,,
336,spirit,,[NGSL:1333] [1200원본] [초등800제외],1333,★★,,ch7 몸과 감각,몸과 마음의 상태,,,,,
337,suffer,,[NGSL:838] [1200원본] [초등800제외],838,★,,ch7 몸과 감각,몸과 마음의 상태,,,,,
338,wound,,[NGSL:2175] [1200원본] [초등800제외],2175,★★,,ch7 몸과 감각,몸과 마음의 상태,,,,,
339,admire,,[NGSL:2347] [1200원본] [초등800제외],2347,★★,,ch8 마음,기쁨과 슬픔,,,,,
340,amuse,,[NGSL밖] [1200원본] [초등800제외],,★★★,,ch8 마음,기쁨과 슬픔,,,,,
341,appreciate,,[NGSL:1274] [1200원본] [초등800제외],1274,★★,,ch8 마음,기쁨과 슬픔,,,,,
342,calm,,[NGSL:1964] [1200원본] [초등800제외],1964,★★,,ch8 마음,기쁨과 슬픔,,,,,
343,cheer,,[NGSL밖] [1200원본] [초등800제외],,★★★,,ch8 마음,기쁨과 슬픔,,,,,
344,comfort,,[NGSL:1945] [1200원본] [초등800제외],1945,★★,,ch8 마음,기쁨과 슬픔,,,,,
345,delight,,[NGSL:1971] [1200원본] [초등800제외],1971,★★,,ch8 마음,기쁨과 슬픔,,,,,
346,entertain,,[NGSL:2491] [1200원본] [초등800제외],2491,★★,,ch8 마음,기쁨과 슬픔,,,,,
347,glory,,[NGSL밖] [1200원본] [초등800제외],,★★★,,ch8 마음,기쁨과 슬픔,,,,,
348,honor,,[NGSL:1625] [1200원본] [초등800제외],1625,★★,,ch8 마음,기쁨과 슬픔,,,,,
349,humor,,[NGSL:2573] [1200원본] [초등800제외],2573,★★,,ch8 마음,기쁨과 슬픔,,,,,
350,joy,,[NGSL:2510] [1200원본] [초등800제외],2510,★★,,ch8 마음,기쁨과 슬픔,,,,,
351,pride,,[NGSL:2563] [1200원본] [초등800제외],2563,★★,,ch8 마음,기쁨과 슬픔,,,,,
352,proud,,[NGSL:1890] [1200원본] [초등800제외],1890,★★,,ch8 마음,기쁨과 슬픔,,,,,
353,relax,,[NGSL:1485] [1200원본] [초등800제외],1485,★★,,ch8 마음,기쁨과 슬픔,,,,,
354,relief,,[NGSL:1623] [1200원본] [초등800제외],1623,★★,,ch8 마음,기쁨과 슬픔,,,,,
355,satisfy,,[NGSL:1154] [1200원본] [초등800제외],1154,★★,,ch8 마음,기쁨과 슬픔,,,,,
356,anger,,[NGSL:2140] [1200원본] [초등800제외],2140,★★,,ch8 마음,화와 두려움,,,,,
357,annoy,,[NGSL밖] [1200원본] [초등800제외],,★★★,,ch8 마음,화와 두려움,,,,,
358,anxious,,[NGSL:2666] [1200원본] [초등800제외],2666,★★,,ch8 마음,화와 두려움,,,,,
359,bother,,[NGSL:1844] [1200원본] [초등800제외],1844,★★,,ch8 마음,화와 두려움,,,,,
360,concern,,[NGSL:303] [1200원본] [초등800제외],303,★,,ch8 마음,화와 두려움,,,,,
361,cruel,,[NGSL밖] [1200원본] [초등800제외],,★★★,,ch8 마음,화와 두려움,,,,,
362,disturb,,[NGSL:2272] [1200원본] [초등800제외],2272,★★,,ch8 마음,화와 두려움,,,,,
363,fear,,[NGSL:793] [1200원본] [초등800제외],793,★,,ch8 마음,화와 두려움,,,,,
364,fright,,[NGSL밖] [1200원본] [초등800제외],,★★★,,ch8 마음,화와 두려움,,,,,
365,frustrate,,[NGSL밖] [1200원본] [초등800제외],,★★★,,ch8 마음,화와 두려움,,,,,
366,panic,,[NGSL:2693] [1200원본] [초등800제외],2693,★★,,ch8 마음,화와 두려움,,,,,
367,rude,,[NGSL밖] [1200원본] [초등800제외],,★★★,,ch8 마음,화와 두려움,,,,,
368,scare,,[NGSL:2156] [1200원본] [초등800제외],2156,★★,,ch8 마음,화와 두려움,,,,,
369,shock,,[NGSL:1383] [1200원본] [초등800제외],1383,★★,,ch8 마음,화와 두려움,,,,,
370,stress,,[NGSL:1044] [1200원본] [초등800제외],1044,★★,,ch8 마음,화와 두려움,,,,,
371,tense,,[NGSL밖] [1200원본] [초등800제외],,★★★,,ch8 마음,화와 두려움,,,,,
372,trouble,,[NGSL:832] [1200원본] [초등800제외],832,★,,ch8 마음,화와 두려움,,,,,
373,upset,,[NGSL:2025] [1200원본] [초등800제외],2025,★★,,ch8 마음,화와 두려움,,,,,
374,amaze,,[NGSL:1524] [1200원본] [초등800제외],1524,★★,,ch8 마음,놀람과 궁금함,,,,,
375,angel,,[NGSL밖] [1200원본] [초등800제외],,★★★,,ch8 마음,놀람과 궁금함,,,,,
376,brilliant,,[NGSL:2200] [1200원본] [초등800제외],2200,★★,,ch8 마음,놀람과 궁금함,,,,,
377,clue,,[NGSL밖] [1200원본] [초등800제외],,★★★,,ch8 마음,놀람과 궁금함,,,,,
378,curious,,[NGSL:2543] [1200원본] [초등800제외],2543,★★,,ch8 마음,놀람과 궁금함,,,,,
379,fancy,,[NGSL:2532] [1200원본] [초등800제외],2532,★★,,ch8 마음,놀람과 궁금함,,,,,
380,fantastic,,[NGSL:2492] [1200원본] [초등800제외],2492,★★,,ch8 마음,놀람과 궁금함,,,,,
381,fascinate,,[NGSL:2124] [1200원본] [초등800제외],2124,★★,,ch8 마음,놀람과 궁금함,,,,,
382,ghost,,[NGSL밖] [1200원본] [초등800제외],,★★★,,ch8 마음,놀람과 궁금함,,,,,
383,gorgeous,,[NGSL밖] [1200원본] [초등800제외],,★★★,,ch8 마음,놀람과 궁금함,,,,,
384,hell,,[NGSL:1743] [1200원본] [초등800제외],1743,★★,,ch8 마음,놀람과 궁금함,,,,,
385,impress,,[NGSL:2243] [1200원본] [초등800제외],2243,★★,,ch8 마음,놀람과 궁금함,,,,,
386,magic,,[NGSL:2592] [1200원본] [초등800제외],2592,★★,,ch8 마음,놀람과 궁금함,,,,,
387,marvel,,[NGSL밖] [1200원본] [초등800제외],,★★★,,ch8 마음,놀람과 궁금함,,,,,
388,mystery,,[NGSL:2593] [1200원본] [초등800제외],2593,★★,,ch8 마음,놀람과 궁금함,,,,,
389,puzzle,,[NGSL밖] [1200원본] [초등800제외],,★★★,,ch8 마음,놀람과 궁금함,,,,,
390,trick,,[NGSL:2617] [1200원본] [초등800제외],2617,★★,,ch8 마음,놀람과 궁금함,,,,,
391,awkward,,[NGSL밖] [1200원본] [초등800제외],,★★★,,ch8 마음,부끄러움과 미움,,,,,
392,blame,,[NGSL:1627] [1200원본] [초등800제외],1627,★★,,ch8 마음,부끄러움과 미움,,,,,
393,disgust,,[NGSL밖] [1200원본] [초등800제외],,★★★,,ch8 마음,부끄러움과 미움,,,,,
394,embarrass,,[NGSL:2464] [1200원본] [초등800제외],2464,★★,,ch8 마음,부끄러움과 미움,,,,,
395,ignore,,[NGSL:1446] [1200원본] [초등800제외],1446,★★,,ch8 마음,부끄러움과 미움,,,,,
396,shame,,[NGSL밖] [1200원본] [초등800제외],,★★★,,ch8 마음,부끄러움과 미움,,,,,
397,silly,,[NGSL:2702] [1200원본] [초등800제외],2702,★★,,ch8 마음,부끄러움과 미움,,,,,
398,bore,,[NGSL:1690] [1200원본] [초등800제외],1690,★★,,ch8 마음,바람과 아쉬움,,,,,
399,depress,,[NGSL:2434] [1200원본] [초등800제외],2434,★★,,ch8 마음,바람과 아쉬움,,,,,
400,desire,,[NGSL:1291] [1200원본] [초등800제외],1291,★★,,ch8 마음,바람과 아쉬움,,,,,
401,desperate,,[NGSL밖] [1200원본] [초등800제외],,★★★,,ch8 마음,바람과 아쉬움,,,,,
402,disappoint,,[NGSL:1853] [1200원본] [초등800제외],1853,★★,,ch8 마음,바람과 아쉬움,,,,,
403,hesitate,,[NGSL:2631] [1200원본] [초등800제외],2631,★★,,ch8 마음,바람과 아쉬움,,,,,
404,lack,,[NGSL:729] [1200원본] [초등800제외],729,★,,ch8 마음,바람과 아쉬움,,,,,
405,pity,,[NGSL밖] [1200원본] [초등800제외],,★★★,,ch8 마음,바람과 아쉬움,,,,,
406,sore,,[NGSL밖] [1200원본] [초등800제외],,★★★,,ch8 마음,바람과 아쉬움,,,,,
407,character,,[NGSL:693] [1200원본] [초등800제외],693,★,,ch8 마음,사람 성격,,,,,
408,charm,,[NGSL:2376] [1200원본] [초등800제외],2376,★★,,ch8 마음,사람 성격,,,,,
409,polite,,[NGSL밖] [1200원본] [초등800제외],,★★★,,ch8 마음,사람 성격,,,,,
410,serious,,[NGSL:796] [1200원본] [초등800제외],796,★,,ch8 마음,사람 성격,,,,,
411,sex,,[NGSL:1063] [1200원본] [초등800제외],1063,★★,,ch8 마음,사람 성격,,,,,
412,smart,,[NGSL:2023] [1200원본] [초등800제외],2023,★★,,ch8 마음,사람 성격,,,,,
413,teenage,,[NGSL밖] [1200원본] [초등800제외],,★★★,,ch8 마음,사람 성격,,,,,
414,wise,,[NGSL:2577] [1200원본] [초등800제외],2577,★★,,ch8 마음,사람 성격,,,,,
415,associate,,[NGSL:857] [1200원본] [초등800제외],857,★,,ch9 사람과 사회,사람과 관계,,,,,
416,attract,,[NGSL:1298] [1200원본] [초등800제외],1298,★★,,ch9 사람과 사회,사람과 관계,,,,,
417,audience,,[NGSL:1166] [1200원본] [초등800제외],1166,★★,,ch9 사람과 사회,사람과 관계,,,,,
418,bond,,[NGSL:1513] [1200원본] [초등800제외],1513,★★,,ch9 사람과 사회,사람과 관계,,,,,
419,citizen,,[NGSL:1451] [1200원본] [초등800제외],1451,★★,,ch9 사람과 사회,사람과 관계,,,,,
420,committee,,[NGSL:1038] [1200원본] [초등800제외],1038,★★,,ch9 사람과 사회,사람과 관계,,,,,
421,community,,[NGSL:465] [1200원본] [초등800제외],465,★,,ch9 사람과 사회,사람과 관계,,,,,
422,contact,,[NGSL:600] [1200원본] [초등800제외],600,★,,ch9 사람과 사회,사람과 관계,,,,,
423,council,,[NGSL:1422] [1200원본] [초등800제외],1422,★★,,ch9 사람과 사회,사람과 관계,,,,,
424,crowd,,[NGSL:1187] [1200원본] [초등800제외],1187,★★,,ch9 사람과 사회,사람과 관계,,,,,
425,darling,,[NGSL밖] [1200원본] [초등800제외],,★★★,,ch9 사람과 사회,사람과 관계,,,,,
426,depend,,[NGSL:731] [1200원본] [초등800제외],731,★,,ch9 사람과 사회,사람과 관계,,,,,
427,divorce,,[NGSL:2404] [1200원본] [초등800제외],2404,★★,,ch9 사람과 사회,사람과 관계,,,,,
428,engage,,[NGSL:1299] [1200원본] [초등800제외],1299,★★,,ch9 사람과 사회,사람과 관계,,,,,
429,fellow,,[NGSL:1656] [1200원본] [초등800제외],1656,★★,,ch9 사람과 사회,사람과 관계,,,,,
430,female,,[NGSL:961] [1200원본] [초등800제외],961,★,,ch9 사람과 사회,사람과 관계,,,,,
431,folk,,[NGSL:1675] [1200원본] [초등800제외],1675,★★,,ch9 사람과 사회,사람과 관계,,,,,
432,individual,,[NGSL:409] [1200원본] [초등800제외],409,★,,ch9 사람과 사회,사람과 관계,,,,,
433,involve,,[NGSL:379] [1200원본] [초등800제외],379,★,,ch9 사람과 사회,사람과 관계,,,,,
434,junior,,[NGSL밖] [1200원본] [초등800제외],,★★★,,ch9 사람과 사회,사람과 관계,,,,,
435,male,,[NGSL:914] [1200원본] [초등800제외],914,★,,ch9 사람과 사회,사람과 관계,,,,,
436,mate,,[NGSL:2288] [1200원본] [초등800제외],2288,★★,,ch9 사람과 사회,사람과 관계,,,,,
437,native,,[NGSL:1639] [1200원본] [초등800제외],1639,★★,,ch9 사람과 사회,사람과 관계,,,,,
438,neighbor,,[NGSL:1222] [1200원본] [초등800제외],1222,★★,,ch9 사람과 사회,사람과 관계,,,,,
439,person,,[NGSL:263] [1200원본] [초등800제외],263,★,,ch9 사람과 사회,사람과 관계,,,,,
440,relate,,[NGSL:642] [1200원본] [초등800제외],642,★,,ch9 사람과 사회,사람과 관계,,,,,
441,respect,,[NGSL:681] [1200원본] [초등800제외],681,★,,ch9 사람과 사회,사람과 관계,,,,,
442,senior,,[NGSL:1207] [1200원본] [초등800제외],1207,★★,,ch9 사람과 사회,사람과 관계,,,,,
443,slave,,[NGSL:2425] [1200원본] [초등800제외],2425,★★,,ch9 사람과 사회,사람과 관계,,,,,
444,society,,[NGSL:562] [1200원본] [초등800제외],562,★,,ch9 사람과 사회,사람과 관계,,,,,
445,twin,,[NGSL:2366] [1200원본] [초등800제외],2366,★★,,ch9 사람과 사회,사람과 관계,,,,,
446,accuse,,[NGSL:1755] [1200원본] [초등800제외],1755,★★,,ch9 사람과 사회,규칙과 사회,,,,,
447,civil,,[NGSL:1449] [1200원본] [초등800제외],1449,★★,,ch9 사람과 사회,규칙과 사회,,,,,
448,cop,,[NGSL밖] [1200원본] [초등800제외],,★★★,,ch9 사람과 사회,규칙과 사회,,,,,
449,discipline,,[NGSL:1852] [1200원본] [초등800제외],1852,★★,,ch9 사람과 사회,규칙과 사회,,,,,
450,duty,,[NGSL:1262] [1200원본] [초등800제외],1262,★★,,ch9 사람과 사회,규칙과 사회,,,,,
451,elect,,[NGSL:1578] [1200원본] [초등800제외],1578,★★,,ch9 사람과 사회,규칙과 사회,,,,,
452,empire,,[NGSL:2748] [1200원본] [초등800제외],2748,★★,,ch9 사람과 사회,규칙과 사회,,,,,
453,govern,,[NGSL:2471] [1200원본] [초등800제외],2471,★★,,ch9 사람과 사회,규칙과 사회,,,,,
454,guilt,,[NGSL밖] [1200원본] [초등800제외],,★★★,,ch9 사람과 사회,규칙과 사회,,,,,
455,innocent,,[NGSL:2714] [1200원본] [초등800제외],2714,★★,,ch9 사람과 사회,규칙과 사회,,,,,
456,judge,,[NGSL:995] [1200원본] [초등800제외],995,★,,ch9 사람과 사회,규칙과 사회,,,,,
457,justice,,[NGSL:1696] [1200원본] [초등800제외],1696,★★,,ch9 사람과 사회,규칙과 사회,,,,,
458,law,,[NGSL:421] [1200원본] [초등800제외],421,★,,ch9 사람과 사회,규칙과 사회,,,,,
459,legal,,[NGSL:979] [1200원본] [초등800제외],979,★,,ch9 사람과 사회,규칙과 사회,,,,,
460,license,,[NGSL:1583] [1200원본] [초등800제외],1583,★★,,ch9 사람과 사회,규칙과 사회,,,,,
461,moral,,[NGSL:1550] [1200원본] [초등800제외],1550,★★,,ch9 사람과 사회,규칙과 사회,,,,,
462,policy,,[NGSL:399] [1200원본] [초등800제외],399,★,,ch9 사람과 사회,규칙과 사회,,,,,
463,politics,,[NGSL:1107] [1200원본] [초등800제외],1107,★★,,ch9 사람과 사회,규칙과 사회,,,,,
464,principle,,[NGSL:1071] [1200원본] [초등800제외],1071,★★,,ch9 사람과 사회,규칙과 사회,,,,,
465,privacy,,[NGSL밖] [1200원본] [초등800제외],,★★★,,ch9 사람과 사회,규칙과 사회,,,,,
466,private,,[NGSL:648] [1200원본] [초등800제외],648,★,,ch9 사람과 사회,규칙과 사회,,,,,
467,public,,[NGSL:287] [1200원본] [초등800제외],287,★,,ch9 사람과 사회,규칙과 사회,,,,,
468,responsible,,[NGSL:1082] [1200원본] [초등800제외],1082,★★,,ch9 사람과 사회,규칙과 사회,,,,,
469,rule,,[NGSL:415] [1200원본] [초등800제외],415,★,,ch9 사람과 사회,규칙과 사회,,,,,
470,standard,,[NGSL:547] [1200원본] [초등800제외],547,★,,ch9 사람과 사회,규칙과 사회,,,,,
471,vote,,[NGSL:548] [1200원본] [초등800제외],548,★,,ch9 사람과 사회,규칙과 사회,,,,,
472,agent,,[NGSL:992] [1200원본] [초등800제외],992,★,,ch9 사람과 사회,일과 직업,,,,,
473,boss,,[NGSL:1854] [1200원본] [초등800제외],1854,★★,,ch9 사람과 사회,일과 직업,,,,,
474,career,,[NGSL:892] [1200원본] [초등800제외],892,★,,ch9 사람과 사회,일과 직업,,,,,
475,chairman,,[NGSL:1662] [1200원본] [초등800제외],1662,★★,,ch9 사람과 사회,일과 직업,,,,,
476,chief,,[NGSL:1155] [1200원본] [초등800제외],1155,★★,,ch9 사람과 사회,일과 직업,,,,,
477,clerk,,[NGSL밖] [1200원본] [초등800제외],,★★★,,ch9 사람과 사회,일과 직업,,,,,
478,client,,[NGSL밖] [1200원본] [초등800제외],,★★★,,ch9 사람과 사회,일과 직업,,,,,
479,coach,,[NGSL:1342] [1200원본] [초등800제외],1342,★★,,ch9 사람과 사회,일과 직업,,,,,
480,dentist,,[NGSL밖] [1200원본] [초등800제외],,★★★,,ch9 사람과 사회,일과 직업,,,,,
481,employ,,[NGSL:1294] [1200원본] [초등800제외],1294,★★,,ch9 사람과 사회,일과 직업,,,,,
482,engineer,,[NGSL:1312] [1200원본] [초등800제외],1312,★★,,ch9 사람과 사회,일과 직업,,,,,
483,expert,,[NGSL:1157] [1200원본] [초등800제외],1157,★★,,ch9 사람과 사회,일과 직업,,,,,
484,factory,,[NGSL:1530] [1200원본] [초등800제외],1530,★★,,ch9 사람과 사회,일과 직업,,,,,
485,firm,,[NGSL:628] [1200원본] [초등800제외],628,★,,ch9 사람과 사회,일과 직업,,,,,
486,guard,,[NGSL:1677] [1200원본] [초등800제외],1677,★★,,ch9 사람과 사회,일과 직업,,,,,
487,guest,,[NGSL:1430] [1200원본] [초등800제외],1430,★★,,ch9 사람과 사회,일과 직업,,,,,
488,hire,,[NGSL:1514] [1200원본] [초등800제외],1514,★★,,ch9 사람과 사회,일과 직업,,,,,
489,industry,,[NGSL:530] [1200원본] [초등800제외],530,★,,ch9 사람과 사회,일과 직업,,,,,
490,lab,,[NGSL밖] [1200원본] [초등800제외],,★★★,,ch9 사람과 사회,일과 직업,,,,,
491,labor,,[NGSL:1160] [1200원본] [초등800제외],1160,★★,,ch9 사람과 사회,일과 직업,,,,,
492,laboratory,,[NGSL:2442] [1200원본] [초등800제외],2442,★★,,ch9 사람과 사회,일과 직업,,,,,
493,lawyer,,[NGSL:1489] [1200원본] [초등800제외],1489,★★,,ch9 사람과 사회,일과 직업,,,,,
494,manufacture,,[NGSL:1392] [1200원본] [초등800제외],1392,★★,,ch9 사람과 사회,일과 직업,,,,,
495,master,,[NGSL:1556] [1200원본] [초등800제외],1556,★★,,ch9 사람과 사회,일과 직업,,,,,
496,military,,[NGSL:758] [1200원본] [초등800제외],758,★,,ch9 사람과 사회,일과 직업,,,,,
497,mill,,[NGSL밖] [1200원본] [초등800제외],,★★★,,ch9 사람과 사회,일과 직업,,,,,
498,officer,,[NGSL:896] [1200원본] [초등800제외],896,★,,ch9 사람과 사회,일과 직업,,,,,
499,poet,,[NGSL:2515] [1200원본] [초등800제외],2515,★★,,ch9 사람과 사회,일과 직업,,,,,
500,profession,,[NGSL:2487] [1200원본] [초등800제외],2487,★★,,ch9 사람과 사회,일과 직업,,,,,
501,promote,,[NGSL:1292] [1200원본] [초등800제외],1292,★★,,ch9 사람과 사회,일과 직업,,,,,
502,secretary,,[NGSL:1193] [1200원본] [초등800제외],1193,★★,,ch9 사람과 사회,일과 직업,,,,,
503,soldier,,[NGSL:1378] [1200원본] [초등800제외],1378,★★,,ch9 사람과 사회,일과 직업,,,,,
504,volunteer,,[NGSL:1962] [1200원본] [초등800제외],1962,★★,,ch9 사람과 사회,일과 직업,,,,,
505,afford,,[NGSL:1488] [1200원본] [초등800제외],1488,★★,,ch9 사람과 사회,돈,,,,,
506,budget,,[NGSL:1016] [1200원본] [초등800제외],1016,★★,,ch9 사람과 사회,돈,,,,,
507,charge,,[NGSL:498] [1200원본] [초등800제외],498,★,,ch9 사람과 사회,돈,,,,,
508,credit,,[NGSL:944] [1200원본] [초등800제외],944,★,,ch9 사람과 사회,돈,,,,,
509,debt,,[NGSL:1624] [1200원본] [초등800제외],1624,★★,,ch9 사람과 사회,돈,,,,,
510,earn,,[NGSL:926] [1200원본] [초등800제외],926,★,,ch9 사람과 사회,돈,,,,,
511,economy,,[NGSL:699] [1200원본] [초등800제외],699,★,,ch9 사람과 사회,돈,,,,,
512,estimate,,[NGSL:999] [1200원본] [초등800제외],999,★,,ch9 사람과 사회,돈,,,,,
513,expense,,[NGSL:1531] [1200원본] [초등800제외],1531,★★,,ch9 사람과 사회,돈,,,,,
514,fee,,[NGSL:1479] [1200원본] [초등800제외],1479,★★,,ch9 사람과 사회,돈,,,,,
515,finance,,[NGSL:1379] [1200원본] [초등800제외],1379,★★,,ch9 사람과 사회,돈,,,,,
516,fund,,[NGSL:527] [1200원본] [초등800제외],527,★,,ch9 사람과 사회,돈,,,,,
517,income,,[NGSL:920] [1200원본] [초등800제외],920,★,,ch9 사람과 사회,돈,,,,,
518,insure,,[NGSL:2805] [1200원본] [초등800제외],2805,★★,,ch9 사람과 사회,돈,,,,,
519,loan,,[NGSL:1576] [1200원본] [초등800제외],1576,★★,,ch9 사람과 사회,돈,,,,,
520,loss,,[NGSL:806] [1200원본] [초등800제외],806,★,,ch9 사람과 사회,돈,,,,,
521,price,,[NGSL:296] [1200원본] [초등800제외],296,★,,ch9 사람과 사회,돈,,,,,
522,profit,,[NGSL:900] [1200원본] [초등800제외],900,★,,ch9 사람과 사회,돈,,,,,
523,salary,,[NGSL:1816] [1200원본] [초등800제외],1816,★★,,ch9 사람과 사회,돈,,,,,
524,tax,,[NGSL:787] [1200원본] [초등800제외],787,★,,ch9 사람과 사회,돈,,,,,
525,value,,[NGSL:342] [1200원본] [초등800제외],342,★,,ch9 사람과 사회,돈,,,,,
526,wage,,[NGSL:1757] [1200원본] [초등800제외],1757,★★,,ch9 사람과 사회,돈,,,,,
527,worth,,[NGSL:816] [1200원본] [초등800제외],816,★,,ch9 사람과 사회,돈,,,,,
528,advertise,,[NGSL:1172] [1200원본] [초등800제외],1172,★★,,ch9 사람과 사회,사고팔기,,,,,
529,award,,[NGSL:1341] [1200원본] [초등800제외],1341,★★,,ch9 사람과 사회,사고팔기,,,,,
530,bet,,[NGSL:1958] [1200원본] [초등800제외],1958,★★,,ch9 사람과 사회,사고팔기,,,,,
531,brand,,[NGSL:1549] [1200원본] [초등800제외],1549,★★,,ch9 사람과 사회,사고팔기,,,,,
532,commerce,,[NGSL밖] [1200원본] [초등800제외],,★★★,,ch9 사람과 사회,사고팔기,,,,,
533,contract,,[NGSL:714] [1200원본] [초등800제외],714,★,,ch9 사람과 사회,사고팔기,,,,,
534,demand,,[NGSL:570] [1200원본] [초등800제외],570,★,,ch9 사람과 사회,사고팔기,,,,,
535,grant,,[NGSL:1147] [1200원본] [초등800제외],1147,★★,,ch9 사람과 사회,사고팔기,,,,,
536,guarantee,,[NGSL:1570] [1200원본] [초등800제외],1570,★★,,ch9 사람과 사회,사고팔기,,,,,
537,invest,,[NGSL:1366] [1200원본] [초등800제외],1366,★★,,ch9 사람과 사회,사고팔기,,,,,
538,prize,,[NGSL:2005] [1200원본] [초등800제외],2005,★★,,ch9 사람과 사회,사고팔기,,,,,
539,property,,[NGSL:921] [1200원본] [초등800제외],921,★,,ch9 사람과 사회,사고팔기,,,,,
540,purchase,,[NGSL:1002] [1200원본] [초등800제외],1002,★★,,ch9 사람과 사회,사고팔기,,,,,
541,rent,,[NGSL:1566] [1200원본] [초등800제외],1566,★★,,ch9 사람과 사회,사고팔기,,,,,
542,sponsor,,[NGSL:2281] [1200원본] [초등800제외],2281,★★,,ch9 사람과 사회,사고팔기,,,,,
543,stock,,[NGSL:691] [1200원본] [초등800제외],691,★,,ch9 사람과 사회,사고팔기,,,,,
544,supply,,[NGSL:814] [1200원본] [초등800제외],814,★,,ch9 사람과 사회,사고팔기,,,,,
545,trade,,[NGSL:544] [1200원본] [초등800제외],544,★,,ch9 사람과 사회,사고팔기,,,,,
546,accept,,[NGSL:561] [1200원본] [초등800제외],561,★,,ch9 사람과 사회,주고받기,,,,,
547,allow,,[NGSL:324] [1200원본] [초등800제외],324,★,,ch9 사람과 사회,주고받기,,,,,
548,contribute,,[NGSL:1238] [1200원본] [초등800제외],1238,★★,,ch9 사람과 사회,주고받기,,,,,
549,deliver,,[NGSL:1064] [1200원본] [초등800제외],1064,★★,,ch9 사람과 사회,주고받기,,,,,
550,deserve,,[NGSL:1872] [1200원본] [초등800제외],1872,★★,,ch9 사람과 사회,주고받기,,,,,
551,donate,,[NGSL밖] [1200원본] [초등800제외],,★★★,,ch9 사람과 사회,주고받기,,,,,
552,exchange,,[NGSL:1015] [1200원본] [초등800제외],1015,★★,,ch9 사람과 사회,주고받기,,,,,
553,gift,,[NGSL:1427] [1200원본] [초등800제외],1427,★★,,ch9 사람과 사회,주고받기,,,,,
554,lend,,[NGSL:2305] [1200원본] [초등800제외],2305,★★,,ch9 사람과 사회,주고받기,,,,,
555,offer,,[NGSL:237] [1200원본] [초등800제외],237,★,,ch9 사람과 사회,주고받기,,,,,
556,provide,,[NGSL:205] [1200원본] [초등800제외],205,★,,ch9 사람과 사회,주고받기,,,,,
557,receive,,[NGSL:396] [1200원본] [초등800제외],396,★,,ch9 사람과 사회,주고받기,,,,,
558,refuse,,[NGSL:1209] [1200원본] [초등800제외],1209,★★,,ch9 사람과 사회,주고받기,,,,,
559,reserve,,[NGSL:1688] [1200원본] [초등800제외],1688,★★,,ch9 사람과 사회,주고받기,,,,,
560,share,,[NGSL:353] [1200원본] [초등800제외],353,★,,ch9 사람과 사회,주고받기,,,,,
561,transfer,,[NGSL:1110] [1200원본] [초등800제외],1110,★★,,ch9 사람과 사회,주고받기,,,,,
562,aid,,[NGSL:1305] [1200원본] [초등800제외],1305,★★,,ch9 사람과 사회,돕고 섬기기,,,,,
563,assist,,[NGSL:2099] [1200원본] [초등800제외],2099,★★,,ch9 사람과 사회,돕고 섬기기,,,,,
564,bless,,[NGSL:2601] [1200원본] [초등800제외],2601,★★,,ch9 사람과 사회,돕고 섬기기,,,,,
565,cure,,[NGSL밖] [1200원본] [초등800제외],,★★★,,ch9 사람과 사회,돕고 섬기기,,,,,
566,favor,,[NGSL:1134] [1200원본] [초등800제외],1134,★★,,ch9 사람과 사회,돕고 섬기기,,,,,
567,forgive,,[NGSL밖] [1200원본] [초등800제외],,★★★,,ch9 사람과 사회,돕고 섬기기,,,,,
568,recover,,[NGSL:1631] [1200원본] [초등800제외],1631,★★,,ch9 사람과 사회,돕고 섬기기,,,,,
569,serve,,[NGSL:534] [1200원본] [초등800제외],534,★,,ch9 사람과 사회,돕고 섬기기,,,,,
570,support,,[NGSL:272] [1200원본] [초등800제외],272,★,,ch9 사람과 사회,돕고 섬기기,,,,,
571,treat,,[NGSL:804] [1200원본] [초등800제외],804,★,,ch9 사람과 사회,돕고 섬기기,,,,,
572,army,,[NGSL:1418] [1200원본] [초등800제외],1418,★★,,ch9 사람과 사회,싸움과 지킴,,,,,
573,arrest,,[NGSL:1498] [1200원본] [초등800제외],1498,★★,,ch9 사람과 사회,싸움과 지킴,,,,,
574,attack,,[NGSL:632] [1200원본] [초등800제외],632,★,,ch9 사람과 사회,싸움과 지킴,,,,,
575,battle,,[NGSL:1337] [1200원본] [초등800제외],1337,★★,,ch9 사람과 사회,싸움과 지킴,,,,,
576,beat,,[NGSL:1035] [1200원본] [초등800제외],1035,★★,,ch9 사람과 사회,싸움과 지킴,,,,,
577,bomb,,[NGSL:1417] [1200원본] [초등800제외],1417,★★,,ch9 사람과 사회,싸움과 지킴,,,,,
578,conflict,,[NGSL:1184] [1200원본] [초등800제외],1184,★★,,ch9 사람과 사회,싸움과 지킴,,,,,
579,crime,,[NGSL:1128] [1200원본] [초등800제외],1128,★★,,ch9 사람과 사회,싸움과 지킴,,,,,
580,defense,,[NGSL:1194] [1200원본] [초등800제외],1194,★★,,ch9 사람과 사회,싸움과 지킴,,,,,
581,enemy,,[NGSL:1787] [1200원본] [초등800제외],1787,★★,,ch9 사람과 사회,싸움과 지킴,,,,,
582,escape,,[NGSL:1482] [1200원본] [초등800제외],1482,★★,,ch9 사람과 사회,싸움과 지킴,,,,,
583,evil,,[NGSL:2190] [1200원본] [초등800제외],2190,★★,,ch9 사람과 사회,싸움과 지킴,,,,,
584,force,,[NGSL:346] [1200원본] [초등800제외],346,★,,ch9 사람과 사회,싸움과 지킴,,,,,
585,gun,,[NGSL:1442] [1200원본] [초등800제외],1442,★★,,ch9 사람과 사회,싸움과 지킴,,,,,
586,harm,,[NGSL:2236] [1200원본] [초등800제외],2236,★★,,ch9 사람과 사회,싸움과 지킴,,,,,
587,oppose,,[NGSL:1406] [1200원본] [초등800제외],1406,★★,,ch9 사람과 사회,싸움과 지킴,,,,,
588,protect,,[NGSL:903] [1200원본] [초등800제외],903,★,,ch9 사람과 사회,싸움과 지킴,,,,,
589,protest,,[NGSL:1708] [1200원본] [초등800제외],1708,★★,,ch9 사람과 사회,싸움과 지킴,,,,,
590,punish,,[NGSL밖] [1200원본] [초등800제외],,★★★,,ch9 사람과 사회,싸움과 지킴,,,,,
591,resist,,[NGSL:2396] [1200원본] [초등800제외],2396,★★,,ch9 사람과 사회,싸움과 지킴,,,,,
592,rob,,[NGSL밖] [1200원본] [초등800제외],,★★★,,ch9 사람과 사회,싸움과 지킴,,,,,
593,shelter,,[NGSL:2581] [1200원본] [초등800제외],2581,★★,,ch9 사람과 사회,싸움과 지킴,,,,,
594,spy,,[NGSL밖] [1200원본] [초등800제외],,★★★,,ch9 사람과 사회,싸움과 지킴,,,,,
595,steal,,[NGSL:1707] [1200원본] [초등800제외],1707,★★,,ch9 사람과 사회,싸움과 지킴,,,,,
596,struggle,,[NGSL:1171] [1200원본] [초등800제외],1171,★★,,ch9 사람과 사회,싸움과 지킴,,,,,
597,survive,,[NGSL:1218] [1200원본] [초등800제외],1218,★★,,ch9 사람과 사회,싸움과 지킴,,,,,
598,suspect,,[NGSL:1490] [1200원본] [초등800제외],1490,★★,,ch9 사람과 사회,싸움과 지킴,,,,,
599,thief,,[NGSL밖] [1200원본] [초등800제외],,★★★,,ch9 사람과 사회,싸움과 지킴,,,,,
600,threat,,[NGSL:1348] [1200원본] [초등800제외],1348,★★,,ch9 사람과 사회,싸움과 지킴,,,,,
601,victim,,[NGSL:1520] [1200원본] [초등800제외],1520,★★,,ch9 사람과 사회,싸움과 지킴,,,,,
602,violent,,[NGSL:2424] [1200원본] [초등800제외],2424,★★,,ch9 사람과 사회,싸움과 지킴,,,,,
603,weapon,,[NGSL:1325] [1200원본] [초등800제외],1325,★★,,ch9 사람과 사회,싸움과 지킴,,,,,
604,cast,,[NGSL:1618] [1200원본] [초등800제외],1618,★★,,ch9 사람과 사회,성과 왕궁,,,,,
605,castle,,[NGSL:2673] [1200원본] [초등800제외],2673,★★,,ch9 사람과 사회,성과 왕궁,,,,,
606,crown,,[NGSL밖] [1200원본] [초등800제외],,★★★,,ch9 사람과 사회,성과 왕궁,,,,,
607,royal,,[NGSL:2776] [1200원본] [초등800제외],2776,★★,,ch9 사람과 사회,성과 왕궁,,,,,
608,champion,,[NGSL:2446] [1200원본] [초등800제외],2446,★★,,ch9 사람과 사회,운동과 겨루기,,,,,
609,contest,,[NGSL:2462] [1200원본] [초등800제외],2462,★★,,ch9 사람과 사회,운동과 겨루기,,,,,
610,golf,,[NGSL:2478] [1200원본] [초등800제외],2478,★★,,ch9 사람과 사회,운동과 겨루기,,,,,
611,league,,[NGSL:2386] [1200원본] [초등800제외],2386,★★,,ch9 사람과 사회,운동과 겨루기,,,,,
612,bunch,,[NGSL:2612] [1200원본] [초등800제외],2612,★★,,ch9 사람과 사회,모임과 흩어짐,,,,,
613,gather,,[NGSL:1286] [1200원본] [초등800제외],1286,★★,,ch9 사람과 사회,모임과 흩어짐,,,,,
614,release,,[NGSL:786] [1200원본] [초등800제외],786,★,,ch9 사람과 사회,모임과 흩어짐,,,,,
615,unite,,[NGSL:2767] [1200원본] [초등800제외],2767,★★,,ch9 사람과 사회,모임과 흩어짐,,,,,
616,aloud,,[NGSL밖] [1200원본] [초등800제외],,★★★,,ch10 말과 글,소리내어 말하기,,,,,
617,chat,,[NGSL:2534] [1200원본] [초등800제외],2534,★★,,ch10 말과 글,소리내어 말하기,,,,,
618,command,,[NGSL:1714] [1200원본] [초등800제외],1714,★★,,ch10 말과 글,소리내어 말하기,,,,,
619,communicate,,[NGSL:1800] [1200원본] [초등800제외],1800,★★,,ch10 말과 글,소리내어 말하기,,,,,
620,converse,,[NGSL밖] [1200원본] [초등800제외],,★★★,,ch10 말과 글,소리내어 말하기,,,,,
621,instruct,,[NGSL밖] [1200원본] [초등800제외],,★★★,,ch10 말과 글,소리내어 말하기,,,,,
622,interrupt,,[NGSL밖] [1200원본] [초등800제외],,★★★,,ch10 말과 글,소리내어 말하기,,,,,
623,joke,,[NGSL:1719] [1200원본] [초등800제외],1719,★★,,ch10 말과 글,소리내어 말하기,,,,,
624,message,,[NGSL:863] [1200원본] [초등800제외],863,★,,ch10 말과 글,소리내어 말하기,,,,,
625,paragraph,,[NGSL:2618] [1200원본] [초등800제외],2618,★★,,ch10 말과 글,소리내어 말하기,,,,,
626,pray,,[NGSL:2639] [1200원본] [초등800제외],2639,★★,,ch10 말과 글,소리내어 말하기,,,,,
627,pretend,,[NGSL:2560] [1200원본] [초등800제외],2560,★★,,ch10 말과 글,소리내어 말하기,,,,,
628,reply,,[NGSL:1108] [1200원본] [초등800제외],1108,★★,,ch10 말과 글,소리내어 말하기,,,,,
629,respond,,[NGSL:1116] [1200원본] [초등800제외],1116,★★,,ch10 말과 글,소리내어 말하기,,,,,
630,scream,,[NGSL:2162] [1200원본] [초등800제외],2162,★★,,ch10 말과 글,소리내어 말하기,,,,,
631,sentence,,[NGSL:1099] [1200원본] [초등800제외],1099,★★,,ch10 말과 글,소리내어 말하기,,,,,
632,speech,,[NGSL:894] [1200원본] [초등800제외],894,★,,ch10 말과 글,소리내어 말하기,,,,,
633,tale,,[NGSL:2546] [1200원본] [초등800제외],2546,★★,,ch10 말과 글,소리내어 말하기,,,,,
634,tip,,[NGSL:1659] [1200원본] [초등800제외],1659,★★,,ch10 말과 글,소리내어 말하기,,,,,
635,whisper,,[NGSL:2595] [1200원본] [초등800제외],2595,★★,,ch10 말과 글,소리내어 말하기,,,,,
636,yell,,[NGSL밖] [1200원본] [초등800제외],,★★★,,ch10 말과 글,소리내어 말하기,,,,,
637,article,,[NGSL:630] [1200원본] [초등800제외],630,★,,ch10 말과 글,글과 기록,,,,,
638,catalog,,[NGSL:2651] [1200원본] [초등800제외],2651,★★,,ch10 말과 글,글과 기록,,,,,
639,chart,,[NGSL:1741] [1200원본] [초등800제외],1741,★★,,ch10 말과 글,글과 기록,,,,,
640,comedy,,[NGSL:2705] [1200원본] [초등800제외],2705,★★,,ch10 말과 글,글과 기록,,,,,
641,document,,[NGSL:882] [1200원본] [초등800제외],882,★,,ch10 말과 글,글과 기록,,,,,
642,drama,,[NGSL:1991] [1200원본] [초등800제외],1991,★★,,ch10 말과 글,글과 기록,,,,,
643,edit,,[NGSL:2311] [1200원본] [초등800제외],2311,★★,,ch10 말과 글,글과 기록,,,,,
644,envelope,,[NGSL:2656] [1200원본] [초등800제외],2656,★★,,ch10 말과 글,글과 기록,,,,,
645,essay,,[NGSL:2161] [1200원본] [초등800제외],2161,★★,,ch10 말과 글,글과 기록,,,,,
646,graph,,[NGSL밖] [1200원본] [초등800제외],,★★★,,ch10 말과 글,글과 기록,,,,,
647,language,,[NGSL:360] [1200원본] [초등800제외],360,★,,ch10 말과 글,글과 기록,,,,,
648,magazine,,[NGSL:985] [1200원본] [초등800제외],985,★,,ch10 말과 글,글과 기록,,,,,
649,photo,,[NGSL:1208] [1200원본] [초등800제외],1208,★★,,ch10 말과 글,글과 기록,,,,,
650,photograph,,[NGSL:1182] [1200원본] [초등800제외],1182,★★,,ch10 말과 글,글과 기록,,,,,
651,poem,,[NGSL:2211] [1200원본] [초등800제외],2211,★★,,ch10 말과 글,글과 기록,,,,,
652,register,,[NGSL:1500] [1200원본] [초등800제외],1500,★★,,ch10 말과 글,글과 기록,,,,,
653,scene,,[NGSL:1023] [1200원본] [초등800제외],1023,★★,,ch10 말과 글,글과 기록,,,,,
654,text,,[NGSL:1048] [1200원본] [초등800제외],1048,★★,,ch10 말과 글,글과 기록,,,,,
655,title,,[NGSL:1057] [1200원본] [초등800제외],1057,★★,,ch10 말과 글,글과 기록,,,,,
656,topic,,[NGSL:1296] [1200원본] [초등800제외],1296,★★,,ch10 말과 글,글과 기록,,,,,
657,accent,,[NGSL밖] [1200원본] [초등800제외],,★★★,,ch10 말과 글,알리고 밝히기,,,,,
658,admit,,[NGSL:1034] [1200원본] [초등800제외],1034,★★,,ch10 말과 글,알리고 밝히기,,,,,
659,announce,,[NGSL:1004] [1200원본] [초등800제외],1004,★★,,ch10 말과 글,알리고 밝히기,,,,,
660,comment,,[NGSL:716] [1200원본] [초등800제외],716,★,,ch10 말과 글,알리고 밝히기,,,,,
661,describe,,[NGSL:457] [1200원본] [초등800제외],457,★,,ch10 말과 글,알리고 밝히기,,,,,
662,emphasize,,[NGSL:1840] [1200원본] [초등800제외],1840,★★,,ch10 말과 글,알리고 밝히기,,,,,
663,explain,,[NGSL:489] [1200원본] [초등800제외],489,★,,ch10 말과 글,알리고 밝히기,,,,,
664,express,,[NGSL:818] [1200원본] [초등800제외],818,★,,ch10 말과 글,알리고 밝히기,,,,,
665,frankly,,[NGSL밖] [1200원본] [초등800제외],,★★★,,ch10 말과 글,알리고 밝히기,,,,,
666,inform,,[NGSL:1070] [1200원본] [초등800제외],1070,★★,,ch10 말과 글,알리고 밝히기,,,,,
667,mention,,[NGSL:564] [1200원본] [초등800제외],564,★,,ch10 말과 글,알리고 밝히기,,,,,
668,pronounce,,[NGSL밖] [1200원본] [초등800제외],,★★★,,ch10 말과 글,알리고 밝히기,,,,,
669,quote,,[NGSL:1433] [1200원본] [초등800제외],1433,★★,,ch10 말과 글,알리고 밝히기,,,,,
670,refer,,[NGSL:866] [1200원본] [초등800제외],866,★,,ch10 말과 글,알리고 밝히기,,,,,
671,remark,,[NGSL:1760] [1200원본] [초등800제외],1760,★★,,ch10 말과 글,알리고 밝히기,,,,,
672,report,,[NGSL:166] [1200원본] [초등800제외],166,★,,ch10 말과 글,알리고 밝히기,,,,,
673,represent,,[NGSL:658] [1200원본] [초등800제외],658,★,,ch10 말과 글,알리고 밝히기,,,,,
674,advice,,[NGSL:1040] [1200원본] [초등800제외],1040,★★,,ch10 말과 글,묻고 부탁하기,,,,,
675,advise,,[NGSL:1745] [1200원본] [초등800제외],1745,★★,,ch10 말과 글,묻고 부탁하기,,,,,
676,beg,,[NGSL밖] [1200원본] [초등800제외],,★★★,,ch10 말과 글,묻고 부탁하기,,,,,
677,greet,,[NGSL:2614] [1200원본] [초등800제외],2614,★★,,ch10 말과 글,묻고 부탁하기,,,,,
678,hint,,[NGSL:2689] [1200원본] [초등800제외],2689,★★,,ch10 말과 글,묻고 부탁하기,,,,,
679,promise,,[NGSL:829] [1200원본] [초등800제외],829,★,,ch10 말과 글,묻고 부탁하기,,,,,
680,propose,,[NGSL:877] [1200원본] [초등800제외],877,★,,ch10 말과 글,묻고 부탁하기,,,,,
681,recommend,,[NGSL:1007] [1200원본] [초등800제외],1007,★★,,ch10 말과 글,묻고 부탁하기,,,,,
682,request,,[NGSL:1011] [1200원본] [초등800제외],1011,★★,,ch10 말과 글,묻고 부탁하기,,,,,
683,require,,[NGSL:402] [1200원본] [초등800제외],402,★,,ch10 말과 글,묻고 부탁하기,,,,,
684,suggest,,[NGSL:329] [1200원본] [초등800제외],329,★,,ch10 말과 글,묻고 부탁하기,,,,,
685,argue,,[NGSL:740] [1200원본] [초등800제외],740,★,,ch10 말과 글,따지고 다투기,,,,,
686,claim,,[NGSL:501] [1200원본] [초등800제외],501,★,,ch10 말과 글,따지고 다투기,,,,,
687,complain,,[NGSL:1495] [1200원본] [초등800제외],1495,★★,,ch10 말과 글,따지고 다투기,,,,,
688,convince,,[NGSL:1358] [1200원본] [초등800제외],1358,★★,,ch10 말과 글,따지고 다투기,,,,,
689,debate,,[NGSL:938] [1200원본] [초등800제외],938,★,,ch10 말과 글,따지고 다투기,,,,,
690,deny,,[NGSL:1429] [1200원본] [초등800제외],1429,★★,,ch10 말과 글,따지고 다투기,,,,,
691,insist,,[NGSL:1551] [1200원본] [초등800제외],1551,★★,,ch10 말과 글,따지고 다투기,,,,,
692,assess,,[NGSL:1499] [1200원본] [초등800제외],1499,★★,,ch10 말과 글,배움과 가르침,,,,,
693,attend,,[NGSL:820] [1200원본] [초등800제외],820,★,,ch10 말과 글,배움과 가르침,,,,,
694,educate,,[NGSL:1993] [1200원본] [초등800제외],1993,★★,,ch10 말과 글,배움과 가르침,,,,,
695,experience,,[NGSL:264] [1200원본] [초등800제외],264,★,,ch10 말과 글,배움과 가르침,,,,,
696,experiment,,[NGSL:1343] [1200원본] [초등800제외],1343,★★,,ch10 말과 글,배움과 가르침,,,,,
697,grade,,[NGSL:1559] [1200원본] [초등800제외],1559,★★,,ch10 말과 글,배움과 가르침,,,,,
698,knowledge,,[NGSL:619] [1200원본] [초등800제외],619,★,,ch10 말과 글,배움과 가르침,,,,,
699,measure,,[NGSL:532] [1200원본] [초등800제외],532,★,,ch10 말과 글,배움과 가르침,,,,,
700,research,,[NGSL:423] [1200원본] [초등800제외],423,★,,ch10 말과 글,배움과 가르침,,,,,
701,skill,,[NGSL:685] [1200원본] [초등800제외],685,★,,ch10 말과 글,배움과 가르침,,,,,
702,subject,,[NGSL:361] [1200원본] [초등800제외],361,★,,ch10 말과 글,배움과 가르침,,,,,
703,survey,,[NGSL:1008] [1200원본] [초등800제외],1008,★★,,ch10 말과 글,배움과 가르침,,,,,
704,technique,,[NGSL:1224] [1200원본] [초등800제외],1224,★★,,ch10 말과 글,배움과 가르침,,,,,
705,bang,,[NGSL밖] [1200원본] [초등800제외],,★★★,,ch10 말과 글,소리와 음악,,,,,
706,boom,,[NGSL:2545] [1200원본] [초등800제외],2545,★★,,ch10 말과 글,소리와 음악,,,,,
707,concert,,[NGSL:1382] [1200원본] [초등800제외],1382,★★,,ch10 말과 글,소리와 음악,,,,,
708,pop,,[NGSL:1289] [1200원본] [초등800제외],1289,★★,,ch10 말과 글,소리와 음악,,,,,
709,tone,,[NGSL:1693] [1200원본] [초등800제외],1693,★★,,ch10 말과 글,소리와 음악,,,,,
710,tune,,[NGSL:2192] [1200원본] [초등800제외],2192,★★,,ch10 말과 글,소리와 음악,,,,,
711,whistle,,[NGSL밖] [1200원본] [초등800제외],,★★★,,ch10 말과 글,소리와 음악,,,,,
712,analysis,,[NGSL:756] [1200원본] [초등800제외],756,★,,ch11 생각과 판단,생각하기,,,,,
713,assume,,[NGSL:870] [1200원본] [초등800제외],870,★,,ch11 생각과 판단,생각하기,,,,,
714,attention,,[NGSL:578] [1200원본] [초등800제외],578,★,,ch11 생각과 판단,생각하기,,,,,
715,attitude,,[NGSL:1094] [1200원본] [초등800제외],1094,★★,,ch11 생각과 판단,생각하기,,,,,
716,concentrate,,[NGSL:1541] [1200원본] [초등800제외],1541,★★,,ch11 생각과 판단,생각하기,,,,,
717,concept,,[NGSL:1213] [1200원본] [초등800제외],1213,★★,,ch11 생각과 판단,생각하기,,,,,
718,confuse,,[NGSL:1919] [1200원본] [초등800제외],1919,★★,,ch11 생각과 판단,생각하기,,,,,
719,consider,,[NGSL:295] [1200원본] [초등800제외],295,★,,ch11 생각과 판단,생각하기,,,,,
720,context,,[NGSL:1049] [1200원본] [초등800제외],1049,★★,,ch11 생각과 판단,생각하기,,,,,
721,define,,[NGSL:930] [1200원본] [초등800제외],930,★,,ch11 생각과 판단,생각하기,,,,,
722,detect,,[NGSL:2345] [1200원본] [초등800제외],2345,★★,,ch11 생각과 판단,생각하기,,,,,
723,determine,,[NGSL:708] [1200원본] [초등800제외],708,★,,ch11 생각과 판단,생각하기,,,,,
724,examine,,[NGSL:1104] [1200원본] [초등800제외],1104,★★,,ch11 생각과 판단,생각하기,,,,,
725,imagine,,[NGSL:924] [1200원본] [초등800제외],924,★,,ch11 생각과 판단,생각하기,,,,,
726,inspect,,[NGSL밖] [1200원본] [초등800제외],,★★★,,ch11 생각과 판단,생각하기,,,,,
727,investigate,,[NGSL:1533] [1200원본] [초등800제외],1533,★★,,ch11 생각과 판단,생각하기,,,,,
728,method,,[NGSL:755] [1200원본] [초등800제외],755,★,,ch11 생각과 판단,생각하기,,,,,
729,notice,,[NGSL:664] [1200원본] [초등800제외],664,★,,ch11 생각과 판단,생각하기,,,,,
730,observe,,[NGSL:1098] [1200원본] [초등800제외],1098,★★,,ch11 생각과 판단,생각하기,,,,,
731,opinion,,[NGSL:656] [1200원본] [초등800제외],656,★,,ch11 생각과 판단,생각하기,,,,,
732,reason,,[NGSL:256] [1200원본] [초등800제외],256,★,,ch11 생각과 판단,생각하기,,,,,
733,recognize,,[NGSL:733] [1200원본] [초등800제외],733,★,,ch11 생각과 판단,생각하기,,,,,
734,reflect,,[NGSL:916] [1200원본] [초등800제외],916,★,,ch11 생각과 판단,생각하기,,,,,
735,regard,,[NGSL:511] [1200원본] [초등800제외],511,★,,ch11 생각과 판단,생각하기,,,,,
736,remind,,[NGSL:1459] [1200원본] [초등800제외],1459,★★,,ch11 생각과 판단,생각하기,,,,,
737,solve,,[NGSL:1221] [1200원본] [초등800제외],1221,★★,,ch11 생각과 판단,생각하기,,,,,
738,strategy,,[NGSL:839] [1200원본] [초등800제외],839,★,,ch11 생각과 판단,생각하기,,,,,
739,suppose,,[NGSL:610] [1200원본] [초등800제외],610,★,,ch11 생각과 판단,생각하기,,,,,
740,tend,,[NGSL:843] [1200원본] [초등800제외],843,★,,ch11 생각과 판단,생각하기,,,,,
741,theory,,[NGSL:876] [1200원본] [초등800제외],876,★,,ch11 생각과 판단,생각하기,,,,,
742,belief,,[NGSL:1456] [1200원본] [초등800제외],1456,★★,,ch11 생각과 판단,믿음과 의심,,,,,
743,confirm,,[NGSL:1206] [1200원본] [초등800제외],1206,★★,,ch11 생각과 판단,믿음과 의심,,,,,
744,doubt,,[NGSL:874] [1200원본] [초등800제외],874,★,,ch11 생각과 판단,믿음과 의심,,,,,
745,evidence,,[NGSL:592] [1200원본] [초등800제외],592,★,,ch11 생각과 판단,믿음과 의심,,,,,
746,faith,,[NGSL:1686] [1200원본] [초등800제외],1686,★★,,ch11 생각과 판단,믿음과 의심,,,,,
747,prove,,[NGSL:748] [1200원본] [초등800제외],748,★,,ch11 생각과 판단,믿음과 의심,,,,,
748,rely,,[NGSL:1584] [1200원본] [초등800제외],1584,★★,,ch11 생각과 판단,믿음과 의심,,,,,
749,trust,,[NGSL:1075] [1200원본] [초등800제외],1075,★★,,ch11 생각과 판단,믿음과 의심,,,,,
750,truth,,[NGSL:1102] [1200원본] [초등800제외],1102,★★,,ch11 생각과 판단,믿음과 의심,,,,,
751,aim,,[NGSL:794] [1200원본] [초등800제외],794,★,,ch11 생각과 판단,고르고 정하기,,,,,
752,appoint,,[NGSL:1788] [1200원본] [초등800제외],1788,★★,,ch11 생각과 판단,고르고 정하기,,,,,
753,assign,,[NGSL:2493] [1200원본] [초등800제외],2493,★★,,ch11 생각과 판단,고르고 정하기,,,,,
754,choice,,[NGSL:565] [1200원본] [초등800제외],565,★,,ch11 생각과 판단,고르고 정하기,,,,,
755,order,,[NGSL:215] [1200원본] [초등800제외],215,★,,ch11 생각과 판단,고르고 정하기,,,,,
756,prefer,,[NGSL:949] [1200원본] [초등800제외],949,★,,ch11 생각과 판단,고르고 정하기,,,,,
757,prepare,,[NGSL:604] [1200원본] [초등800제외],604,★,,ch11 생각과 판단,고르고 정하기,,,,,
758,schedule,,[NGSL:1240] [1200원본] [초등800제외],1240,★★,,ch11 생각과 판단,고르고 정하기,,,,,
759,select,,[NGSL:1173] [1200원본] [초등800제외],1173,★★,,ch11 생각과 판단,고르고 정하기,,,,,
760,settle,,[NGSL:1303] [1200원본] [초등800제외],1303,★★,,ch11 생각과 판단,고르고 정하기,,,,,
761,target,,[NGSL:797] [1200원본] [초등800제외],797,★,,ch11 생각과 판단,고르고 정하기,,,,,
762,advantage,,[NGSL:773] [1200원본] [초등800제외],773,★,,ch11 생각과 판단,좋고 나쁨,,,,,
763,benefit,,[NGSL:543] [1200원본] [초등800제외],543,★,,ch11 생각과 판단,좋고 나쁨,,,,,
764,correct,,[NGSL:1032] [1200원본] [초등800제외],1032,★★,,ch11 생각과 판단,좋고 나쁨,,,,,
765,fault,,[NGSL:1995] [1200원본] [초등800제외],1995,★★,,ch11 생각과 판단,좋고 나쁨,,,,,
766,fortunate,,[NGSL:2800] [1200원본] [초등800제외],2800,★★,,ch11 생각과 판단,좋고 나쁨,,,,,
767,fortune,,[NGSL:2516] [1200원본] [초등800제외],2516,★★,,ch11 생각과 판단,좋고 나쁨,,,,,
768,improve,,[NGSL:508] [1200원본] [초등800제외],508,★,,ch11 생각과 판단,좋고 나쁨,,,,,
769,increase,,[NGSL:230] [1200원본] [초등800제외],230,★,,ch11 생각과 판단,좋고 나쁨,,,,,
770,necessary,,[NGSL:676] [1200원본] [초등800제외],676,★,,ch11 생각과 판단,좋고 나쁨,,,,,
771,perfect,,[NGSL:1111] [1200원본] [초등800제외],1111,★★,,ch11 생각과 판단,좋고 나쁨,,,,,
772,proper,,[NGSL:1484] [1200원본] [초등800제외],1484,★★,,ch11 생각과 판단,좋고 나쁨,,,,,
773,quality,,[NGSL:517] [1200원본] [초등800제외],517,★,,ch11 생각과 판단,좋고 나쁨,,,,,
774,reduce,,[NGSL:584] [1200원본] [초등800제외],584,★,,ch11 생각과 판단,좋고 나쁨,,,,,
775,terrible,,[NGSL:1644] [1200원본] [초등800제외],1644,★★,,ch11 생각과 판단,좋고 나쁨,,,,,
776,adapt,,[NGSL:2372] [1200원본] [초등800제외],2372,★★,,ch11 생각과 판단,같고 다름,,,,,
777,adopt,,[NGSL:1243] [1200원본] [초등800제외],1243,★★,,ch11 생각과 판단,같고 다름,,,,,
778,alter,,[NGSL:2102] [1200원본] [초등800제외],2102,★★,,ch11 생각과 판단,같고 다름,,,,,
779,category,,[NGSL:1192] [1200원본] [초등800제외],1192,★★,,ch11 생각과 판단,같고 다름,,,,,
780,compare,,[NGSL:614] [1200원본] [초등800제외],614,★,,ch11 생각과 판단,같고 다름,,,,,
781,definite,,[NGSL밖] [1200원본] [초등800제외],,★★★,,ch11 생각과 판단,같고 다름,,,,,
782,equal,,[NGSL:1254] [1200원본] [초등800제외],1254,★★,,ch11 생각과 판단,같고 다름,,,,,
783,familiar,,[NGSL:1445] [1200원본] [초등800제외],1445,★★,,ch11 생각과 판단,같고 다름,,,,,
784,match,,[NGSL:850] [1200원본] [초등800제외],850,★,,ch11 생각과 판단,같고 다름,,,,,
785,odd,,[NGSL:1574] [1200원본] [초등800제외],1574,★★,,ch11 생각과 판단,같고 다름,,,,,
786,regular,,[NGSL:1119] [1200원본] [초등800제외],1119,★★,,ch11 생각과 판단,같고 다름,,,,,
787,separate,,[NGSL:890] [1200원본] [초등800제외],890,★,,ch11 생각과 판단,같고 다름,,,,,
788,shift,,[NGSL:1190] [1200원본] [초등800제외],1190,★★,,ch11 생각과 판단,같고 다름,,,,,
789,similar,,[NGSL:594] [1200원본] [초등800제외],594,★,,ch11 생각과 판단,같고 다름,,,,,
790,single,,[NGSL:557] [1200원본] [초등800제외],557,★,,ch11 생각과 판단,같고 다름,,,,,
791,sort,,[NGSL:316] [1200원본] [초등800제외],316,★,,ch11 생각과 판단,같고 다름,,,,,
792,specific,,[NGSL:791] [1200원본] [초등800제외],791,★,,ch11 생각과 판단,같고 다름,,,,,
793,stable,,[NGSL:1797] [1200원본] [초등800제외],1797,★★,,ch11 생각과 판단,같고 다름,,,,,
794,steady,,[NGSL:2111] [1200원본] [초등800제외],2111,★★,,ch11 생각과 판단,같고 다름,,,,,
795,unit,,[NGSL:780] [1200원본] [초등800제외],780,★,,ch11 생각과 판단,같고 다름,,,,,
796,vary,,[NGSL:1359] [1200원본] [초등800제외],1359,★★,,ch11 생각과 판단,같고 다름,,,,,
797,able,,[NGSL:271] [1200원본] [초등800제외],271,★,,ch11 생각과 판단,쉽고 어려움,,,,,
798,capable,,[NGSL:1885] [1200원본] [초등800제외],1885,★★,,ch11 생각과 판단,쉽고 어려움,,,,,
799,complex,,[NGSL:1047] [1200원본] [초등800제외],1047,★★,,ch11 생각과 판단,쉽고 어려움,,,,,
800,complicate,,[NGSL:1851] [1200원본] [초등800제외],1851,★★,,ch11 생각과 판단,쉽고 어려움,,,,,
801,ease,,[NGSL:2061] [1200원본] [초등800제외],2061,★★,,ch11 생각과 판단,쉽고 어려움,,,,,
802,practical,,[NGSL:1598] [1200원본] [초등800제외],1598,★★,,ch11 생각과 판단,쉽고 어려움,,,,,
803,simple,,[NGSL:688] [1200원본] [초등800제외],688,★,,ch11 생각과 판단,쉽고 어려움,,,,,
804,tough,,[NGSL:1469] [1200원본] [초등800제외],1469,★★,,ch11 생각과 판단,쉽고 어려움,,,,,
805,background,,[NGSL:1223] [1200원본] [초등800제외],1223,★★,,ch11 생각과 판단,세상 물정,,,,,
806,circumstance,,[NGSL:1229] [1200원본] [초등800제외],1229,★★,,ch11 생각과 판단,세상 물정,,,,,
807,domestic,,[NGSL:1454] [1200원본] [초등800제외],1454,★★,,ch11 생각과 판단,세상 물정,,,,,
808,fashion,,[NGSL:1415] [1200원본] [초등800제외],1415,★★,,ch11 생각과 판단,세상 물정,,,,,
809,foreign,,[NGSL:633] [1200원본] [초등800제외],633,★,,ch11 생각과 판단,세상 물정,,,,,
810,modern,,[NGSL:808] [1200원본] [초등800제외],808,★,,ch11 생각과 판단,세상 물정,,,,,
811,ordinary,,[NGSL:1646] [1200원본] [초등800제외],1646,★★,,ch11 생각과 판단,세상 물정,,,,,
812,popular,,[NGSL:790] [1200원본] [초등800제외],790,★,,ch11 생각과 판단,세상 물정,,,,,
813,situate,,[NGSL:2728] [1200원본] [초등800제외],2728,★★,,ch11 생각과 판단,세상 물정,,,,,
814,social,,[NGSL:381] [1200원본] [초등800제외],381,★,,ch11 생각과 판단,세상 물정,,,,,
815,stage,,[NGSL:551] [1200원본] [초등800제외],551,★,,ch11 생각과 판단,세상 물정,,,,,
816,state,,[NGSL:199] [1200원본] [초등800제외],199,★,,ch11 생각과 판단,세상 물정,,,,,
817,structure,,[NGSL:667] [1200원본] [초등800제외],667,★,,ch11 생각과 판단,세상 물정,,,,,
818,system,,[NGSL:179] [1200원본] [초등800제외],179,★,,ch11 생각과 판단,세상 물정,,,,,
819,tradition,,[NGSL:1338] [1200원본] [초등800제외],1338,★★,,ch11 생각과 판단,세상 물정,,,,,
820,version,,[NGSL:981] [1200원본] [초등800제외],981,★,,ch11 생각과 판단,세상 물정,,,,,
821,view,,[NGSL:293] [1200원본] [초등800제외],293,★,,ch11 생각과 판단,세상 물정,,,,,
822,vision,,[NGSL:1651] [1200원본] [초등800제외],1651,★★,,ch11 생각과 판단,세상 물정,,,,,
823,achieve,,[NGSL:746] [1200원본] [초등800제외],746,★,,ch11 생각과 판단,일의 결과,,,,,
824,affect,,[NGSL:639] [1200원본] [초등800제외],639,★,,ch11 생각과 판단,일의 결과,,,,,
825,cause,,[NGSL:319] [1200원본] [초등800제외],319,★,,ch11 생각과 판단,일의 결과,,,,,
826,effect,,[NGSL:315] [1200원본] [초등800제외],315,★,,ch11 생각과 판단,일의 결과,,,,,
827,expect,,[NGSL:314] [1200원본] [초등800제외],314,★,,ch11 생각과 판단,일의 결과,,,,,
828,factor,,[NGSL:636] [1200원본] [초등800제외],636,★,,ch11 생각과 판단,일의 결과,,,,,
829,function,,[NGSL:702] [1200원본] [초등800제외],702,★,,ch11 생각과 판단,일의 결과,,,,,
830,influence,,[NGSL:680] [1200원본] [초등800제외],680,★,,ch11 생각과 판단,일의 결과,,,,,
831,intend,,[NGSL:1114] [1200원본] [초등800제외],1114,★★,,ch11 생각과 판단,일의 결과,,,,,
832,intent,,[NGSL밖] [1200원본] [초등800제외],,★★★,,ch11 생각과 판단,일의 결과,,,,,
833,mission,,[NGSL:1691] [1200원본] [초등800제외],1691,★★,,ch11 생각과 판단,일의 결과,,,,,
834,obvious,,[NGSL:1323] [1200원본] [초등800제외],1323,★★,,ch11 생각과 판단,일의 결과,,,,,
835,occur,,[NGSL:718] [1200원본] [초등800제외],718,★,,ch11 생각과 판단,일의 결과,,,,,
836,potential,,[NGSL:830] [1200원본] [초등800제외],830,★,,ch11 생각과 판단,일의 결과,,,,,
837,purpose,,[NGSL:735] [1200원본] [초등800제외],735,★,,ch11 생각과 판단,일의 결과,,,,,
838,result,,[NGSL:233] [1200원본] [초등800제외],233,★,,ch11 생각과 판단,일의 결과,,,,,
839,role,,[NGSL:468] [1200원본] [초등800제외],468,★,,ch11 생각과 판단,일의 결과,,,,,
840,succeed,,[NGSL:1586] [1200원본] [초등800제외],1586,★★,,ch11 생각과 판단,일의 결과,,,,,
841,success,,[NGSL:725] [1200원본] [초등800제외],725,★,,ch11 생각과 판단,일의 결과,,,,,
842,demonstrate,,[NGSL:1272] [1200원본] [초등800제외],1272,★★,,ch11 생각과 판단,드러남과 감춤,,,,,
843,detail,,[NGSL:472] [1200원본] [초등800제외],472,★,,ch11 생각과 판단,드러남과 감춤,,,,,
844,display,,[NGSL:1109] [1200원본] [초등800제외],1109,★★,,ch11 생각과 판단,드러남과 감춤,,,,,
845,expose,,[NGSL:1773] [1200원본] [초등800제외],1773,★★,,ch11 생각과 판단,드러남과 감춤,,,,,
846,feature,,[NGSL:635] [1200원본] [초등800제외],635,★,,ch11 생각과 판단,드러남과 감춤,,,,,
847,illustrate,,[NGSL:1817] [1200원본] [초등800제외],1817,★★,,ch11 생각과 판단,드러남과 감춤,,,,,
848,indicate,,[NGSL:819] [1200원본] [초등800제외],819,★,,ch11 생각과 판단,드러남과 감춤,,,,,
849,mark,,[NGSL:743] [1200원본] [초등800제외],743,★,,ch11 생각과 판단,드러남과 감춤,,,,,
850,secret,,[NGSL:1276] [1200원본] [초등800제외],1276,★★,,ch11 생각과 판단,드러남과 감춤,,,,,
851,seem,,[NGSL:173] [1200원본] [초등800제외],173,★,,ch11 생각과 판단,드러남과 감춤,,,,,
852,identity,,[NGSL:1587] [1200원본] [초등800제외],1587,★★,,ch11 생각과 판단,찾고 얻기,,,,,
853,locate,,[NGSL:1450] [1200원본] [초등800제외],1450,★★,,ch11 생각과 판단,찾고 얻기,,,,,
854,resource,,[NGSL:904] [1200원본] [초등800제외],904,★,,ch11 생각과 판단,찾고 얻기,,,,,
855,search,,[NGSL:889] [1200원본] [초등800제외],889,★,,ch11 생각과 판단,찾고 얻기,,,,,
856,seek,,[NGSL:778] [1200원본] [초등800제외],778,★,,ch11 생각과 판단,찾고 얻기,,,,,
857,source,,[NGSL:623] [1200원본] [초등800제외],623,★,,ch11 생각과 판단,찾고 얻기,,,,,
858,trace,,[NGSL:2047] [1200원본] [초등800제외],2047,★★,,ch11 생각과 판단,찾고 얻기,,,,,
859,although,,[NGSL:278] [1200원본] [초등800제외],278,★,,ch12 자리·수·때,자리와 방향,,,,,
860,apart,,[NGSL:1121] [1200원본] [초등800제외],1121,★★,,ch12 자리·수·때,자리와 방향,,,,,
861,aside,,[NGSL:1944] [1200원본] [초등800제외],1944,★★,,ch12 자리·수·때,자리와 방향,,,,,
862,beneath,,[NGSL:2394] [1200원본] [초등800제외],2394,★★,,ch12 자리·수·때,자리와 방향,,,,,
863,beyond,,[NGSL:826] [1200원본] [초등800제외],826,★,,ch12 자리·수·때,자리와 방향,,,,,
864,distance,,[NGSL:1145] [1200원본] [초등800제외],1145,★★,,ch12 자리·수·때,자리와 방향,,,,,
865,forth,,[NGSL:1860] [1200원본] [초등800제외],1860,★★,,ch12 자리·수·때,자리와 방향,,,,,
866,forward,,[NGSL:452] [1200원본] [초등800제외],452,★,,ch12 자리·수·때,자리와 방향,,,,,
867,internal,,[NGSL:1517] [1200원본] [초등800제외],1517,★★,,ch12 자리·수·때,자리와 방향,,,,,
868,local,,[NGSL:300] [1200원본] [초등800제외],300,★,,ch12 자리·수·때,자리와 방향,,,,,
869,since,,[NGSL:191] [1200원본] [초등800제외],191,★,,ch12 자리·수·때,자리와 방향,,,,,
870,surround,,[NGSL:1174] [1200원본] [초등800제외],1174,★★,,ch12 자리·수·때,자리와 방향,,,,,
871,toward,,[NGSL:406] [1200원본] [초등800제외],406,★,,ch12 자리·수·때,자리와 방향,,,,,
872,unless,,[NGSL:1005] [1200원본] [초등800제외],1005,★★,,ch12 자리·수·때,자리와 방향,,,,,
873,upon,,[NGSL:579] [1200원본] [초등800제외],579,★,,ch12 자리·수·때,자리와 방향,,,,,
874,upper,,[NGSL:1928] [1200원본] [초등800제외],1928,★★,,ch12 자리·수·때,자리와 방향,,,,,
875,whether,,[NGSL:273] [1200원본] [초등800제외],273,★,,ch12 자리·수·때,자리와 방향,,,,,
876,while,,[NGSL:155] [1200원본] [초등800제외],155,★,,ch12 자리·수·때,자리와 방향,,,,,
877,within,,[NGSL:285] [1200원본] [초등800제외],285,★,,ch12 자리·수·때,자리와 방향,,,,,
878,without,,[NGSL:212] [1200원본] [초등800제외],212,★,,ch12 자리·수·때,자리와 방향,,,,,
879,annual,,[NGSL:1177] [1200원본] [초등800제외],1177,★★,,ch12 자리·수·때,시간과 때,,,,,
880,century,,[NGSL:591] [1200원본] [초등800제외],591,★,,ch12 자리·수·때,시간과 때,,,,,
881,constant,,[NGSL:1668] [1200원본] [초등800제외],1668,★★,,ch12 자리·수·때,시간과 때,,,,,
882,continue,,[NGSL:308] [1200원본] [초등800제외],308,★,,ch12 자리·수·때,시간과 때,,,,,
883,delay,,[NGSL:1310] [1200원본] [초등800제외],1310,★★,,ch12 자리·수·때,시간과 때,,,,,
884,due,,[NGSL:574] [1200원본] [초등800제외],574,★,,ch12 자리·수·때,시간과 때,,,,,
885,event,,[NGSL:442] [1200원본] [초등800제외],442,★,,ch12 자리·수·때,시간과 때,,,,,
886,forever,,[NGSL:2507] [1200원본] [초등800제외],2507,★★,,ch12 자리·수·때,시간과 때,,,,,
887,immediate,,[NGSL:1806] [1200원본] [초등800제외],1806,★★,,ch12 자리·수·때,시간과 때,,,,,
888,instant,,[NGSL밖] [1200원본] [초등800제외],,★★★,,ch12 자리·수·때,시간과 때,,,,,
889,nowadays,,[NGSL:2210] [1200원본] [초등800제외],2210,★★,,ch12 자리·수·때,시간과 때,,,,,
890,occasion,,[NGSL:1444] [1200원본] [초등800제외],1444,★★,,ch12 자리·수·때,시간과 때,,,,,
891,past,,[NGSL:330] [1200원본] [초등800제외],330,★,,ch12 자리·수·때,시간과 때,,,,,
892,pause,,[NGSL:649] [1200원본] [초등800제외],649,★,,ch12 자리·수·때,시간과 때,,,,,
893,period,,[NGSL:382] [1200원본] [초등800제외],382,★,,ch12 자리·수·때,시간과 때,,,,,
894,previous,,[NGSL:922] [1200원본] [초등800제외],922,★,,ch12 자리·수·때,시간과 때,,,,,
895,rapid,,[NGSL:2389] [1200원본] [초등800제외],2389,★★,,ch12 자리·수·때,시간과 때,,,,,
896,recent,,[NGSL:641] [1200원본] [초등800제외],641,★,,ch12 자리·수·때,시간과 때,,,,,
897,remain,,[NGSL:374] [1200원본] [초등800제외],374,★,,ch12 자리·수·때,시간과 때,,,,,
898,still,,[NGSL:119] [1200원본] [초등800제외],119,★,,ch12 자리·수·때,시간과 때,,,,,
899,sudden,,[NGSL:1940] [1200원본] [초등800제외],1940,★★,,ch12 자리·수·때,시간과 때,,,,,
900,term,,[NGSL:280] [1200원본] [초등800제외],280,★,,ch12 자리·수·때,시간과 때,,,,,
901,billion,,[NGSL밖] [1200원본] [초등800제외],,★★★,,ch12 자리·수·때,수와 셈,,,,,
902,calculate,,[NGSL:1925] [1200원본] [초등800제외],1925,★★,,ch12 자리·수·때,수와 셈,,,,,
903,degree,,[NGSL:798] [1200원본] [초등800제외],798,★,,ch12 자리·수·때,수와 셈,,,,,
904,dozen,,[NGSL:1765] [1200원본] [초등800제외],1765,★★,,ch12 자리·수·때,수와 셈,,,,,
905,level,,[NGSL:262] [1200원본] [초등800제외],262,★,,ch12 자리·수·때,수와 셈,,,,,
906,per,,[NGSL:373] [1200원본] [초등800제외],373,★,,ch12 자리·수·때,수와 셈,,,,,
907,quarter,,[NGSL:869] [1200원본] [초등800제외],869,★,,ch12 자리·수·때,수와 셈,,,,,
908,rate,,[NGSL:312] [1200원본] [초등800제외],312,★,,ch12 자리·수·때,수와 셈,,,,,
909,series,,[NGSL:723] [1200원본] [초등800제외],723,★,,ch12 자리·수·때,수와 셈,,,,,
910,weigh,,[NGSL:2481] [1200원본] [초등800제외],2481,★★,,ch12 자리·수·때,수와 셈,,,,,
911,absolute,,[NGSL:2398] [1200원본] [초등800제외],2398,★★,,ch12 자리·수·때,많고 적음,,,,,
912,amount,,[NGSL:507] [1200원본] [초등800제외],507,★,,ch12 자리·수·때,많고 적음,,,,,
913,average,,[NGSL:690] [1200원본] [초등800제외],690,★,,ch12 자리·수·때,많고 적음,,,,,
914,bit,,[NGSL:352] [1200원본] [초등800제외],352,★,,ch12 자리·수·때,많고 적음,,,,,
915,complete,,[NGSL:581] [1200원본] [초등800제외],581,★,,ch12 자리·수·때,많고 적음,,,,,
916,entire,,[NGSL:1185] [1200원본] [초등800제외],1185,★★,,ch12 자리·수·때,많고 적음,,,,,
917,extra,,[NGSL:1058] [1200원본] [초등800제외],1058,★★,,ch12 자리·수·때,많고 적음,,,,,
918,extreme,,[NGSL:1857] [1200원본] [초등800제외],1857,★★,,ch12 자리·수·때,많고 적음,,,,,
919,intense,,[NGSL:2564] [1200원본] [초등800제외],2564,★★,,ch12 자리·수·때,많고 적음,,,,,
920,limit,,[NGSL:572] [1200원본] [초등800제외],572,★,,ch12 자리·수·때,많고 적음,,,,,
921,major,,[NGSL:438] [1200원본] [초등800제외],438,★,,ch12 자리·수·때,많고 적음,,,,,
922,mass,,[NGSL:1236] [1200원본] [초등800제외],1236,★★,,ch12 자리·수·때,많고 적음,,,,,
923,maximum,,[NGSL:1841] [1200원본] [초등800제외],1841,★★,,ch12 자리·수·때,많고 적음,,,,,
924,minor,,[NGSL:1997] [1200원본] [초등800제외],1997,★★,,ch12 자리·수·때,많고 적음,,,,,
925,none,,[NGSL:1014] [1200원본] [초등800제외],1014,★★,,ch12 자리·수·때,많고 적음,,,,,
926,plenty,,[NGSL:1542] [1200원본] [초등800제외],1542,★★,,ch12 자리·수·때,많고 적음,,,,,
927,prime,,[NGSL:1838] [1200원본] [초등800제외],1838,★★,,ch12 자리·수·때,많고 적음,,,,,
928,quite,,[NGSL:277] [1200원본] [초등800제외],277,★,,ch12 자리·수·때,많고 적음,,,,,
929,range,,[NGSL:516] [1200원본] [초등800제외],516,★,,ch12 자리·수·때,많고 적음,,,,,
930,rare,,[NGSL:1763] [1200원본] [초등800제외],1763,★★,,ch12 자리·수·때,많고 적음,,,,,
931,sample,,[NGSL:1062] [1200원본] [초등800제외],1062,★★,,ch12 자리·수·때,많고 적음,,,,,
932,several,,[NGSL:348] [1200원본] [초등800제외],348,★,,ch12 자리·수·때,많고 적음,,,,,
933,slight,,[NGSL:2042] [1200원본] [초등800제외],2042,★★,,ch12 자리·수·때,많고 적음,,,,,
934,spare,,[NGSL:2126] [1200원본] [초등800제외],2126,★★,,ch12 자리·수·때,많고 적음,,,,,
935,stuff,,[NGSL:752] [1200원본] [초등800제외],752,★,,ch12 자리·수·때,많고 적음,,,,,
936,sum,,[NGSL:1375] [1200원본] [초등800제외],1375,★★,,ch12 자리·수·때,많고 적음,,,,,
937,total,,[NGSL:569] [1200원본] [초등800제외],569,★,,ch12 자리·수·때,많고 적음,,,,,
938,access,,[NGSL:802] [1200원본] [초등800제외],802,★,,ch12 자리·수·때,정도와 범위말,,,,,
939,account,,[NGSL:436] [1200원본] [초등800제외],436,★,,ch12 자리·수·때,정도와 범위말,,,,,
940,affair,,[NGSL:1448] [1200원본] [초등800제외],1448,★★,,ch12 자리·수·때,정도와 범위말,,,,,
941,appeal,,[NGSL:1073] [1200원본] [초등800제외],1073,★★,,ch12 자리·수·때,정도와 범위말,,,,,
942,basis,,[NGSL:909] [1200원본] [초등800제외],909,★,,ch12 자리·수·때,정도와 범위말,,,,,
943,brief,,[NGSL:1270] [1200원본] [초등800제외],1270,★★,,ch12 자리·수·때,정도와 범위말,,,,,
944,characteristic,,[NGSL:1582] [1200원본] [초등800제외],1582,★★,,ch12 자리·수·때,정도와 범위말,,,,,
945,common,,[NGSL:567] [1200원본] [초등800제외],567,★,,ch12 자리·수·때,정도와 범위말,,,,,
946,conscious,,[NGSL밖] [1200원본] [초등800제외],,★★★,,ch12 자리·수·때,정도와 범위말,,,,,
947,content,,[NGSL:1025] [1200원본] [초등800제외],1025,★★,,ch12 자리·수·때,정도와 범위말,,,,,
948,each,,[NGSL:145] [1200원본] [초등800제외],145,★,,ch12 자리·수·때,정도와 범위말,,,,,
949,else,,[NGSL:466] [1200원본] [초등800제외],466,★,,ch12 자리·수·때,정도와 범위말,,,,,
950,especial,,[NGSL밖] [1200원본] [초등800제외],,★★★,,ch12 자리·수·때,정도와 범위말,,,,,
951,ever,,[NGSL:317] [1200원본] [초등800제외],317,★,,ch12 자리·수·때,정도와 범위말,,,,,
952,exact,,[NGSL:2327] [1200원본] [초등800제외],2327,★★,,ch12 자리·수·때,정도와 범위말,,,,,
953,final,,[NGSL:698] [1200원본] [초등800제외],698,★,,ch12 자리·수·때,정도와 범위말,,,,,
954,general,,[NGSL:404] [1200원본] [초등800제외],404,★,,ch12 자리·수·때,정도와 범위말,,,,,
955,indeed,,[NGSL:697] [1200원본] [초등800제외],697,★,,ch12 자리·수·때,정도와 범위말,,,,,
956,instance,,[NGSL:864] [1200원본] [초등800제외],864,★,,ch12 자리·수·때,정도와 범위말,,,,,
957,item,,[NGSL:747] [1200원본] [초등800제외],747,★,,ch12 자리·수·때,정도와 범위말,,,,,
958,main,,[NGSL:453] [1200원본] [초등800제외],453,★,,ch12 자리·수·때,정도와 범위말,,,,,
959,manner,,[NGSL:1441] [1200원본] [초등800제외],1441,★★,,ch12 자리·수·때,정도와 범위말,,,,,
960,maybe,,[NGSL:464] [1200원본] [초등800제외],464,★,,ch12 자리·수·때,정도와 범위말,,,,,
961,mean,,[NGSL:95] [1200원본] [초등800제외],95,★,,ch12 자리·수·때,정도와 범위말,,,,,
962,nowhere,,[NGSL:2638] [1200원본] [초등800제외],2638,★★,,ch12 자리·수·때,정도와 범위말,,,,,
963,overall,,[NGSL:1113] [1200원본] [초등800제외],1113,★★,,ch12 자리·수·때,정도와 범위말,,,,,
964,particular,,[NGSL:467] [1200원본] [초등800제외],467,★,,ch12 자리·수·때,정도와 범위말,,,,,
965,perhaps,,[NGSL:413] [1200원본] [초등800제외],413,★,,ch12 자리·수·때,정도와 범위말,,,,,
966,plus,,[NGSL:1256] [1200원본] [초등800제외],1256,★★,,ch12 자리·수·때,정도와 범위말,,,,,
967,possible,,[NGSL:290] [1200원본] [초등800제외],290,★,,ch12 자리·수·때,정도와 범위말,,,,,
968,probable,,[NGSL밖] [1200원본] [초등800제외],,★★★,,ch12 자리·수·때,정도와 범위말,,,,,
969,section,,[NGSL:668] [1200원본] [초등800제외],668,★,,ch12 자리·수·때,정도와 범위말,,,,,
970,session,,[NGSL:1558] [1200원본] [초등800제외],1558,★★,,ch12 자리·수·때,정도와 범위말,,,,,
971,somewhat,,[NGSL:1679] [1200원본] [초등800제외],1679,★★,,ch12 자리·수·때,정도와 범위말,,,,,
972,such,,[NGSL:100] [1200원본] [초등800제외],100,★,,ch12 자리·수·때,정도와 범위말,,,,,
973,various,,[NGSL:682] [1200원본] [초등800제외],682,★,,ch12 자리·수·때,정도와 범위말,,,,,
974,balance,,[NGSL:907] [1200원본] [초등800제외],907,★,,ch12 자리·수·때,크기와 모양,,,,,
975,broad,,[NGSL:1330] [1200원본] [초등800제외],1330,★★,,ch12 자리·수·때,크기와 모양,,,,,
976,enormous,,[NGSL:1780] [1200원본] [초등800제외],1780,★★,,ch12 자리·수·때,크기와 모양,,,,,
977,expand,,[NGSL:1321] [1200원본] [초등800제외],1321,★★,,ch12 자리·수·때,크기와 모양,,,,,
978,extend,,[NGSL:950] [1200원본] [초등800제외],950,★,,ch12 자리·수·때,크기와 모양,,,,,
979,figure,,[NGSL:357] [1200원본] [초등800제외],357,★,,ch12 자리·수·때,크기와 모양,,,,,
980,flat,,[NGSL:1077] [1200원본] [초등800제외],1077,★★,,ch12 자리·수·때,크기와 모양,,,,,
981,giant,,[NGSL:2227] [1200원본] [초등800제외],2227,★★,,ch12 자리·수·때,크기와 모양,,,,,
982,grand,,[NGSL:2093] [1200원본] [초등800제외],2093,★★,,ch12 자리·수·때,크기와 모양,,,,,
983,huge,,[NGSL:862] [1200원본] [초등800제외],862,★,,ch12 자리·수·때,크기와 모양,,,,,
984,loose,,[NGSL:2185] [1200원본] [초등800제외],2185,★★,,ch12 자리·수·때,크기와 모양,,,,,
985,narrow,,[NGSL:1585] [1200원본] [초등800제외],1585,★★,,ch12 자리·수·때,크기와 모양,,,,,
986,neat,,[NGSL밖] [1200원본] [초등800제외],,★★★,,ch12 자리·수·때,크기와 모양,,,,,
987,pattern,,[NGSL:883] [1200원본] [초등800제외],883,★,,ch12 자리·수·때,크기와 모양,,,,,
988,plain,,[NGSL:1961] [1200원본] [초등800제외],1961,★★,,ch12 자리·수·때,크기와 모양,,,,,
989,pure,,[NGSL:2264] [1200원본] [초등800제외],2264,★★,,ch12 자리·수·때,크기와 모양,,,,,
990,rough,,[NGSL:2319] [1200원본] [초등800제외],2319,★★,,ch12 자리·수·때,크기와 모양,,,,,
991,scale,,[NGSL:1199] [1200원본] [초등800제외],1199,★★,,ch12 자리·수·때,크기와 모양,,,,,
992,sharp,,[NGSL:1846] [1200원본] [초등800제외],1846,★★,,ch12 자리·수·때,크기와 모양,,,,,
993,smooth,,[NGSL:2241] [1200원본] [초등800제외],2241,★★,,ch12 자리·수·때,크기와 모양,,,,,
994,solid,,[NGSL:2050] [1200원본] [초등800제외],2050,★★,,ch12 자리·수·때,크기와 모양,,,,,
995,super,,[NGSL밖] [1200원본] [초등800제외],,★★★,,ch12 자리·수·때,크기와 모양,,,,,
996,tight,,[NGSL:2083] [1200원본] [초등800제외],2083,★★,,ch12 자리·수·때,크기와 모양,,,,,
997,tiny,,[NGSL:1636] [1200원본] [초등800제외],1636,★★,,ch12 자리·수·때,크기와 모양,,,,,
998,triangle,,[NGSL밖] [1200원본] [초등800제외],,★★★,,ch12 자리·수·때,크기와 모양,,,,,
999,volume,,[NGSL:1364] [1200원본] [초등800제외],1364,★★,,ch12 자리·수·때,크기와 모양,,,,,
1000,altogether,,[NGSL:2678] [1200원본] [초등800제외],2678,★★,,ch12 자리·수·때,이음말,,,,,
1001,despite,,[NGSL:771] [1200원본] [초등800제외],771,★,,ch12 자리·수·때,이음말,,,,,
1002,either,,[NGSL:371] [1200원본] [초등800제외],371,★,,ch12 자리·수·때,이음말,,,,,
1003,even,,[NGSL:96] [1200원본] [초등800제외],96,★,,ch12 자리·수·때,이음말,,,,,
1004,except,,[NGSL:841] [1200원본] [초등800제외],841,★,,ch12 자리·수·때,이음말,,,,,
1005,instead,,[NGSL:553] [1200원본] [초등800제외],553,★,,ch12 자리·수·때,이음말,,,,,
1006,moreover,,[NGSL:1403] [1200원본] [초등800제외],1403,★★,,ch12 자리·수·때,이음말,,,,,
1007,neither,,[NGSL:1216] [1200원본] [초등800제외],1216,★★,,ch12 자리·수·때,이음말,,,,,
1008,nor,,[NGSL:967] [1200원본] [초등800제외],967,★,,ch12 자리·수·때,이음말,,,,,
1009,otherwise,,[NGSL:1056] [1200원본] [초등800제외],1056,★★,,ch12 자리·수·때,이음말,,,,,
1010,ought,,[NGSL:1477] [1200원본] [초등800제외],1477,★★,,ch12 자리·수·때,이음말,,,,,
1011,rather,,[NGSL:292] [1200원본] [초등800제외],292,★,,ch12 자리·수·때,이음말,,,,,
1012,therefore,,[NGSL:525] [1200원본] [초등800제외],525,★,,ch12 자리·수·때,이음말,,,,,
1013,though,,[NGSL:227] [1200원본] [초등800제외],227,★,,ch12 자리·수·때,이음말,,,,,
1014,thus,,[NGSL:684] [1200원본] [초등800제외],684,★,,ch12 자리·수·때,이음말,,,,,
1015,whole,,[NGSL:310] [1200원본] [초등800제외],310,★,,ch12 자리·수·때,이음말,,,,,
1016,would,,[NGSL:36] [1200원본] [초등800제외],36,★,,ch12 자리·수·때,이음말,,,,,
1017,apply,,[NGSL:611] [1200원본] [초등800제외],611,★,,ch12 자리·수·때,하고 다루기,,,,,
1018,attempt,,[NGSL:686] [1200원본] [초등800제외],686,★,,ch12 자리·수·때,하고 다루기,,,,,
1019,challenge,,[NGSL:766] [1200원본] [초등800제외],766,★,,ch12 자리·수·때,하고 다루기,,,,,
1020,cope,,[NGSL:1901] [1200원본] [초등800제외],1901,★★,,ch12 자리·수·때,하고 다루기,,,,,
1021,dare,,[NGSL:2401] [1200원본] [초등800제외],2401,★★,,ch12 자리·수·때,하고 다루기,,,,,
1022,deal,,[NGSL:321] [1200원본] [초등800제외],321,★,,ch12 자리·수·때,하고 다루기,,,,,
1023,effort,,[NGSL:577] [1200원본] [초등800제외],577,★,,ch12 자리·수·때,하고 다루기,,,,,
1024,manage,,[NGSL:625] [1200원본] [초등800제외],625,★,,ch12 자리·수·때,하고 다루기,,,,,
1025,operate,,[NGSL:915] [1200원본] [초등800제외],915,★,,ch12 자리·수·때,하고 다루기,,,,,
1026,perform,,[NGSL:935] [1200원본] [초등800제외],935,★,,ch12 자리·수·때,하고 다루기,,,,,
1027,process,,[NGSL:286] [1200원본] [초등800제외],286,★,,ch12 자리·수·때,하고 다루기,,,,,
1028,quit,,[NGSL밖] [1200원본] [초등800제외],,★★★,,ch12 자리·수·때,하고 다루기,,,,,
1029,react,,[NGSL:2377] [1200원본] [초등800제외],2377,★★,,ch12 자리·수·때,하고 다루기,,,,,
1030,risk,,[NGSL:545] [1200원본] [초등800제외],545,★,,ch12 자리·수·때,하고 다루기,,,,,
1031,belong,,[NGSL:1412] [1200원본] [초등800제외],1412,★★,,ch12 자리·수·때,갖고 지니기,,,,,
1032,contain,,[NGSL:663] [1200원본] [초등800제외],663,★,,ch12 자리·수·때,갖고 지니기,,,,,
1033,gain,,[NGSL:737] [1200원본] [초등800제외],737,★,,ch12 자리·수·때,갖고 지니기,,,,,
1034,include,,[NGSL:163] [1200원본] [초등800제외],163,★,,ch12 자리·수·때,갖고 지니기,,,,,
1035,maintain,,[NGSL:943] [1200원본] [초등800제외],943,★,,ch12 자리·수·때,갖고 지니기,,,,,
1036,own,,[NGSL:129] [1200원본] [초등800제외],129,★,,ch12 자리·수·때,갖고 지니기,,,,,
1037,possess,,[NGSL:2413] [1200원본] [초등800제외],2413,★★,,ch12 자리·수·때,갖고 지니기,,,,,
1038,advance,,[NGSL:844] [1200원본] [초등800제외],844,★,,ch12 자리·수·때,가고 오기,,,,,
1039,appear,,[NGSL:405] [1200원본] [초등800제외],405,★,,ch12 자리·수·때,가고 오기,,,,,
1040,approach,,[NGSL:495] [1200원본] [초등800제외],495,★,,ch12 자리·수·때,가고 오기,,,,,
1041,proceed,,[NGSL:1367] [1200원본] [초등800제외],1367,★★,,ch12 자리·수·때,가고 오기,,,,,
1042,progress,,[NGSL:1101] [1200원본] [초등800제외],1101,★★,,ch12 자리·수·때,가고 오기,,,,,
1043,reach,,[NGSL:380] [1200원본] [초등800제외],380,★,,ch12 자리·수·때,가고 오기,,,,,
1044,retire,,[NGSL:1635] [1200원본] [초등800제외],1635,★★,,ch12 자리·수·때,가고 오기,,,,,
1045,bury,,[NGSL:2406] [1200원본] [초등800제외],2406,★★,,ch12 자리·수·때,닫고 파묻기,,,,,
1046,spread,,[NGSL:1197] [1200원본] [초등800제외],1197,★★,,ch12 자리·수·때,닫고 파묻기,,,,,
1047,trap,,[NGSL:2184] [1200원본] [초등800제외],2184,★★,,ch12 자리·수·때,닫고 파묻기,,,,,
1048,accident,,[NGSL:1349] [1200원본] [초등800제외],1349,★★,,ch12 자리·수·때,사고와 위험,,,,,
1049,alarm,,[NGSL:2271] [1200원본] [초등800제외],2271,★★,,ch12 자리·수·때,사고와 위험,,,,,
1050,ambulance,,[NGSL밖] [1200원본] [초등800제외],,★★★,,ch12 자리·수·때,사고와 위험,,,,,
1051,avoid,,[NGSL:851] [1200원본] [초등800제외],851,★,,ch12 자리·수·때,사고와 위험,,,,,
1052,crisis,,[NGSL:1302] [1200원본] [초등800제외],1302,★★,,ch12 자리·수·때,사고와 위험,,,,,
1053,prevent,,[NGSL:1026] [1200원본] [초등800제외],1026,★★,,ch12 자리·수·때,사고와 위험,,,,,
1054,secure,,[NGSL:1523] [1200원본] [초등800제외],1523,★★,,ch12 자리·수·때,사고와 위험,,,,,
1055,warn,,[NGSL:1132] [1200원본] [초등800제외],1132,★★,,ch12 자리·수·때,사고와 위험,,,,,
1056,purple,,[NGSL밖] [1200원본] [초등800제외],,★★★,,ch12 자리·수·때,색과 빛,,,,,
1057,depth,,[NGSL:2224] [신규투입] [초등800제외],2224,★★,,미배정,신규 투입,,,,,
1058,vast,,[NGSL:1802] [신규투입] [초등800제외],1802,★★,,미배정,신규 투입,,,,,
1059,emerge,,[NGSL:1211] [신규투입] [초등800제외],1211,★★,,미배정,신규 투입,,,,,
1060,preserve,,[NGSL:1935] [신규투입] [초등800제외],1935,★★,,미배정,신규 투입,,,,,
1061,ancient,,[NGSL:1727] [신규투입] [초등800제외],1727,★★,,미배정,신규 투입,,,,,
1062,phenomenon,,[NGSL:2096] [신규투입] [초등800제외],2096,★★,,미배정,신규 투입,,,,,
1063,difficulty,,[NGSL:1001] [신규투입] [초등800제외],1001,★★,,미배정,신규 투입,,,,,
1064,independent,,[NGSL:1006] [신규투입] [초등800제외],1006,★★,,미배정,신규 투입,,,,,
1065,majority,,[NGSL:1009] [신규투입] [초등800제외],1009,★★,,미배정,신규 투입,,,,,
1066,blood,,[NGSL:1018] [신규투입] [초등800제외],1018,★★,,미배정,신규 투입,,,,,
1067,appropriate,,[NGSL:1019] [신규투입] [초등800제외],1019,★★,,미배정,신규 투입,,,,,
1068,writer,,[NGSL:1024] [신규투입] [초등800제외],1024,★★,,미배정,신규 투입,,,,,
1069,safe,,[NGSL:1027] [신규투입] [초등800제외],1027,★★,,미배정,신규 투입,,,,,
1070,invite,,[NGSL:1028] [신규투입] [초등800제외],1028,★★,,미배정,신규 투입,,,,,
1071,effective,,[NGSL:1031] [신규투입] [초등800제외],1031,★★,,미배정,신규 투입,,,,,
1072,trial,,[NGSL:1043] [신규투입] [초등800제외],1043,★★,,미배정,신규 투입,,,,,
1073,directly,,[NGSL:1051] [신규투입] [초등800제외],1051,★★,,미배정,신규 투입,,,,,
1074,conduct,,[NGSL:1054] [신규투입] [초등800제외],1054,★★,,미배정,신규 투입,,,,,
1075,equipment,,[NGSL:1055] [신규투입] [초등800제외],1055,★★,,미배정,신규 투입,,,,,
1076,expensive,,[NGSL:1061] [신규투입] [초등800제외],1061,★★,,미배정,신규 투입,,,,,
1077,connection,,[NGSL:1066] [신규투입] [초등800제외],1066,★★,,미배정,신규 투입,,,,,
1078,primary,,[NGSL:1067] [신규투입] [초등800제외],1067,★★,,미배정,신규 투입,,,,,
1079,collect,,[NGSL:1069] [신규투입] [초등800제외],1069,★★,,미배정,신규 투입,,,,,
1080,highly,,[NGSL:1074] [신규투입] [초등800제외],1074,★★,,미배정,신규 투입,,,,,
1081,wonderful,,[NGSL:1076] [신규투입] [초등800제외],1076,★★,,미배정,신규 투입,,,,,
1082,absolutely,,[NGSL:1078] [신규투입] [초등800제외],1078,★★,,미배정,신규 투입,,,,,
1083,additional,,[NGSL:1081] [신규투입] [초등800제외],1081,★★,,미배정,신규 투입,,,,,
1084,collection,,[NGSL:1084] [신규투입] [초등800제외],1084,★★,,미배정,신규 투입,,,,,
1085,hang,,[NGSL:1085] [신규투입] [초등800제외],1085,★★,,미배정,신규 투입,,,,,
1086,negative,,[NGSL:1086] [신규투입] [초등800제외],1086,★★,,미배정,신규 투입,,,,,
1087,relative,,[NGSL:1088] [신규투입] [초등800제외],1088,★★,,미배정,신규 투입,,,,,
1088,alternative,,[NGSL:1090] [신규투입] [초등800제외],1090,★★,,미배정,신규 투입,,,,,
1089,double,,[NGSL:1096] [신규투입] [초등800제외],1096,★★,,미배정,신규 투입,,,,,
1090,nobody,,[NGSL:1103] [신규투입] [초등800제외],1103,★★,,미배정,신규 투입,,,,,
1091,slightly,,[NGSL:1112] [신규투입] [초등800제외],1112,★★,,미배정,신규 투입,,,,,
1092,reveal,,[NGSL:1124] [신규투입] [초등800제외],1124,★★,,미배정,신규 투입,,,,,
1093,status,,[NGSL:1127] [신규투입] [초등800제외],1127,★★,,미배정,신규 투입,,,,,
1094,decline,,[NGSL:1129] [신규투입] [초등800제외],1129,★★,,미배정,신규 투입,,,,,
1095,partner,,[NGSL:1136] [신규투입] [초등800제외],1136,★★,,미배정,신규 투입,,,,,
1096,eventually,,[NGSL:1140] [신규투입] [초등800제외],1140,★★,,미배정,신규 투입,,,,,
1097,heat,,[NGSL:1141] [신규투입] [초등800제외],1141,★★,,미배정,신규 투입,,,,,
1098,reader,,[NGSL:1143] [신규투입] [초등800제외],1143,★★,,미배정,신규 투입,,,,,
1099,importance,,[NGSL:1144] [신규투입] [초등800제외],1144,★★,,미배정,신규 투입,,,,,
1100,mistake,,[NGSL:1152] [신규투입] [초등800제외],1152,★★,,미배정,신규 투입,,,,,
1101,ensure,,[NGSL:1153] [신규투입] [초등800제외],1153,★★,,미배정,신규 투입,,,,,
1102,procedure,,[NGSL:1168] [신규투입] [초등800제외],1168,★★,,미배정,신규 투입,,,,,
1103,global,,[NGSL:1170] [신규투입] [초등800제외],1170,★★,,미배정,신규 투입,,,,,
1104,extent,,[NGSL:1175] [신규투입] [초등800제외],1175,★★,,미배정,신규 투입,,,,,
1105,fully,,[NGSL:1178] [신규투입] [초등800제외],1178,★★,,미배정,신규 투입,,,,,
1106,contrast,,[NGSL:1179] [신규투입] [초등800제외],1179,★★,,미배정,신규 투입,,,,,
1107,reality,,[NGSL:1181] [신규투입] [초등800제외],1181,★★,,미배정,신규 투입,,,,,
1108,artist,,[NGSL:1183] [신규투입] [초등800제외],1183,★★,,미배정,신규 투입,,,,,
1109,driver,,[NGSL:1200] [신규투입] [초등800제외],1200,★★,,미배정,신규 투입,,,,,
1110,introduction,,[NGSL:1203] [신규투입] [초등800제외],1203,★★,,미배정,신규 투입,,,,,
1111,requirement,,[NGSL:1204] [신규투입] [초등800제외],1204,★★,,미배정,신규 투입,,,,,
1112,reform,,[NGSL:1215] [신규투입] [초등800제외],1215,★★,,미배정,신규 투입,,,,,
1113,football,,[NGSL:1217] [신규투입] [초등800제외],1217,★★,,미배정,신규 투입,,,,,
1114,improvement,,[NGSL:1226] [신규투입] [초등800제외],1226,★★,,미배정,신규 투입,,,,,
1115,consequence,,[NGSL:1228] [신규투입] [초등800제외],1228,★★,,미배정,신규 투입,,,,,
1116,reaction,,[NGSL:1231] [신규투입] [초등800제외],1231,★★,,미배정,신규 투입,,,,,
1117,funny,,[NGSL:1237] [신규투입] [초등800제외],1237,★★,,미배정,신규 투입,,,,,
1118,failure,,[NGSL:1239] [신규투입] [초등800제외],1239,★★,,미배정,신규 투입,,,,,
1119,speaker,,[NGSL:1241] [신규투입] [초등800제외],1241,★★,,미배정,신규 투입,,,,,
1120,bottom,,[NGSL:1242] [신규투입] [초등800제외],1242,★★,,미배정,신규 투입,,,,,
1121,marriage,,[NGSL:1248] [신규투입] [초등800제외],1248,★★,,미배정,신규 투입,,,,,
1122,colleague,,[NGSL:1251] [신규투입] [초등800제외],1251,★★,,미배정,신규 투입,,,,,
1123,expression,,[NGSL:1255] [신규투입] [초등800제외],1255,★★,,미배정,신규 투입,,,,,
1124,extremely,,[NGSL:1257] [신규투입] [초등800제외],1257,★★,,미배정,신규 투입,,,,,
1125,owner,,[NGSL:1258] [신규투입] [초등800제외],1258,★★,,미배정,신규 투입,,,,,
1126,commercial,,[NGSL:1260] [신규투입] [초등800제외],1260,★★,,미배정,신규 투입,,,,,
1127,strength,,[NGSL:1263] [신규투입] [초등800제외],1263,★★,,미배정,신규 투입,,,,,
1128,cultural,,[NGSL:1265] [신규투입] [초등800제외],1265,★★,,미배정,신규 투입,,,,,
1129,scheme,,[NGSL:1267] [신규투입] [초등800제외],1267,★★,,미배정,신규 투입,,,,,
1130,payment,,[NGSL:1268] [신규투입] [초등800제외],1268,★★,,미배정,신규 투입,,,,,
1131,unfortunately,,[NGSL:1269] [신규투입] [초등800제외],1269,★★,,미배정,신규 투입,,,,,
1132,contribution,,[NGSL:1273] [신규투입] [초등800제외],1273,★★,,미배정,신규 투입,,,,,
1133,chapter,,[NGSL:1275] [신규투입] [초등800제외],1275,★★,,미배정,신규 투입,,,,,
1134,apparently,,[NGSL:1277] [신규투입] [초등800제외],1277,★★,,미배정,신규 투입,,,,,
1135,novel,,[NGSL:1278] [신규투입] [초등800제외],1278,★★,,미배정,신규 투입,,,,,
1136,union,,[NGSL:1279] [신규투입] [초등800제외],1279,★★,,미배정,신규 투입,,,,,
1137,trend,,[NGSL:1281] [신규투입] [초등800제외],1281,★★,,미배정,신규 투입,,,,,
1138,initial,,[NGSL:1282] [신규투입] [초등800제외],1282,★★,,미배정,신규 투입,,,,,
1139,pleasure,,[NGSL:1283] [신규투입] [초등800제외],1283,★★,,미배정,신규 투입,,,,,
1140,suggestion,,[NGSL:1284] [신규투입] [초등800제외],1284,★★,,미배정,신규 투입,,,,,
1141,critical,,[NGSL:1285] [신규투입] [초등800제외],1285,★★,,미배정,신규 투입,,,,,
1142,mostly,,[NGSL:1287] [신규투입] [초등800제외],1287,★★,,미배정,신규 투입,,,,,
1143,essential,,[NGSL:1290] [신규투입] [초등800제외],1290,★★,,미배정,신규 투입,,,,,
1144,currently,,[NGSL:1293] [신규투입] [초등800제외],1293,★★,,미배정,신규 투입,,,,,
1145,powerful,,[NGSL:1300] [신규투입] [초등800제외],1300,★★,,미배정,신규 투입,,,,,
1146,fan,,[NGSL:1306] [신규투입] [초등800제외],1306,★★,,미배정,신규 투입,,,,,
1147,safety,,[NGSL:1311] [신규투입] [초등800제외],1311,★★,,미배정,신규 투입,,,,,
1148,insurance,,[NGSL:1314] [신규투입] [초등800제외],1314,★★,,미배정,신규 투입,,,,,
1149,length,,[NGSL:1317] [신규투입] [초등800제외],1317,★★,,미배정,신규 투입,,,,,
1150,investigation,,[NGSL:1318] [신규투입] [초등800제외],1318,★★,,미배정,신규 투입,,,,,
1151,package,,[NGSL:1319] [신규투입] [초등800제외],1319,★★,,미배정,신규 투입,,,,,
1152,somewhere,,[NGSL:1320] [신규투입] [초등800제외],1320,★★,,미배정,신규 투입,,,,,
1153,commit,,[NGSL:1322] [신규투입] [초등800제외],1322,★★,,미배정,신규 투입,,,,,
1154,relatively,,[NGSL:1326] [신규투입] [초등800제외],1326,★★,,미배정,신규 투입,,,,,
1155,host,,[NGSL:1327] [신규투입] [초등800제외],1327,★★,,미배정,신규 투입,,,,,
1156,tire,,[NGSL:1331] [신규투입] [초등800제외],1331,★★,,미배정,신규 투입,,,,,
1157,actual,,[NGSL:1335] [신규투입] [초등800제외],1335,★★,,미배정,신규 투입,,,,,
1158,cash,,[NGSL:1339] [신규투입] [초등800제외],1339,★★,,미배정,신규 투입,,,,,
1159,hardly,,[NGSL:1340] [신규투입] [초등800제외],1340,★★,,미배정,신규 투입,,,,,
1160,consideration,,[NGSL:1344] [신규투입] [초등800제외],1344,★★,,미배정,신규 투입,,,,,
1161,possibly,,[NGSL:1347] [신규투입] [초등800제외],1347,★★,,미배정,신규 투입,,,,,
1162,impossible,,[NGSL:1350] [신규투입] [초등800제외],1350,★★,,미배정,신규 투입,,,,,
1163,enable,,[NGSL:1352] [신규투입] [초등800제외],1352,★★,,미배정,신규 투입,,,,,
1164,active,,[NGSL:1354] [신규투입] [초등800제외],1354,★★,,미배정,신규 투입,,,,,
1165,conclude,,[NGSL:1355] [신규투입] [초등800제외],1355,★★,,미배정,신규 투입,,,,,
1166,religious,,[NGSL:1356] [신규투입] [초등800제외],1356,★★,,미배정,신규 투입,,,,,
1167,cancer,,[NGSL:1357] [신규투입] [초등800제외],1357,★★,,미배정,신규 투입,,,,,
1168,environmental,,[NGSL:1360] [신규투입] [초등800제외],1360,★★,,미배정,신규 투입,,,,,
1169,healthy,,[NGSL:1362] [신규투입] [초등800제외],1362,★★,,미배정,신규 투입,,,,,
1170,location,,[NGSL:1365] [신규투입] [초등800제외],1365,★★,,미배정,신규 투입,,,,,
1171,whereas,,[NGSL:1372] [신규투입] [초등800제외],1372,★★,,미배정,신규 투입,,,,,
1172,opposite,,[NGSL:1373] [신규투입] [초등800제외],1373,★★,,미배정,신규 투입,,,,,
1173,murder,,[NGSL:1376] [신규투입] [초등800제외],1376,★★,,미배정,신규 투입,,,,,
1174,egg,,[NGSL:1381] [신규투입] [초등800제외],1381,★★,,미배정,신규 투입,,,,,
1175,comfortable,,[NGSL:1384] [신규투입] [초등800제외],1384,★★,,미배정,신규 투입,,,,,
1176,carefully,,[NGSL:1386] [신규투입] [초등800제외],1386,★★,,미배정,신규 투입,,,,,
1177,recall,,[NGSL:1388] [신규투입] [초등800제외],1388,★★,,미배정,신규 투입,,,,,
1178,wine,,[NGSL:1389] [신규투입] [초등800제외],1389,★★,,미배정,신규 투입,,,,,
1179,totally,,[NGSL:1396] [신규투입] [초등800제외],1396,★★,,미배정,신규 투입,,,,,
1180,visitor,,[NGSL:1398] [신규투입] [초등800제외],1398,★★,,미배정,신규 투입,,,,,
1181,freedom,,[NGSL:1399] [신규투입] [초등800제외],1399,★★,,미배정,신규 투입,,,,,
1182,construction,,[NGSL:1400] [신규투입] [초등800제외],1400,★★,,미배정,신규 투입,,,,,
1183,dear,,[NGSL:1401] [신규투입] [초등800제외],1401,★★,,미배정,신규 투입,,,,,
1184,objective,,[NGSL:1402] [신규투입] [초등800제외],1402,★★,,미배정,신규 투입,,,,,
1185,onto,,[NGSL:1404] [신규투입] [초등800제외],1404,★★,,미배정,신규 투입,,,,,
1186,historical,,[NGSL:1405] [신규투입] [초등800제외],1405,★★,,미배정,신규 투입,,,,,
1187,scientist,,[NGSL:1409] [신규투입] [초등800제외],1409,★★,,미배정,신규 투입,,,,,
1188,dangerous,,[NGSL:1419] [신규투입] [초등800제외],1419,★★,,미배정,신규 투입,,,,,
1189,decrease,,[NGSL:1420] [신규투입] [초등800제외],1420,★★,,미배정,신규 투입,,,,,
1190,editor,,[NGSL:1423] [신규투입] [초등800제외],1423,★★,,미배정,신규 투입,,,,,
1191,normally,,[NGSL:1424] [신규투입] [초등800제외],1424,★★,,미배정,신규 투입,,,,,
1192,generate,,[NGSL:1426] [신규투입] [초등800제외],1426,★★,,미배정,신규 투입,,,,,
1193,delivery,,[NGSL:1428] [신규투입] [초등800제외],1428,★★,,미배정,신규 투입,,,,,
1194,anybody,,[NGSL:1431] [신규투입] [초등800제외],1431,★★,,미배정,신규 투입,,,,,
1195,bedroom,,[NGSL:1432] [신규투입] [초등800제외],1432,★★,,미배정,신규 투입,,,,,
1196,basically,,[NGSL:1435] [신규투입] [초등800제외],1435,★★,,미배정,신규 투입,,,,,
1197,violence,,[NGSL:1436] [신규투입] [초등800제외],1436,★★,,미배정,신규 투입,,,,,
1198,minister,,[NGSL:1437] [신규투입] [초등800제외],1437,★★,,미배정,신규 투입,,,,,
1199,mainly,,[NGSL:1438] [신규투입] [초등800제외],1438,★★,,미배정,신규 투입,,,,,
1200,technical,,[NGSL:1458] [신규투입] [초등800제외],1458,★★,,미배정,신규 투입,,,,,
